{
  "cities": [
    {
      "number_of_city": 0,
      "x": 0,
      "y": 0
    },
    {
      "number_of_city": 1,
      "x": -152,
      "y": -997
    },
    {
      "number_of_city": 2,
      "x": 158,
      "y": 34
    }
  ],
  "distance_matrix": {
    "0": {
      "2": 161.6168308066954
    },
    "1": {
      "2": 1076.596953367415
    },
    "2": {
      "2": 0.0
    }
  },
  "stats": {
    "x": {
      "min": -152,
      "avg": 2.0,
      "stdev": 155.00967711726904,
      "median": 0.0,
      "q1": -76.0,
      "q3": 79.0,
      "max": 158
    },
    "y": {
      "min": -997,
      "avg": -321.0,
      "stdev": 585.6799467285865,
      "median": 0.0,
      "q1": -498.5,
      "q3": 17.0,
      "max": 34
    }
  }
}