{"cities": [{"number_of_city": 0, "x": 0, "y": 0}, {"number_of_city": 1, "x": -127, "y": 479}, {"number_of_city": 2, "x": -577, "y": -640}], "distance_matrix": {"0": {"2": 861.7012243231409}, "1": {"2": 1206.093279974646}, "2": {"2": 0.0}}, "stats": {"x": {"min": -577, "avg": -234.66666666666666, "stdev": 303.19355753929426, "median": -127.0, "q1": -352.0, "q3": -63.5, "max": 0}, "y": {"min": -640, "avg": -53.666666666666664, "stdev": 561.4270507673579, "median": 0.0, "q1": -320.0, "q3": 239.5, "max": 479}}}