{
  "cities": [
    {
      "number_of_city": 0,
      "x": 0,
      "y": 0
    },
    {
      "number_of_city": 1,
      "x": -139,
      "y": -483
    },
    {
      "number_of_city": 2,
      "x": -857,
      "y": -907
    }
  ],
  "distance_matrix": {
    "0": {
      "2": 1247.8373291419039
    },
    "1": {
      "2": 833.8465086573187
    },
    "2": {
      "2": 0.0
    }
  },
  "stats": {
    "x": {
      "min": -857,
      "avg": -332.0,
      "stdev": 459.9445618767549,
      "median": -139.0,
      "q1": -498.0,
      "q3": -69.5,
      "max": 0
    },
    "y": {
      "min": -907,
      "avg": -463.3333333333333,
      "stdev": 453.8197145710324,
      "median": -483.0,
      "q1": -695.0,
      "q3": -241.5,
      "max": 0
    }
  }
}