{"cities": [{"number_of_city": 0, "x": 0, "y": 0}, {"number_of_city": 1, "x": -537, "y": -742}, {"number_of_city": 2, "x": 1000, "y": -195}], "distance_matrix": {"0": {"2": 1018.8351191434265}, "1": {"2": 1631.434338243498}, "2": {"2": 0.0}}, "stats": {"x": {"min": -537, "avg": 154.33333333333334, "stdev": 780.0361102752444, "median": 0.0, "q1": -268.5, "q3": 500.0, "max": 1000}, "y": {"min": -742, "avg": -312.3333333333333, "stdev": 384.6639225783116, "median": -195.0, "q1": -468.5, "q3": -97.5, "max": 0}}}