{
  "cities": [
    {
      "number_of_city": 0,
      "x": 0,
      "y": 0
    },
    {
      "number_of_city": 1,
      "x": -239,
      "y": 700
    },
    {
      "number_of_city": 2,
      "x": 95,
      "y": 994
    }
  ],
  "distance_matrix": {
    "0": {
      "2": 998.5294186953131
    },
    "1": {
      "2": 444.9629198034371
    },
    "2": {
      "2": 0.0
    }
  },
  "stats": {
    "x": {
      "min": -239,
      "avg": -48.0,
      "stdev": 172.09590349569626,
      "median": 0.0,
      "q1": -119.5,
      "q3": 47.5,
      "max": 95
    },
    "y": {
      "min": 0,
      "avg": 564.6666666666666,
      "stdev": 510.6322877896905,
      "median": 700.0,
      "q1": 350.0,
      "q3": 847.0,
      "max": 994
    }
  }
}