{
  "cities": [
    {
      "number_of_city": 0,
      "x": 0,
      "y": 0
    },
    {
      "number_of_city": 1,
      "x": 331,
      "y": -754
    },
    {
      "number_of_city": 2,
      "x": -781,
      "y": 890
    }
  ],
  "distance_matrix": {
    "0": {
      "2": 1184.086567781258
    },
    "1": {
      "2": 1984.7619504615661
    },
    "2": {
      "2": 0.0
    }
  },
  "stats": {
    "x": {
      "min": -781,
      "avg": -150.0,
      "stdev": 570.9737296934072,
      "median": 0.0,
      "q1": -390.5,
      "q3": 165.5,
      "max": 331
    },
    "y": {
      "min": -754,
      "avg": 45.333333333333336,
      "stdev": 822.9370166260194,
      "median": 0.0,
      "q1": -377.0,
      "q3": 445.0,
      "max": 890
    }
  }
}