{
  "cities": [
    {
      "number_of_city": 0,
      "x": 0,
      "y": 0
    },
    {
      "number_of_city": 1,
      "x": -810,
      "y": 613
    },
    {
      "number_of_city": 2,
      "x": 149,
      "y": 316
    }
  ],
  "distance_matrix": {
    "0": {
      "2": 349.3665696657309
    },
    "1": {
      "2": 1003.9372490350181
    },
    "2": {
      "2": 0.0
    }
  },
  "stats": {
    "x": {
      "min": -810,
      "avg": -220.33333333333334,
      "stdev": 516.0720233972515,
      "median": 0.0,
      "q1": -405.0,
      "q3": 74.5,
      "max": 149
    },
    "y": {
      "min": 0,
      "avg": 309.6666666666667,
      "stdev": 306.54907165629015,
      "median": 316.0,
      "q1": 158.0,
      "q3": 464.5,
      "max": 613
    }
  }
}