{"cities": [{"number_of_city": 0, "x": 0, "y": 0}, {"number_of_city": 1, "x": -916, "y": 494}, {"number_of_city": 2, "x": 472, "y": -639}], "distance_matrix": {"0": {"2": 794.4211729303292}, "1": {"2": 1791.7123094961423}, "2": {"2": 0.0}}, "stats": {"x": {"min": -916, "avg": -148.0, "stdev": 705.7364947344015, "median": 0.0, "q1": -458.0, "q3": 236.0, "max": 472}, "y": {"min": -639, "avg": -48.333333333333336, "stdev": 568.044305783742, "median": 0.0, "q1": -319.5, "q3": 247.0, "max": 494}}}