{"cities": [{"number_of_city": 0, "x": 0, "y": 0}, {"number_of_city": 1, "x": -320, "y": -555}, {"number_of_city": 2, "x": 700, "y": 432}], "distance_matrix": {"0": {"2": 822.5715774326268}, "1": {"2": 1419.3551352638985}, "2": {"2": 0.0}}, "stats": {"x": {"min": -320, "avg": 126.66666666666667, "stdev": 521.6640042530569, "median": 0.0, "q1": -160.0, "q3": 350.0, "max": 700}, "y": {"min": -555, "avg": -41.0, "stdev": 494.775706760144, "median": 0.0, "q1": -277.5, "q3": 216.0, "max": 432}}}