{
  "cities": [
    {
      "number_of_city": 0,
      "x": 0,
      "y": 0
    },
    {
      "number_of_city": 1,
      "x": -824,
      "y": 683
    },
    {
      "number_of_city": 2,
      "x": 660,
      "y": -946
    }
  ],
  "distance_matrix": {
    "0": {
      "2": 1153.479952144813
    },
    "1": {
      "2": 2203.609992716497
    },
    "2": {
      "2": 0.0
    }
  },
  "stats": {
    "x": {
      "min": -824,
      "avg": -54.666666666666664,
      "stdev": 743.5087984236188,
      "median": 0.0,
      "q1": -412.0,
      "q3": 330.0,
      "max": 660
    },
    "y": {
      "min": -946,
      "avg": -87.66666666666667,
      "stdev": 818.0307655176138,
      "median": 0.0,
      "q1": -473.0,
      "q3": 341.5,
      "max": 683
    }
  }
}