{
  "cities": [
    {
      "number_of_city": 0,
      "x": 0,
      "y": 0
    },
    {
      "number_of_city": 1,
      "x": -205,
      "y": 143
    },
    {
      "number_of_city": 2,
      "x": -448,
      "y": -470
    }
  ],
  "distance_matrix": {
    "0": {
      "2": 649.3104034281292
    },
    "1": {
      "2": 659.4073096349479
    },
    "2": {
      "2": 0.0
    }
  },
  "stats": {
    "x": {
      "min": -448,
      "avg": -217.66666666666666,
      "stdev": 224.2684403417773,
      "median": -205.0,
      "q1": -326.5,
      "q3": -102.5,
      "max": 0
    },
    "y": {
      "min": -470,
      "avg": -109.0,
      "stdev": 320.70703141652507,
      "median": 0.0,
      "q1": -235.0,
      "q3": 71.5,
      "max": 143
    }
  }
}