{"cities": [{"number_of_city": 0, "x": 0, "y": 0}, {"number_of_city": 1, "x": -534, "y": 852}, {"number_of_city": 2, "x": 85, "y": 893}], "distance_matrix": {"0": {"2": 897.0362311523431}, "1": {"2": 620.3563492058415}, "2": {"2": 0.0}}, "stats": {"x": {"min": -534, "avg": -149.66666666666666, "stdev": 335.54483058651545, "median": 0.0, "q1": -267.0, "q3": 42.5, "max": 85}, "y": {"min": 0, "avg": 581.6666666666666, "stdev": 504.1550687371231, "median": 852.0, "q1": 426.0, "q3": 872.5, "max": 893}}}