{"cities": [{"number_of_city": 0, "x": 0, "y": 0}, {"number_of_city": 1, "x": -893, "y": -93}, {"number_of_city": 2, "x": 609, "y": -430}], "distance_matrix": {"0": {"2": 745.5072098913598}, "1": {"2": 1539.3417424340835}, "2": {"2": 0.0}}, "stats": {"x": {"min": -893, "avg": -94.66666666666667, "stdev": 755.461669003354, "median": 0.0, "q1": -446.5, "q3": 304.5, "max": 609}, "y": {"min": -430, "avg": -174.33333333333334, "stdev": 226.24396861205676, "median": -93.0, "q1": -261.5, "q3": -46.5, "max": 0}}}