{"cities": [{"number_of_city": 0, "x": 0, "y": 0}, {"number_of_city": 1, "x": -48, "y": -245}, {"number_of_city": 2, "x": -515, "y": -511}], "distance_matrix": {"0": {"2": 725.4970709796146}, "1": {"2": 537.4430202356339}, "2": {"2": 0.0}}, "stats": {"x": {"min": -515, "avg": -187.66666666666666, "stdev": 284.4931164955197, "median": -48.0, "q1": -281.5, "q3": -24.0, "max": 0}, "y": {"min": -511, "avg": -252.0, "stdev": 255.57190768940157, "median": -245.0, "q1": -378.0, "q3": -122.5, "max": 0}}}