{"cities": [{"number_of_city": 0, "x": 0, "y": 0}, {"number_of_city": 1, "x": 801, "y": 731}, {"number_of_city": 2, "x": -27, "y": -516}], "distance_matrix": {"0": {"2": 516.7059124879452}, "1": {"2": 1496.8610489955306}, "2": {"2": 0.0}}, "stats": {"x": {"min": -27, "avg": 258.0, "stdev": 470.44553351052235, "median": 0.0, "q1": -13.5, "q3": 400.5, "max": 801}, "y": {"min": -516, "avg": 71.66666666666667, "stdev": 626.581465839306, "median": 0.0, "q1": -258.0, "q3": 365.5, "max": 731}}}