{
  "cities": [
    {
      "number_of_city": 0,
      "x": 0,
      "y": 0
    },
    {
      "number_of_city": 1,
      "x": 37,
      "y": -167
    },
    {
      "number_of_city": 2,
      "x": 892,
      "y": -407
    }
  ],
  "distance_matrix": {
    "0": {
      "2": 980.4657056725646
    },
    "1": {
      "2": 888.045606936941
    },
    "2": {
      "2": 0.0
    }
  },
  "stats": {
    "x": {
      "min": 0,
      "avg": 309.6666666666667,
      "stdev": 504.65466740468503,
      "median": 37.0,
      "q1": 18.5,
      "q3": 464.5,
      "max": 892
    },
    "y": {
      "min": -407,
      "avg": -191.33333333333334,
      "stdev": 204.5882042868878,
      "median": -167.0,
      "q1": -287.0,
      "q3": -83.5,
      "max": 0
    }
  }
}