{
  "cities": [
    {
      "number_of_city": 0,
      "x": 0,
      "y": 0
    },
    {
      "number_of_city": 1,
      "x": 494,
      "y": 141
    },
    {
      "number_of_city": 2,
      "x": 110,
      "y": 511
    }
  ],
  "distance_matrix": {
    "0": {
      "2": 522.7054619955678
    },
    "1": {
      "2": 533.2504102201891
    },
    "2": {
      "2": 0.0
    }
  },
  "stats": {
    "x": {
      "min": 0,
      "avg": 201.33333333333334,
      "stdev": 259.35561172516265,
      "median": 110.0,
      "q1": 55.0,
      "q3": 302.0,
      "max": 494
    },
    "y": {
      "min": 0,
      "avg": 217.33333333333334,
      "stdev": 263.9134959287481,
      "median": 141.0,
      "q1": 70.5,
      "q3": 326.0,
      "max": 511
    }
  }
}