{"cities": [{"number_of_city": 0, "x": 0, "y": 0}, {"number_of_city": 1, "x": 424, "y": 78}, {"number_of_city": 2, "x": 856, "y": 143}], "distance_matrix": {"0": {"2": 867.8623162691188}, "1": {"2": 436.8626786531438}, "2": {"2": 0.0}}, "stats": {"x": {"min": 0, "avg": 426.6666666666667, "stdev": 428.0062304842458, "median": 424.0, "q1": 212.0, "q3": 640.0, "max": 856}, "y": {"min": 0, "avg": 73.66666666666667, "stdev": 71.59841711471933, "median": 78.0, "q1": 39.0, "q3": 110.5, "max": 143}}}