{
  "cities": [
    {
      "number_of_city": 0,
      "x": 0,
      "y": 0
    },
    {
      "number_of_city": 1,
      "x": 632,
      "y": -500
    },
    {
      "number_of_city": 2,
      "x": -516,
      "y": 508
    }
  ],
  "distance_matrix": {
    "0": {
      "2": 724.0994406847723
    },
    "1": {
      "2": 1527.732960958819
    },
    "2": {
      "2": 0.0
    }
  },
  "stats": {
    "x": {
      "min": -516,
      "avg": 38.666666666666664,
      "stdev": 574.9759415256723,
      "median": 0.0,
      "q1": -258.0,
      "q3": 316.0,
      "max": 632
    },
    "y": {
      "min": -500,
      "avg": 2.6666666666666665,
      "stdev": 504.00529097751877,
      "median": 0.0,
      "q1": -250.0,
      "q3": 254.0,
      "max": 508
    }
  }
}