{
  "cities": [
    {
      "number_of_city": 0,
      "x": 0,
      "y": 0
    },
    {
      "number_of_city": 1,
      "x": 419,
      "y": 804
    },
    {
      "number_of_city": 2,
      "x": 280,
      "y": 209
    }
  ],
  "distance_matrix": {
    "0": {
      "2": 349.4009158545524
    },
    "1": {
      "2": 611.020457922646
    },
    "2": {
      "2": 0.0
    }
  },
  "stats": {
    "x": {
      "min": 0,
      "avg": 233.0,
      "stdev": 213.4174313405538,
      "median": 280.0,
      "q1": 140.0,
      "q3": 349.5,
      "max": 419
    },
    "y": {
      "min": 0,
      "avg": 337.6666666666667,
      "stdev": 417.1574442981131,
      "median": 209.0,
      "q1": 104.5,
      "q3": 506.5,
      "max": 804
    }
  }
}