{
  "cities": [
    {
      "number_of_city": 0,
      "x": 0,
      "y": 0
    },
    {
      "number_of_city": 1,
      "x": -881,
      "y": -615
    },
    {
      "number_of_city": 2,
      "x": 459,
      "y": 951
    }
  ],
  "distance_matrix": {
    "0": {
      "2": 1055.974431508642
    },
    "1": {
      "2": 2061.0570103711348
    },
    "2": {
      "2": 0.0
    }
  },
  "stats": {
    "x": {
      "min": -881,
      "avg": -140.66666666666666,
      "stdev": 680.984826066876,
      "median": 0.0,
      "q1": -440.5,
      "q3": 229.5,
      "max": 459
    },
    "y": {
      "min": -615,
      "avg": 112.0,
      "stdev": 788.9847907279328,
      "median": 0.0,
      "q1": -307.5,
      "q3": 475.5,
      "max": 951
    }
  }
}