{"cities": [{"number_of_city": 0, "x": 0, "y": 0}, {"number_of_city": 1, "x": -789, "y": 144}, {"number_of_city": 2, "x": 72, "y": 894}], "distance_matrix": {"0": {"2": 896.8946426420441}, "1": {"2": 1141.8498149931977}, "2": {"2": 0.0}}, "stats": {"x": {"min": -789, "avg": -239.0, "stdev": 477.67248193715324, "median": 0.0, "q1": -394.5, "q3": 36.0, "max": 72}, "y": {"min": 0, "avg": 346.0, "stdev": 480.0124998372438, "median": 144.0, "q1": 72.0, "q3": 519.0, "max": 894}}}