{"cities": [{"number_of_city": 0, "x": 0, "y": 0}, {"number_of_city": 1, "x": -62, "y": -985}, {"number_of_city": 2, "x": 870, "y": -801}], "distance_matrix": {"0": {"2": 1182.5823438560208}, "1": {"2": 949.9894736258923}, "2": {"2": 0.0}}, "stats": {"x": {"min": -62, "avg": 269.3333333333333, "stdev": 521.1154702494769, "median": 0.0, "q1": -31.0, "q3": 435.0, "max": 870}, "y": {"min": -985, "avg": -595.3333333333334, "stdev": 523.7177993283533, "median": -801.0, "q1": -893.0, "q3": -400.5, "max": 0}}}