{
  "cities": [
    {
      "number_of_city": 0,
      "x": 0,
      "y": 0
    },
    {
      "number_of_city": 1,
      "x": 603,
      "y": 936
    },
    {
      "number_of_city": 2,
      "x": 516,
      "y": -199
    }
  ],
  "distance_matrix": {
    "0": {
      "2": 553.0433979354603
    },
    "1": {
      "2": 1138.3294777875165
    },
    "2": {
      "2": 0.0
    }
  },
  "stats": {
    "x": {
      "min": 0,
      "avg": 373.0,
      "stdev": 325.9432465936363,
      "median": 516.0,
      "q1": 258.0,
      "q3": 559.5,
      "max": 603
    },
    "y": {
      "min": -199,
      "avg": 245.66666666666666,
      "stdev": 606.0695779638946,
      "median": 0.0,
      "q1": -99.5,
      "q3": 468.0,
      "max": 936
    }
  }
}