{"cities": [{"number_of_city": 0, "x": 0, "y": 0}, {"number_of_city": 1, "x": -759, "y": -297}, {"number_of_city": 2, "x": 274, "y": -353}], "distance_matrix": {"0": {"2": 446.8612760130374}, "1": {"2": 1034.5167954170681}, "2": {"2": 0.0}}, "stats": {"x": {"min": -759, "avg": -161.66666666666666, "stdev": 535.1395456638702, "median": 0.0, "q1": -379.5, "q3": 137.0, "max": 274}, "y": {"min": -353, "avg": -216.66666666666666, "stdev": 189.71645509373542, "median": -297.0, "q1": -325.0, "q3": -148.5, "max": 0}}}