{
  "cities": [
    {
      "number_of_city": 0,
      "x": 0,
      "y": 0
    },
    {
      "number_of_city": 1,
      "x": -529,
      "y": 947
    },
    {
      "number_of_city": 2,
      "x": -168,
      "y": -579
    }
  ],
  "distance_matrix": {
    "0": {
      "2": 602.8805851907988
    },
    "1": {
      "2": 1568.1189368156995
    },
    "2": {
      "2": 0.0
    }
  },
  "stats": {
    "x": {
      "min": -529,
      "avg": -232.33333333333334,
      "stdev": 270.30414967834537,
      "median": -168.0,
      "q1": -348.5,
      "q3": -84.0,
      "max": 0
    },
    "y": {
      "min": -579,
      "avg": 122.66666666666667,
      "stdev": 770.3598726136593,
      "median": 0.0,
      "q1": -289.5,
      "q3": 473.5,
      "max": 947
    }
  }
}