{
  "cities": [
    {
      "number_of_city": 0,
      "x": 0,
      "y": 0
    },
    {
      "number_of_city": 1,
      "x": 628,
      "y": -846
    },
    {
      "number_of_city": 2,
      "x": 534,
      "y": -566
    }
  ],
  "distance_matrix": {
    "0": {
      "2": 778.1465157667931
    },
    "1": {
      "2": 295.357410606201
    },
    "2": {
      "2": 0.0
    }
  },
  "stats": {
    "x": {
      "min": 0,
      "avg": 387.3333333333333,
      "stdev": 338.7171878327602,
      "median": 534.0,
      "q1": 267.0,
      "q3": 581.0,
      "max": 628
    },
    "y": {
      "min": -846,
      "avg": -470.6666666666667,
      "stdev": 430.9818248294623,
      "median": -566.0,
      "q1": -706.0,
      "q3": -283.0,
      "max": 0
    }
  }
}