{
  "cities": [
    {
      "number_of_city": 0,
      "x": 0,
      "y": 0
    },
    {
      "number_of_city": 1,
      "x": -111,
      "y": -867
    },
    {
      "number_of_city": 2,
      "x": -212,
      "y": 355
    }
  ],
  "distance_matrix": {
    "0": {
      "2": 413.48397792417546
    },
    "1": {
      "2": 1226.166791264549
    },
    "2": {
      "2": 0.0
    }
  },
  "stats": {
    "x": {
      "min": -212,
      "avg": -107.66666666666667,
      "stdev": 106.0393008904403,
      "median": -111.0,
      "q1": -161.5,
      "q3": -55.5,
      "max": 0
    },
    "y": {
      "min": -867,
      "avg": -170.66666666666666,
      "stdev": 628.6225682659933,
      "median": 0.0,
      "q1": -433.5,
      "q3": 177.5,
      "max": 355
    }
  }
}