{
  "cities": [
    {
      "number_of_city": 0,
      "x": 0,
      "y": 0
    },
    {
      "number_of_city": 1,
      "x": -104,
      "y": -70
    },
    {
      "number_of_city": 2,
      "x": -921,
      "y": 728
    }
  ],
  "distance_matrix": {
    "0": {
      "2": 1173.9782791857779
    },
    "1": {
      "2": 1142.0564784633027
    },
    "2": {
      "2": 0.0
    }
  },
  "stats": {
    "x": {
      "min": -921,
      "avg": -341.6666666666667,
      "stdev": 504.4049299256831,
      "median": -104.0,
      "q1": -512.5,
      "q3": -52.0,
      "max": 0
    },
    "y": {
      "min": -70,
      "avg": 219.33333333333334,
      "stdev": 441.9064757766436,
      "median": 0.0,
      "q1": -35.0,
      "q3": 364.0,
      "max": 728
    }
  }
}