{
  "cities": [
    {
      "number_of_city": 0,
      "x": 0,
      "y": 0
    },
    {
      "number_of_city": 1,
      "x": 646,
      "y": -245
    },
    {
      "number_of_city": 2,
      "x": 152,
      "y": 525
    }
  ],
  "distance_matrix": {
    "0": {
      "2": 546.5610670364291
    },
    "1": {
      "2": 914.8420628720567
    },
    "2": {
      "2": 0.0
    }
  },
  "stats": {
    "x": {
      "min": 0,
      "avg": 266.0,
      "stdev": 337.75138785799237,
      "median": 152.0,
      "q1": 76.0,
      "q3": 399.0,
      "max": 646
    },
    "y": {
      "min": -245,
      "avg": 93.33333333333333,
      "stdev": 393.39335700203856,
      "median": 0.0,
      "q1": -122.5,
      "q3": 262.5,
      "max": 525
    }
  }
}