{"cities": [{"number_of_city": 0, "x": 0, "y": 0}, {"number_of_city": 1, "x": -908, "y": 59}, {"number_of_city": 2, "x": -534, "y": 146}], "distance_matrix": {"0": {"2": 553.5991329472979}, "1": {"2": 383.98567681620625}, "2": {"2": 0.0}}, "stats": {"x": {"min": -908, "avg": -480.6666666666667, "stdev": 456.3434379207543, "median": -534.0, "q1": -721.0, "q3": -267.0, "max": 0}, "y": {"min": 0, "avg": 68.33333333333333, "stdev": 73.44612537999083, "median": 59.0, "q1": 29.5, "q3": 102.5, "max": 146}}}