{
  "cities": [
    {
      "number_of_city": 0,
      "x": 0,
      "y": 0
    },
    {
      "number_of_city": 1,
      "x": -557,
      "y": 185
    },
    {
      "number_of_city": 2,
      "x": 771,
      "y": -687
    }
  ],
  "distance_matrix": {
    "0": {
      "2": 1032.671293297146
    },
    "1": {
      "2": 1588.700097564043
    },
    "2": {
      "2": 0.0
    }
  },
  "stats": {
    "x": {
      "min": -557,
      "avg": 71.33333333333333,
      "stdev": 666.867553066824,
      "median": 0.0,
      "q1": -278.5,
      "q3": 385.5,
      "max": 771
    },
    "y": {
      "min": -687,
      "avg": -167.33333333333334,
      "stdev": 459.45221006469575,
      "median": 0.0,
      "q1": -343.5,
      "q3": 92.5,
      "max": 185
    }
  }
}