{
  "cities": [
    {
      "number_of_city": 0,
      "x": 0,
      "y": 0
    },
    {
      "number_of_city": 1,
      "x": -76,
      "y": -456
    },
    {
      "number_of_city": 2,
      "x": 375,
      "y": 81
    }
  ],
  "distance_matrix": {
    "0": {
      "2": 383.64827641995214
    },
    "1": {
      "2": 701.2631460443362
    },
    "2": {
      "2": 0.0
    }
  },
  "stats": {
    "x": {
      "min": -76,
      "avg": 99.66666666666667,
      "stdev": 241.45461961481155,
      "median": 0.0,
      "q1": -38.0,
      "q3": 187.5,
      "max": 375
    },
    "y": {
      "min": -456,
      "avg": -125.0,
      "stdev": 289.50129533388963,
      "median": 0.0,
      "q1": -228.0,
      "q3": 40.5,
      "max": 81
    }
  }
}