{
  "cities": [
    {
      "number_of_city": 0,
      "x": 0,
      "y": 0
    },
    {
      "number_of_city": 1,
      "x": 768,
      "y": 506
    },
    {
      "number_of_city": 2,
      "x": -412,
      "y": -814
    }
  ],
  "distance_matrix": {
    "0": {
      "2": 912.326695871605
    },
    "1": {
      "2": 1770.5366418123065
    },
    "2": {
      "2": 0.0
    }
  },
  "stats": {
    "x": {
      "min": -412,
      "avg": 118.66666666666667,
      "stdev": 598.8834054583023,
      "median": 0.0,
      "q1": -206.0,
      "q3": 384.0,
      "max": 768
    },
    "y": {
      "min": -814,
      "avg": -102.66666666666667,
      "stdev": 665.9619608756444,
      "median": 0.0,
      "q1": -407.0,
      "q3": 253.0,
      "max": 506
    }
  }
}