{
  "cities": [
    {
      "number_of_city": 0,
      "x": 0,
      "y": 0
    },
    {
      "number_of_city": 1,
      "x": 772,
      "y": 442
    },
    {
      "number_of_city": 2,
      "x": 218,
      "y": 690
    }
  ],
  "distance_matrix": {
    "0": {
      "2": 723.618684114776
    },
    "1": {
      "2": 606.9761115562951
    },
    "2": {
      "2": 0.0
    }
  },
  "stats": {
    "x": {
      "min": 0,
      "avg": 330.0,
      "stdev": 398.0,
      "median": 218.0,
      "q1": 109.0,
      "q3": 495.0,
      "max": 772
    },
    "y": {
      "min": 0,
      "avg": 377.3333333333333,
      "stdev": 349.5158556250823,
      "median": 442.0,
      "q1": 221.0,
      "q3": 566.0,
      "max": 690
    }
  }
}