{
  "cities": [
    {
      "number_of_city": 0,
      "x": 0,
      "y": 0
    },
    {
      "number_of_city": 1,
      "x": 718,
      "y": 344
    },
    {
      "number_of_city": 2,
      "x": -871,
      "y": -340
    }
  ],
  "distance_matrix": {
    "0": {
      "2": 935.0085561105844
    },
    "1": {
      "2": 1729.9644505018016
    },
    "2": {
      "2": 0.0
    }
  },
  "stats": {
    "x": {
      "min": -871,
      "avg": -51.0,
      "stdev": 795.7267118804043,
      "median": 0.0,
      "q1": -435.5,
      "q3": 359.0,
      "max": 718
    },
    "y": {
      "min": -340,
      "avg": 1.3333333333333333,
      "stdev": 342.0019493121835,
      "median": 0.0,
      "q1": -170.0,
      "q3": 172.0,
      "max": 344
    }
  }
}