{"cities": [{"number_of_city": 0, "x": 0, "y": 0}, {"number_of_city": 1, "x": 800, "y": -56}, {"number_of_city": 2, "x": 169, "y": 650}], "distance_matrix": {"0": {"2": 671.6107503606535}, "1": {"2": 946.8880609660257}, "2": {"2": 0.0}}, "stats": {"x": {"min": 0, "avg": 323.0, "stdev": 421.6479574242, "median": 169.0, "q1": 84.5, "q3": 484.5, "max": 800}, "y": {"min": -56, "avg": 198.0, "stdev": 392.44362652488064, "median": 0.0, "q1": -28.0, "q3": 325.0, "max": 650}}}