{"cities": [{"number_of_city": 0, "x": 0, "y": 0}, {"number_of_city": 1, "x": 524, "y": 77}, {"number_of_city": 2, "x": 721, "y": -847}], "distance_matrix": {"0": {"2": 1112.3174007449493}, "1": {"2": 944.7671670840388}, "2": {"2": 0.0}}, "stats": {"x": {"min": 0, "avg": 415.0, "stdev": 372.6539950141418, "median": 524.0, "q1": 262.0, "q3": 622.5, "max": 721}, "y": {"min": -847, "avg": -256.6666666666667, "stdev": 512.6912651229133, "median": 0.0, "q1": -423.5, "q3": 38.5, "max": 77}}}