{
  "cities": [
    {
      "number_of_city": 0,
      "x": 0,
      "y": 0
    },
    {
      "number_of_city": 1,
      "x": -915,
      "y": 41
    },
    {
      "number_of_city": 2,
      "x": -389,
      "y": -804
    }
  ],
  "distance_matrix": {
    "0": {
      "2": 893.1612396426526
    },
    "1": {
      "2": 995.3396405247809
    },
    "2": {
      "2": 0.0
    }
  },
  "stats": {
    "x": {
      "min": -915,
      "avg": -434.6666666666667,
      "stdev": 459.206199145148,
      "median": -389.0,
      "q1": -652.0,
      "q3": -194.5,
      "max": 0
    },
    "y": {
      "min": -804,
      "avg": -254.33333333333334,
      "stdev": 476.46650809194693,
      "median": 0.0,
      "q1": -402.0,
      "q3": 20.5,
      "max": 41
    }
  }
}