{"cities": [{"number_of_city": 0, "x": 0, "y": 0}, {"number_of_city": 1, "x": -677, "y": 860}, {"number_of_city": 2, "x": -72, "y": 380}], "distance_matrix": {"0": {"2": 386.76090805561}, "1": {"2": 772.2855689445453}, "2": {"2": 0.0}}, "stats": {"x": {"min": -677, "avg": -249.66666666666666, "stdev": 371.82836542326, "median": -72.0, "q1": -374.5, "q3": -36.0, "max": 0}, "y": {"min": 0, "avg": 413.3333333333333, "stdev": 430.9679029038396, "median": 380.0, "q1": 190.0, "q3": 620.0, "max": 860}}}