{
  "cities": [
    {
      "number_of_city": 0,
      "x": 0,
      "y": 0
    },
    {
      "number_of_city": 1,
      "x": 577,
      "y": -164
    },
    {
      "number_of_city": 2,
      "x": 332,
      "y": 360
    }
  ],
  "distance_matrix": {
    "0": {
      "2": 489.71828636472213
    },
    "1": {
      "2": 578.4470589431672
    },
    "2": {
      "2": 0.0
    }
  },
  "stats": {
    "x": {
      "min": 0,
      "avg": 303.0,
      "stdev": 289.5910910231874,
      "median": 332.0,
      "q1": 166.0,
      "q3": 454.5,
      "max": 577
    },
    "y": {
      "min": -164,
      "avg": 65.33333333333333,
      "stdev": 268.03979804001744,
      "median": 0.0,
      "q1": -82.0,
      "q3": 180.0,
      "max": 360
    }
  }
}