{
  "cities": [
    {
      "number_of_city": 0,
      "x": 0,
      "y": 0
    },
    {
      "number_of_city": 1,
      "x": 303,
      "y": -696
    },
    {
      "number_of_city": 2,
      "x": 928,
      "y": 25
    }
  ],
  "distance_matrix": {
    "0": {
      "2": 928.3366846139389
    },
    "1": {
      "2": 954.1834205224906
    },
    "2": {
      "2": 0.0
    }
  },
  "stats": {
    "x": {
      "min": 0,
      "avg": 410.3333333333333,
      "stdev": 473.2191176752408,
      "median": 303.0,
      "q1": 151.5,
      "q3": 615.5,
      "max": 928
    },
    "y": {
      "min": -696,
      "avg": -223.66666666666666,
      "stdev": 409.2436112309309,
      "median": 0.0,
      "q1": -348.0,
      "q3": 12.5,
      "max": 25
    }
  }
}