{
  "cities": [
    {
      "number_of_city": 0,
      "x": 0,
      "y": 0
    },
    {
      "number_of_city": 1,
      "x": 632,
      "y": -61
    },
    {
      "number_of_city": 2,
      "x": 155,
      "y": 212
    }
  ],
  "distance_matrix": {
    "0": {
      "2": 262.6194966105906
    },
    "1": {
      "2": 549.5980349309848
    },
    "2": {
      "2": 0.0
    }
  },
  "stats": {
    "x": {
      "min": 0,
      "avg": 262.3333333333333,
      "stdev": 329.3878160061986,
      "median": 155.0,
      "q1": 77.5,
      "q3": 393.5,
      "max": 632
    },
    "y": {
      "min": -61,
      "avg": 50.333333333333336,
      "stdev": 143.29107904309095,
      "median": 0.0,
      "q1": -30.5,
      "q3": 106.0,
      "max": 212
    }
  }
}