{
  "cities": [
    {
      "number_of_city": 0,
      "x": 0,
      "y": 0
    },
    {
      "number_of_city": 1,
      "x": 336,
      "y": 543
    },
    {
      "number_of_city": 2,
      "x": -127,
      "y": 606
    }
  ],
  "distance_matrix": {
    "0": {
      "2": 619.1647599791189
    },
    "1": {
      "2": 467.266519237148
    },
    "2": {
      "2": 0.0
    }
  },
  "stats": {
    "x": {
      "min": -127,
      "avg": 69.66666666666667,
      "stdev": 239.23280154137169,
      "median": 0.0,
      "q1": -63.5,
      "q3": 168.0,
      "max": 336
    },
    "y": {
      "min": 0,
      "avg": 383.0,
      "stdev": 333.18013146044586,
      "median": 543.0,
      "q1": 271.5,
      "q3": 574.5,
      "max": 606
    }
  }
}