{"cities": [{"number_of_city": 0, "x": 0, "y": 0}, {"number_of_city": 1, "x": -233, "y": 524}, {"number_of_city": 2, "x": 980, "y": 23}], "distance_matrix": {"0": {"2": 980.2698608036462}, "1": {"2": 1312.3909478505252}, "2": {"2": 0.0}}, "stats": {"x": {"min": -233, "avg": 249.0, "stdev": 643.6948034589063, "median": 0.0, "q1": -116.5, "q3": 490.0, "max": 980}, "y": {"min": 0, "avg": 182.33333333333334, "stdev": 296.11540543060795, "median": 23.0, "q1": 11.5, "q3": 273.5, "max": 524}}}