{
  "cities": [
    {
      "number_of_city": 0,
      "x": 0,
      "y": 0
    },
    {
      "number_of_city": 1,
      "x": 785,
      "y": 920
    },
    {
      "number_of_city": 2,
      "x": -649,
      "y": 342
    }
  ],
  "distance_matrix": {
    "0": {
      "2": 733.5973009764963
    },
    "1": {
      "2": 1546.1047829949948
    },
    "2": {
      "2": 0.0
    }
  },
  "stats": {
    "x": {
      "min": -649,
      "avg": 45.333333333333336,
      "stdev": 718.0740444643111,
      "median": 0.0,
      "q1": -324.5,
      "q3": 392.5,
      "max": 785
    },
    "y": {
      "min": 0,
      "avg": 420.6666666666667,
      "stdev": 465.01756239236096,
      "median": 342.0,
      "q1": 171.0,
      "q3": 631.0,
      "max": 920
    }
  }
}