{
  "cities": [
    {
      "number_of_city": 0,
      "x": 0,
      "y": 0
    },
    {
      "number_of_city": 1,
      "x": -668,
      "y": -119
    },
    {
      "number_of_city": 2,
      "x": 121,
      "y": -312
    }
  ],
  "distance_matrix": {
    "0": {
      "2": 334.6415993268022
    },
    "1": {
      "2": 812.2622729143586
    },
    "2": {
      "2": 0.0
    }
  },
  "stats": {
    "x": {
      "min": -668,
      "avg": -182.33333333333334,
      "stdev": 424.9286214569846,
      "median": 0.0,
      "q1": -334.0,
      "q3": 60.5,
      "max": 121
    },
    "y": {
      "min": -312,
      "avg": -143.66666666666666,
      "stdev": 157.45581390769073,
      "median": -119.0,
      "q1": -215.5,
      "q3": -59.5,
      "max": 0
    }
  }
}