{"cities": [{"number_of_city": 0, "x": 0, "y": 0}, {"number_of_city": 1, "x": 183, "y": 791}, {"number_of_city": 2, "x": 760, "y": -403}], "distance_matrix": {"0": {"2": 860.2377578321008}, "1": {"2": 1326.1089698814346}, "2": {"2": 0.0}}, "stats": {"x": {"min": 0, "avg": 314.3333333333333, "stdev": 396.65644244526436, "median": 183.0, "q1": 91.5, "q3": 471.5, "max": 760}, "y": {"min": -403, "avg": 129.33333333333334, "stdev": 607.416112177915, "median": 0.0, "q1": -201.5, "q3": 395.5, "max": 791}}}