{
  "cities": [
    {
      "number_of_city": 0,
      "x": 0,
      "y": 0
    },
    {
      "number_of_city": 1,
      "x": 160,
      "y": 404
    },
    {
      "number_of_city": 2,
      "x": -800,
      "y": -825
    }
  ],
  "distance_matrix": {
    "0": {
      "2": 1149.1844934561204
    },
    "1": {
      "2": 1559.500240461668
    },
    "2": {
      "2": 0.0
    }
  },
  "stats": {
    "x": {
      "min": -800,
      "avg": -213.33333333333334,
      "stdev": 514.328040586291,
      "median": 0.0,
      "q1": -400.0,
      "q3": 80.0,
      "max": 160
    },
    "y": {
      "min": -825,
      "avg": -140.33333333333334,
      "stdev": 626.4026926293767,
      "median": 0.0,
      "q1": -412.5,
      "q3": 202.0,
      "max": 404
    }
  }
}