{"cities": [{"number_of_city": 0, "x": 0, "y": 0}, {"number_of_city": 1, "x": 444, "y": -567}, {"number_of_city": 2, "x": 504, "y": 684}], "distance_matrix": {"0": {"2": 849.6305079268282}, "1": {"2": 1252.4380224186743}, "2": {"2": 0.0}}, "stats": {"x": {"min": 0, "avg": 316.0, "stdev": 275.30346892111623, "median": 444.0, "q1": 222.0, "q3": 474.0, "max": 504}, "y": {"min": -567, "avg": 39.0, "stdev": 626.4112067963025, "median": 0.0, "q1": -283.5, "q3": 342.0, "max": 684}}}