{
  "cities": [
    {
      "number_of_city": 0,
      "x": 0,
      "y": 0
    },
    {
      "number_of_city": 1,
      "x": 509,
      "y": -508
    },
    {
      "number_of_city": 2,
      "x": -894,
      "y": -970
    }
  ],
  "distance_matrix": {
    "0": {
      "2": 1319.1421454869828
    },
    "1": {
      "2": 1477.1096777152331
    },
    "2": {
      "2": 0.0
    }
  },
  "stats": {
    "x": {
      "min": -894,
      "avg": -128.33333333333334,
      "stdev": 710.2494866829073,
      "median": 0.0,
      "q1": -447.0,
      "q3": 254.5,
      "max": 509
    },
    "y": {
      "min": -970,
      "avg": -492.6666666666667,
      "stdev": 485.18175288579573,
      "median": -508.0,
      "q1": -739.0,
      "q3": -254.0,
      "max": 0
    }
  }
}