{
  "cities": [
    {
      "number_of_city": 0,
      "x": 0,
      "y": 0
    },
    {
      "number_of_city": 1,
      "x": 585,
      "y": 209
    },
    {
      "number_of_city": 2,
      "x": 727,
      "y": 244
    }
  ],
  "distance_matrix": {
    "0": {
      "2": 766.8539626291306
    },
    "1": {
      "2": 146.24978632463024
    },
    "2": {
      "2": 0.0
    }
  },
  "stats": {
    "x": {
      "min": 0,
      "avg": 437.3333333333333,
      "stdev": 385.3392444759985,
      "median": 585.0,
      "q1": 292.5,
      "q3": 656.0,
      "max": 727
    },
    "y": {
      "min": 0,
      "avg": 151.0,
      "stdev": 131.93559034619886,
      "median": 209.0,
      "q1": 104.5,
      "q3": 226.5,
      "max": 244
    }
  }
}