{
  "cities": [
    {
      "number_of_city": 0,
      "x": 0,
      "y": 0
    },
    {
      "number_of_city": 1,
      "x": 736,
      "y": -978
    },
    {
      "number_of_city": 2,
      "x": 699,
      "y": 580
    }
  ],
  "distance_matrix": {
    "0": {
      "2": 908.2956567109633
    },
    "1": {
      "2": 1558.4392833857853
    },
    "2": {
      "2": 0.0
    }
  },
  "stats": {
    "x": {
      "min": 0,
      "avg": 478.3333333333333,
      "stdev": 414.66170950949083,
      "median": 699.0,
      "q1": 349.5,
      "q3": 717.5,
      "max": 736
    },
    "y": {
      "min": -978,
      "avg": -132.66666666666666,
      "stdev": 787.4270336566642,
      "median": 0.0,
      "q1": -489.0,
      "q3": 290.0,
      "max": 580
    }
  }
}