{"cities": [{"number_of_city": 0, "x": 0, "y": 0}, {"number_of_city": 1, "x": 557, "y": -770}, {"number_of_city": 2, "x": 713, "y": -466}], "distance_matrix": {"0": {"2": 851.7775531205316}, "1": {"2": 341.68991790803545}, "2": {"2": 0.0}}, "stats": {"x": {"min": 0, "avg": 423.3333333333333, "stdev": 374.8230693718482, "median": 557.0, "q1": 278.5, "q3": 635.0, "max": 713}, "y": {"min": -770, "avg": -412.0, "stdev": 387.8298596034091, "median": -466.0, "q1": -618.0, "q3": -233.0, "max": 0}}}