{
  "cities": [
    {
      "number_of_city": 0,
      "x": 0,
      "y": 0
    },
    {
      "number_of_city": 1,
      "x": 407,
      "y": 196
    },
    {
      "number_of_city": 2,
      "x": -300,
      "y": -194
    }
  ],
  "distance_matrix": {
    "0": {
      "2": 357.26180876214573
    },
    "1": {
      "2": 807.4335886003257
    },
    "2": {
      "2": 0.0
    }
  },
  "stats": {
    "x": {
      "min": -300,
      "avg": 35.666666666666664,
      "stdev": 354.8469153498919,
      "median": 0.0,
      "q1": -150.0,
      "q3": 203.5,
      "max": 407
    },
    "y": {
      "min": -194,
      "avg": 0.6666666666666666,
      "stdev": 195.0008546989816,
      "median": 0.0,
      "q1": -97.0,
      "q3": 98.0,
      "max": 196
    }
  }
}