{
  "cities": [
    {
      "number_of_city": 0,
      "x": 0,
      "y": 0
    },
    {
      "number_of_city": 1,
      "x": 686,
      "y": 22
    },
    {
      "number_of_city": 2,
      "x": -4,
      "y": 717
    }
  ],
  "distance_matrix": {
    "0": {
      "2": 717.0111575143026
    },
    "1": {
      "2": 979.3492737527301
    },
    "2": {
      "2": 0.0
    }
  },
  "stats": {
    "x": {
      "min": -4,
      "avg": 227.33333333333334,
      "stdev": 397.2220202019688,
      "median": 0.0,
      "q1": -2.0,
      "q3": 343.0,
      "max": 686
    },
    "y": {
      "min": 0,
      "avg": 246.33333333333334,
      "stdev": 407.7576894840039,
      "median": 22.0,
      "q1": 11.0,
      "q3": 369.5,
      "max": 717
    }
  }
}