{
  "cities": [
    {
      "number_of_city": 0,
      "x": 0,
      "y": 0
    },
    {
      "number_of_city": 1,
      "x": -752,
      "y": -440
    },
    {
      "number_of_city": 2,
      "x": -282,
      "y": 740
    }
  ],
  "distance_matrix": {
    "0": {
      "2": 791.9116112294352
    },
    "1": {
      "2": 1270.1574705523722
    },
    "2": {
      "2": 0.0
    }
  },
  "stats": {
    "x": {
      "min": -752,
      "avg": -344.6666666666667,
      "stdev": 379.8964771267738,
      "median": -282.0,
      "q1": -517.0,
      "q3": -141.0,
      "max": 0
    },
    "y": {
      "min": -440,
      "avg": 100.0,
      "stdev": 596.3220606350229,
      "median": 0.0,
      "q1": -220.0,
      "q3": 370.0,
      "max": 740
    }
  }
}