{
  "cities": [
    {
      "number_of_city": 0,
      "x": 0,
      "y": 0
    },
    {
      "number_of_city": 1,
      "x": 66,
      "y": 355
    },
    {
      "number_of_city": 2,
      "x": -35,
      "y": -931
    }
  ],
  "distance_matrix": {
    "0": {
      "2": 931.657662449035
    },
    "1": {
      "2": 1289.960076901607
    },
    "2": {
      "2": 0.0
    }
  },
  "stats": {
    "x": {
      "min": -35,
      "avg": 10.333333333333334,
      "stdev": 51.2867754234299,
      "median": 0.0,
      "q1": -17.5,
      "q3": 33.0,
      "max": 66
    },
    "y": {
      "min": -931,
      "avg": -192.0,
      "stdev": 664.1513381752686,
      "median": 0.0,
      "q1": -465.5,
      "q3": 177.5,
      "max": 355
    }
  }
}