{
  "cities": [
    {
      "number_of_city": 0,
      "x": 0,
      "y": 0
    },
    {
      "number_of_city": 1,
      "x": -940,
      "y": -514
    },
    {
      "number_of_city": 2,
      "x": 843,
      "y": 268
    }
  ],
  "distance_matrix": {
    "0": {
      "2": 884.5750392137459
    },
    "1": {
      "2": 1946.9496655024238
    },
    "2": {
      "2": 0.0
    }
  },
  "stats": {
    "x": {
      "min": -940,
      "avg": -32.333333333333336,
      "stdev": 891.9396466876743,
      "median": 0.0,
      "q1": -470.0,
      "q3": 421.5,
      "max": 843
    },
    "y": {
      "min": -514,
      "avg": -82.0,
      "stdev": 397.39652741311164,
      "median": 0.0,
      "q1": -257.0,
      "q3": 134.0,
      "max": 268
    }
  }
}