{"cities": [{"number_of_city": 0, "x": 0, "y": 0}, {"number_of_city": 1, "x": 268, "y": 515}, {"number_of_city": 2, "x": -869, "y": -188}], "distance_matrix": {"0": {"2": 889.1034810414365}, "1": {"2": 1336.7789645262974}, "2": {"2": 0.0}}, "stats": {"x": {"min": -869, "avg": -200.33333333333334, "stdev": 594.3839948495697, "median": 0.0, "q1": -434.5, "q3": 134.0, "max": 268}, "y": {"min": -188, "avg": 109.0, "stdev": 363.95466750682016, "median": 0.0, "q1": -94.0, "q3": 257.5, "max": 515}}}