{
  "cities": [
    {
      "number_of_city": 0,
      "x": 0,
      "y": 0
    },
    {
      "number_of_city": 1,
      "x": 891,
      "y": 863
    },
    {
      "number_of_city": 2,
      "x": -822,
      "y": 937
    }
  ],
  "distance_matrix": {
    "0": {
      "2": 1246.4561765260742
    },
    "1": {
      "2": 1714.597620434602
    },
    "2": {
      "2": 0.0
    }
  },
  "stats": {
    "x": {
      "min": -822,
      "avg": 23.0,
      "stdev": 856.7315799011964,
      "median": 0.0,
      "q1": -411.0,
      "q3": 445.5,
      "max": 891
    },
    "y": {
      "min": 0,
      "avg": 600.0,
      "stdev": 520.9308975286453,
      "median": 863.0,
      "q1": 431.5,
      "q3": 900.0,
      "max": 937
    }
  }
}