{"cities": [{"number_of_city": 0, "x": 0, "y": 0}, {"number_of_city": 1, "x": 493, "y": -257}, {"number_of_city": 2, "x": -462, "y": -901}], "distance_matrix": {"0": {"2": 1012.5438262119818}, "1": {"2": 1151.8511188517377}, "2": {"2": 0.0}}, "stats": {"x": {"min": -462, "avg": 10.333333333333334, "stdev": 477.5838495315072, "median": 0.0, "q1": -231.0, "q3": 246.5, "max": 493}, "y": {"min": -901, "avg": -386.0, "stdev": 464.14545134041765, "median": -257.0, "q1": -579.0, "q3": -128.5, "max": 0}}}