{
  "cities": [
    {
      "number_of_city": 0,
      "x": 0,
      "y": 0
    },
    {
      "number_of_city": 1,
      "x": -505,
      "y": 88
    },
    {
      "number_of_city": 2,
      "x": -673,
      "y": -189
    }
  ],
  "distance_matrix": {
    "0": {
      "2": 699.0350491928141
    },
    "1": {
      "2": 323.96450422847255
    },
    "2": {
      "2": 0.0
    }
  },
  "stats": {
    "x": {
      "min": -673,
      "avg": -392.6666666666667,
      "stdev": 350.2803638991677,
      "median": -505.0,
      "q1": -589.0,
      "q3": -252.5,
      "max": 0
    },
    "y": {
      "min": -189,
      "avg": -33.666666666666664,
      "stdev": 141.5356256683572,
      "median": 0.0,
      "q1": -94.5,
      "q3": 44.0,
      "max": 88
    }
  }
}