{
  "cities": [
    {
      "number_of_city": 0,
      "x": 0,
      "y": 0
    },
    {
      "number_of_city": 1,
      "x": -640,
      "y": 561
    },
    {
      "number_of_city": 2,
      "x": 19,
      "y": 124
    }
  ],
  "distance_matrix": {
    "0": {
      "2": 125.44720004846661
    },
    "1": {
      "2": 790.7275131168765
    },
    "2": {
      "2": 0.0
    }
  },
  "stats": {
    "x": {
      "min": -640,
      "avg": -207.0,
      "stdev": 375.1093173996082,
      "median": 0.0,
      "q1": -320.0,
      "q3": 9.5,
      "max": 19
    },
    "y": {
      "min": 0,
      "avg": 228.33333333333334,
      "stdev": 294.69362621769295,
      "median": 124.0,
      "q1": 62.0,
      "q3": 342.5,
      "max": 561
    }
  }
}