{
  "cities": [
    {
      "number_of_city": 0,
      "x": 0,
      "y": 0
    },
    {
      "number_of_city": 1,
      "x": 708,
      "y": -391
    },
    {
      "number_of_city": 2,
      "x": 66,
      "y": 124
    }
  ],
  "distance_matrix": {
    "0": {
      "2": 140.470637501223
    },
    "1": {
      "2": 823.0364511976368
    },
    "2": {
      "2": 0.0
    }
  },
  "stats": {
    "x": {
      "min": 0,
      "avg": 258.0,
      "stdev": 391.1061237055743,
      "median": 66.0,
      "q1": 33.0,
      "q3": 387.0,
      "max": 708
    },
    "y": {
      "min": -391,
      "avg": -89.0,
      "stdev": 268.7880205663935,
      "median": 0.0,
      "q1": -195.5,
      "q3": 62.0,
      "max": 124
    }
  }
}