{
  "cities": [
    {
      "number_of_city": 0,
      "x": 0,
      "y": 0
    },
    {
      "number_of_city": 1,
      "x": 701,
      "y": 602
    },
    {
      "number_of_city": 2,
      "x": 88,
      "y": 96
    }
  ],
  "distance_matrix": {
    "0": {
      "2": 130.23056476879765
    },
    "1": {
      "2": 794.8616231772672
    },
    "2": {
      "2": 0.0
    }
  },
  "stats": {
    "x": {
      "min": 0,
      "avg": 263.0,
      "stdev": 381.8625407132781,
      "median": 88.0,
      "q1": 44.0,
      "q3": 394.5,
      "max": 701
    },
    "y": {
      "min": 0,
      "avg": 232.66666666666666,
      "stdev": 323.43366141039394,
      "median": 96.0,
      "q1": 48.0,
      "q3": 349.0,
      "max": 602
    }
  }
}