{
  "cities": [
    {
      "number_of_city": 0,
      "x": 0,
      "y": 0
    },
    {
      "number_of_city": 1,
      "x": 257,
      "y": 992
    },
    {
      "number_of_city": 2,
      "x": -797,
      "y": 138
    }
  ],
  "distance_matrix": {
    "0": {
      "2": 808.8590730158128
    },
    "1": {
      "2": 1356.5515102641698
    },
    "2": {
      "2": 0.0
    }
  },
  "stats": {
    "x": {
      "min": -797,
      "avg": -180.0,
      "stdev": 549.5716513795085,
      "median": 0.0,
      "q1": -398.5,
      "q3": 128.5,
      "max": 257
    },
    "y": {
      "min": 0,
      "avg": 376.6666666666667,
      "stdev": 537.342845242526,
      "median": 138.0,
      "q1": 69.0,
      "q3": 565.0,
      "max": 992
    }
  }
}