{"cities": [{"number_of_city": 0, "x": 0, "y": 0}, {"number_of_city": 1, "x": 458, "y": -260}, {"number_of_city": 2, "x": 365, "y": 52}], "distance_matrix": {"0": {"2": 368.68550283405506}, "1": {"2": 325.56566157996457}, "2": {"2": 0.0}}, "stats": {"x": {"min": 0, "avg": 274.3333333333333, "stdev": 242.0874497641985, "median": 365.0, "q1": 182.5, "q3": 411.5, "max": 458}, "y": {"min": -260, "avg": -69.33333333333333, "stdev": 167.15661319054456, "median": 0.0, "q1": -130.0, "q3": 26.0, "max": 52}}}