{
  "cities": [
    {
      "number_of_city": 0,
      "x": 0,
      "y": 0
    },
    {
      "number_of_city": 1,
      "x": 763,
      "y": -192
    },
    {
      "number_of_city": 2,
      "x": -910,
      "y": 6
    }
  ],
  "distance_matrix": {
    "0": {
      "2": 910.0197800048085
    },
    "1": {
      "2": 1684.6759332287027
    },
    "2": {
      "2": 0.0
    }
  },
  "stats": {
    "x": {
      "min": -910,
      "avg": -49.0,
      "stdev": 837.5756682234746,
      "median": 0.0,
      "q1": -455.0,
      "q3": 381.5,
      "max": 763
    },
    "y": {
      "min": -192,
      "avg": -62.0,
      "stdev": 112.6232658024087,
      "median": 0.0,
      "q1": -96.0,
      "q3": 3.0,
      "max": 6
    }
  }
}