{"cities": [{"number_of_city": 0, "x": 0, "y": 0}, {"number_of_city": 1, "x": 848, "y": -181}, {"number_of_city": 2, "x": 137, "y": -33}], "distance_matrix": {"0": {"2": 140.91841611372163}, "1": {"2": 726.2403183519901}, "2": {"2": 0.0}}, "stats": {"x": {"min": 0, "avg": 328.3333333333333, "stdev": 455.22778181184566, "median": 137.0, "q1": 68.5, "q3": 492.5, "max": 848}, "y": {"min": -181, "avg": -71.33333333333333, "stdev": 96.39674959942027, "median": -33.0, "q1": -107.0, "q3": -16.5, "max": 0}}}