{
  "cities": [
    {
      "number_of_city": 0,
      "x": 0,
      "y": 0
    },
    {
      "number_of_city": 1,
      "x": 940,
      "y": 194
    },
    {
      "number_of_city": 2,
      "x": -384,
      "y": -828
    }
  ],
  "distance_matrix": {
    "0": {
      "2": 912.7102497507082
    },
    "1": {
      "2": 1672.5609106995178
    },
    "2": {
      "2": 0.0
    }
  },
  "stats": {
    "x": {
      "min": -384,
      "avg": 185.33333333333334,
      "stdev": 681.1793694272701,
      "median": 0.0,
      "q1": -192.0,
      "q3": 470.0,
      "max": 940
    },
    "y": {
      "min": -828,
      "avg": -211.33333333333334,
      "stdev": 542.7866370253907,
      "median": 0.0,
      "q1": -414.0,
      "q3": 97.0,
      "max": 194
    }
  }
}