{"cities": [{"number_of_city": 0, "x": 0, "y": 0}, {"number_of_city": 1, "x": -414, "y": 107}, {"number_of_city": 2, "x": 804, "y": 801}], "distance_matrix": {"0": {"2": 1134.9083663450542}, "1": {"2": 1401.8416458359338}, "2": {"2": 0.0}}, "stats": {"x": {"min": -414, "avg": 130.0, "stdev": 619.3189808168324, "median": 0.0, "q1": -207.0, "q3": 402.0, "max": 804}, "y": {"min": 0, "avg": 302.6666666666667, "stdev": 434.87277833101183, "median": 107.0, "q1": 53.5, "q3": 454.0, "max": 801}}}