{
  "cities": [
    {
      "number_of_city": 0,
      "x": 0,
      "y": 0
    },
    {
      "number_of_city": 1,
      "x": -794,
      "y": 203
    },
    {
      "number_of_city": 2,
      "x": -473,
      "y": 265
    }
  ],
  "distance_matrix": {
    "0": {
      "2": 542.175248420656
    },
    "1": {
      "2": 326.93271479006194
    },
    "2": {
      "2": 0.0
    }
  },
  "stats": {
    "x": {
      "min": -794,
      "avg": -422.3333333333333,
      "stdev": 399.4174925229657,
      "median": -473.0,
      "q1": -633.5,
      "q3": -236.5,
      "max": 0
    },
    "y": {
      "min": 0,
      "avg": 156.0,
      "stdev": 138.61096637712328,
      "median": 203.0,
      "q1": 101.5,
      "q3": 234.0,
      "max": 265
    }
  }
}