{"cities": [{"number_of_city": 0, "x": 0, "y": 0}, {"number_of_city": 1, "x": -89, "y": 629}, {"number_of_city": 2, "x": -662, "y": -442}], "distance_matrix": {"0": {"2": 795.99497485851}, "1": {"2": 1214.648097187}, "2": {"2": 0.0}}, "stats": {"x": {"min": -662, "avg": -250.33333333333334, "stdev": 359.2802991166275, "median": -89.0, "q1": -375.5, "q3": -44.5, "max": 0}, "y": {"min": -442, "avg": 62.333333333333336, "stdev": 538.2140218661469, "median": 0.0, "q1": -221.0, "q3": 314.5, "max": 629}}}