{
  "cities": [
    {
      "number_of_city": 0,
      "x": 0,
      "y": 0
    },
    {
      "number_of_city": 1,
      "x": 665,
      "y": -240
    },
    {
      "number_of_city": 2,
      "x": -149,
      "y": 71
    }
  ],
  "distance_matrix": {
    "0": {
      "2": 165.05150711217394
    },
    "1": {
      "2": 871.3879732931824
    },
    "2": {
      "2": 0.0
    }
  },
  "stats": {
    "x": {
      "min": -149,
      "avg": 172.0,
      "stdev": 433.4016612796956,
      "median": 0.0,
      "q1": -74.5,
      "q3": 332.5,
      "max": 665
    },
    "y": {
      "min": -240,
      "avg": -56.333333333333336,
      "stdev": 162.97341296461008,
      "median": 0.0,
      "q1": -120.0,
      "q3": 35.5,
      "max": 71
    }
  }
}