{
  "cities": [
    {
      "number_of_city": 0,
      "x": 0,
      "y": 0
    },
    {
      "number_of_city": 1,
      "x": -516,
      "y": 357
    },
    {
      "number_of_city": 2,
      "x": -995,
      "y": 301
    }
  ],
  "distance_matrix": {
    "0": {
      "2": 1039.5316253005485
    },
    "1": {
      "2": 482.26237672039065
    },
    "2": {
      "2": 0.0
    }
  },
  "stats": {
    "x": {
      "min": -995,
      "avg": -503.6666666666667,
      "stdev": 497.6146434072588,
      "median": -516.0,
      "q1": -755.5,
      "q3": -258.0,
      "max": 0
    },
    "y": {
      "min": 0,
      "avg": 219.33333333333334,
      "stdev": 192.00086805359328,
      "median": 301.0,
      "q1": 150.5,
      "q3": 329.0,
      "max": 357
    }
  }
}