{
  "cities": [
    {
      "number_of_city": 0,
      "x": 0,
      "y": 0
    },
    {
      "number_of_city": 1,
      "x": -5,
      "y": -409
    },
    {
      "number_of_city": 2,
      "x": 922,
      "y": -972
    }
  ],
  "distance_matrix": {
    "0": {
      "2": 1339.7268378292645
    },
    "1": {
      "2": 1084.5727269298266
    },
    "2": {
      "2": 0.0
    }
  },
  "stats": {
    "x": {
      "min": -5,
      "avg": 305.6666666666667,
      "stdev": 533.7661785213946,
      "median": 0.0,
      "q1": -2.5,
      "q3": 461.0,
      "max": 922
    },
    "y": {
      "min": -972,
      "avg": -460.3333333333333,
      "stdev": 488.0290291912289,
      "median": -409.0,
      "q1": -690.5,
      "q3": -204.5,
      "max": 0
    }
  }
}