{"cities": [{"number_of_city": 0, "x": 0, "y": 0}, {"number_of_city": 1, "x": -659, "y": -335}, {"number_of_city": 2, "x": -756, "y": 737}], "distance_matrix": {"0": {"2": 1055.7959083080405}, "1": {"2": 1076.3795798880617}, "2": {"2": 0.0}}, "stats": {"x": {"min": -756, "avg": -471.6666666666667, "stdev": 411.3445433372532, "median": -659.0, "q1": -707.5, "q3": -329.5, "max": 0}, "y": {"min": -335, "avg": 134.0, "stdev": 548.4186357154541, "median": 0.0, "q1": -167.5, "q3": 368.5, "max": 737}}}