{
  "cities": [
    {
      "number_of_city": 0,
      "x": 0,
      "y": 0
    },
    {
      "number_of_city": 1,
      "x": 1000,
      "y": -478
    },
    {
      "number_of_city": 2,
      "x": -101,
      "y": 131
    }
  ],
  "distance_matrix": {
    "0": {
      "2": 165.41463055002117
    },
    "1": {
      "2": 1258.2058655085025
    },
    "2": {
      "2": 0.0
    }
  },
  "stats": {
    "x": {
      "min": -101,
      "avg": 299.6666666666667,
      "stdev": 608.6052360383809,
      "median": 0.0,
      "q1": -50.5,
      "q3": 500.0,
      "max": 1000
    },
    "y": {
      "min": -478,
      "avg": -115.66666666666667,
      "stdev": 320.55316771689115,
      "median": 0.0,
      "q1": -239.0,
      "q3": 65.5,
      "max": 131
    }
  }
}