{"cities": [{"number_of_city": 0, "x": 0, "y": 0}, {"number_of_city": 1, "x": 745, "y": -981}, {"number_of_city": 2, "x": 346, "y": -72}], "distance_matrix": {"0": {"2": 353.41194094144583}, "1": {"2": 992.7144604567821}, "2": {"2": 0.0}}, "stats": {"x": {"min": 0, "avg": 363.6666666666667, "stdev": 372.81407341104136, "median": 346.0, "q1": 173.0, "q3": 545.5, "max": 745}, "y": {"min": -981, "avg": -351.0, "stdev": 546.7824064470253, "median": -72.0, "q1": -526.5, "q3": -36.0, "max": 0}}}