{
  "cities": [
    {
      "number_of_city": 0,
      "x": 0,
      "y": 0
    },
    {
      "number_of_city": 1,
      "x": -942,
      "y": 785
    },
    {
      "number_of_city": 2,
      "x": -449,
      "y": -810
    }
  ],
  "distance_matrix": {
    "0": {
      "2": 926.1214823121209
    },
    "1": {
      "2": 1669.4532038964135
    },
    "2": {
      "2": 0.0
    }
  },
  "stats": {
    "x": {
      "min": -942,
      "avg": -463.6666666666667,
      "stdev": 471.1712356811834,
      "median": -449.0,
      "q1": -695.5,
      "q3": -224.5,
      "max": 0
    },
    "y": {
      "min": -810,
      "avg": -8.333333333333334,
      "stdev": 797.5326534589874,
      "median": 0.0,
      "q1": -405.0,
      "q3": 392.5,
      "max": 785
    }
  }
}