{"cities": [{"number_of_city": 0, "x": 0, "y": 0}, {"number_of_city": 1, "x": -918, "y": -721}, {"number_of_city": 2, "x": 707, "y": -360}], "distance_matrix": {"0": {"2": 793.3782200186744}, "1": {"2": 1664.6158716052182}, "2": {"2": 0.0}}, "stats": {"x": {"min": -918, "avg": -70.33333333333333, "stdev": 814.779929387889, "median": 0.0, "q1": -459.0, "q3": 353.5, "max": 707}, "y": {"min": -721, "avg": -360.3333333333333, "stdev": 360.5001155801941, "median": -360.0, "q1": -540.5, "q3": -180.0, "max": 0}}}