{
  "cities": [
    {
      "number_of_city": 0,
      "x": 0,
      "y": 0
    },
    {
      "number_of_city": 1,
      "x": -260,
      "y": 246
    },
    {
      "number_of_city": 2,
      "x": 641,
      "y": -801
    }
  ],
  "distance_matrix": {
    "0": {
      "2": 1025.9054537334325
    },
    "1": {
      "2": 1381.3073517505075
    },
    "2": {
      "2": 0.0
    }
  },
  "stats": {
    "x": {
      "min": -260,
      "avg": 127.0,
      "stdev": 463.7316034086959,
      "median": 0.0,
      "q1": -130.0,
      "q3": 320.5,
      "max": 641
    },
    "y": {
      "min": -801,
      "avg": -185.0,
      "stdev": 547.4678072727199,
      "median": 0.0,
      "q1": -400.5,
      "q3": 123.0,
      "max": 246
    }
  }
}