{"cities": [{"number_of_city": 0, "x": 0, "y": 0}, {"number_of_city": 1, "x": -785, "y": -453}, {"number_of_city": 2, "x": -436, "y": -873}], "distance_matrix": {"0": {"2": 975.8201678588119}, "1": {"2": 546.077833280202}, "2": {"2": 0.0}}, "stats": {"x": {"min": -785, "avg": -407.0, "stdev": 393.302682421567, "median": -436.0, "q1": -610.5, "q3": -218.0, "max": 0}, "y": {"min": -873, "avg": -442.0, "stdev": 436.60393951497963, "median": -453.0, "q1": -663.0, "q3": -226.5, "max": 0}}}