{
  "cities": [
    {
      "number_of_city": 0,
      "x": 0,
      "y": 0
    },
    {
      "number_of_city": 1,
      "x": 462,
      "y": -350
    },
    {
      "number_of_city": 2,
      "x": 153,
      "y": -963
    }
  ],
  "distance_matrix": {
    "0": {
      "2": 975.0784583816833
    },
    "1": {
      "2": 686.476510887299
    },
    "2": {
      "2": 0.0
    }
  },
  "stats": {
    "x": {
      "min": 0,
      "avg": 205.0,
      "stdev": 235.34867749787762,
      "median": 153.0,
      "q1": 76.5,
      "q3": 307.5,
      "max": 462
    },
    "y": {
      "min": -963,
      "avg": -437.6666666666667,
      "stdev": 487.44880073022364,
      "median": -350.0,
      "q1": -656.5,
      "q3": -175.0,
      "max": 0
    }
  }
}