{"cities": [{"number_of_city": 0, "x": 0, "y": 0}, {"number_of_city": 1, "x": -584, "y": -332}, {"number_of_city": 2, "x": -746, "y": -809}], "distance_matrix": {"0": {"2": 1100.453088504912}, "1": {"2": 503.75887088963503}, "2": {"2": 0.0}}, "stats": {"x": {"min": -746, "avg": -443.3333333333333, "stdev": 392.38926251024424, "median": -584.0, "q1": -665.0, "q3": -292.0, "max": 0}, "y": {"min": -809, "avg": -380.3333333333333, "stdev": 406.6599726225011, "median": -332.0, "q1": -570.5, "q3": -166.0, "max": 0}}}