{
  "cities": [
    {
      "number_of_city": 0,
      "x": 0,
      "y": 0
    },
    {
      "number_of_city": 1,
      "x": -871,
      "y": 200
    },
    {
      "number_of_city": 2,
      "x": -939,
      "y": -748
    }
  ],
  "distance_matrix": {
    "0": {
      "2": 1200.5103081606587
    },
    "1": {
      "2": 950.4356895655802
    },
    "2": {
      "2": 0.0
    }
  },
  "stats": {
    "x": {
      "min": -939,
      "avg": -603.3333333333334,
      "stdev": 523.607040950877,
      "median": -871.0,
      "q1": -905.0,
      "q3": -435.5,
      "max": 0
    },
    "y": {
      "min": -748,
      "avg": -182.66666666666666,
      "stdev": 499.70124407823255,
      "median": 0.0,
      "q1": -374.0,
      "q3": 100.0,
      "max": 200
    }
  }
}