{"cities": [{"number_of_city": 0, "x": 0, "y": 0}, {"number_of_city": 1, "x": -504, "y": 629}, {"number_of_city": 2, "x": -523, "y": 277}], "distance_matrix": {"0": {"2": 591.8259879390225}, "1": {"2": 352.51241112902676}, "2": {"2": 0.0}}, "stats": {"x": {"min": -523, "avg": -342.3333333333333, "stdev": 296.62153214716784, "median": -504.0, "q1": -513.5, "q3": -252.0, "max": 0}, "y": {"min": 0, "avg": 302.0, "stdev": 315.24434967180616, "median": 277.0, "q1": 138.5, "q3": 453.0, "max": 629}}}