{"cities": [{"number_of_city": 0, "x": 0, "y": 0}, {"number_of_city": 1, "x": 310, "y": -140}, {"number_of_city": 2, "x": 153, "y": 155}], "distance_matrix": {"0": {"2": 217.79348015953096}, "1": {"2": 334.17660001861293}, "2": {"2": 0.0}}, "stats": {"x": {"min": 0, "avg": 154.33333333333334, "stdev": 155.00430101559547, "median": 153.0, "q1": 76.5, "q3": 231.5, "max": 310}, "y": {"min": -140, "avg": 5.0, "stdev": 147.56354563373705, "median": 0.0, "q1": -70.0, "q3": 77.5, "max": 155}}}