{"cities": [{"number_of_city": 0, "x": 0, "y": 0}, {"number_of_city": 1, "x": -979, "y": -511}, {"number_of_city": 2, "x": 686, "y": -664}], "distance_matrix": {"0": {"2": 954.7209016251818}, "1": {"2": 1672.0149520862544}, "2": {"2": 0.0}}, "stats": {"x": {"min": -979, "avg": -97.66666666666667, "stdev": 836.7857153019124, "median": 0.0, "q1": -489.5, "q3": 343.0, "max": 686}, "y": {"min": -664, "avg": -391.6666666666667, "stdev": 347.713004262615, "median": -511.0, "q1": -587.5, "q3": -255.5, "max": 0}}}