{"cities": [{"number_of_city": 0, "x": 0, "y": 0}, {"number_of_city": 1, "x": 160, "y": 697}, {"number_of_city": 2, "x": 95, "y": -397}], "distance_matrix": {"0": {"2": 408.20828017079714}, "1": {"2": 1095.9292860399341}, "2": {"2": 0.0}}, "stats": {"x": {"min": 0, "avg": 85.0, "stdev": 80.46738469715541, "median": 95.0, "q1": 47.5, "q3": 127.5, "max": 160}, "y": {"min": -397, "avg": 100.0, "stdev": 553.8131453838921, "median": 0.0, "q1": -198.5, "q3": 348.5, "max": 697}}}