{
  "cities": [
    {
      "number_of_city": 0,
      "x": 0,
      "y": 0
    },
    {
      "number_of_city": 1,
      "x": -681,
      "y": -747
    },
    {
      "number_of_city": 2,
      "x": -234,
      "y": -775
    }
  ],
  "distance_matrix": {
    "0": {
      "2": 809.5560511786691
    },
    "1": {
      "2": 447.87609893808803
    },
    "2": {
      "2": 0.0
    }
  },
  "stats": {
    "x": {
      "min": -681,
      "avg": -305.0,
      "stdev": 346.0072253580841,
      "median": -234.0,
      "q1": -457.5,
      "q3": -117.0,
      "max": 0
    },
    "y": {
      "min": -775,
      "avg": -507.3333333333333,
      "stdev": 439.58654817149863,
      "median": -747.0,
      "q1": -761.0,
      "q3": -373.5,
      "max": 0
    }
  }
}