{
  "cities": [
    {
      "number_of_city": 0,
      "x": 0,
      "y": 0
    },
    {
      "number_of_city": 1,
      "x": -528,
      "y": -194
    },
    {
      "number_of_city": 2,
      "x": -941,
      "y": 281
    }
  ],
  "distance_matrix": {
    "0": {
      "2": 982.0600796285327
    },
    "1": {
      "2": 629.439433146669
    },
    "2": {
      "2": 0.0
    }
  },
  "stats": {
    "x": {
      "min": -941,
      "avg": -489.6666666666667,
      "stdev": 471.66972908310885,
      "median": -528.0,
      "q1": -734.5,
      "q3": -264.0,
      "max": 0
    },
    "y": {
      "min": -194,
      "avg": 29.0,
      "stdev": 238.8242031285774,
      "median": 0.0,
      "q1": -97.0,
      "q3": 140.5,
      "max": 281
    }
  }
}