{
  "cities": [
    {
      "number_of_city": 0,
      "x": 0,
      "y": 0
    },
    {
      "number_of_city": 1,
      "x": -332,
      "y": -255
    },
    {
      "number_of_city": 2,
      "x": 846,
      "y": 685
    }
  ],
  "distance_matrix": {
    "0": {
      "2": 1088.5499529190197
    },
    "1": {
      "2": 1507.0779674588837
    },
    "2": {
      "2": 0.0
    }
  },
  "stats": {
    "x": {
      "min": -332,
      "avg": 171.33333333333334,
      "stdev": 607.4021183148222,
      "median": 0.0,
      "q1": -166.0,
      "q3": 423.0,
      "max": 846
    },
    "y": {
      "min": -255,
      "avg": 143.33333333333334,
      "stdev": 486.1155555352383,
      "median": 0.0,
      "q1": -127.5,
      "q3": 342.5,
      "max": 685
    }
  }
}