{
  "cities": [
    {
      "number_of_city": 0,
      "x": 0,
      "y": 0
    },
    {
      "number_of_city": 1,
      "x": 198,
      "y": 372
    },
    {
      "number_of_city": 2,
      "x": 59,
      "y": -534
    }
  ],
  "distance_matrix": {
    "0": {
      "2": 537.2494765004429
    },
    "1": {
      "2": 916.600785511337
    },
    "2": {
      "2": 0.0
    }
  },
  "stats": {
    "x": {
      "min": 0,
      "avg": 85.66666666666667,
      "stdev": 101.65792312128619,
      "median": 59.0,
      "q1": 29.5,
      "q3": 128.5,
      "max": 198
    },
    "y": {
      "min": -534,
      "avg": -54.0,
      "stdev": 455.4075098195022,
      "median": 0.0,
      "q1": -267.0,
      "q3": 186.0,
      "max": 372
    }
  }
}