{"cities": [{"number_of_city": 0, "x": 0, "y": 0}, {"number_of_city": 1, "x": -767, "y": 846}, {"number_of_city": 2, "x": -414, "y": 837}], "distance_matrix": {"0": {"2": 933.7906617652588}, "1": {"2": 353.1147122395214}, "2": {"2": 0.0}}, "stats": {"x": {"min": -767, "avg": -393.6666666666667, "stdev": 383.9040678780746, "median": -414.0, "q1": -590.5, "q3": -207.0, "max": 0}, "y": {"min": 0, "avg": 561.0, "stdev": 485.8610912596315, "median": 837.0, "q1": 418.5, "q3": 841.5, "max": 846}}}