{"cities": [{"number_of_city": 0, "x": 0, "y": 0}, {"number_of_city": 1, "x": -41, "y": 29}, {"number_of_city": 2, "x": -470, "y": 308}], "distance_matrix": {"0": {"2": 561.9288211152726}, "1": {"2": 511.7440766633259}, "2": {"2": 0.0}}, "stats": {"x": {"min": -470, "avg": -170.33333333333334, "stdev": 260.3273580193471, "median": -41.0, "q1": -255.5, "q3": -20.5, "max": 0}, "y": {"min": 0, "avg": 112.33333333333333, "stdev": 170.0715535688827, "median": 29.0, "q1": 14.5, "q3": 168.5, "max": 308}}}