{"cities": [{"number_of_city": 0, "x": 0, "y": 0}, {"number_of_city": 1, "x": -73, "y": 65}, {"number_of_city": 2, "x": 342, "y": -510}], "distance_matrix": {"0": {"2": 614.055372096035}, "1": {"2": 709.1191719309245}, "2": {"2": 0.0}}, "stats": {"x": {"min": -73, "avg": 89.66666666666667, "stdev": 221.55435751375626, "median": 0.0, "q1": -36.5, "q3": 171.0, "max": 342}, "y": {"min": -510, "avg": -148.33333333333334, "stdev": 314.8941621137701, "median": 0.0, "q1": -255.0, "q3": 32.5, "max": 65}}}