{"cities": [{"number_of_city": 0, "x": 0, "y": 0}, {"number_of_city": 1, "x": 750, "y": 840}, {"number_of_city": 2, "x": -352, "y": -975}], "distance_matrix": {"0": {"2": 1036.5949064123363}, "1": {"2": 2123.3532442813184}, "2": {"2": 0.0}}, "stats": {"x": {"min": -352, "avg": 132.66666666666666, "stdev": 562.8510756259896, "median": 0.0, "q1": -176.0, "q3": 375.0, "max": 750}, "y": {"min": -975, "avg": -45.0, "stdev": 908.336391432161, "median": 0.0, "q1": -487.5, "q3": 420.0, "max": 840}}}