{"cities": [{"number_of_city": 0, "x": 0, "y": 0}, {"number_of_city": 1, "x": 632, "y": 211}, {"number_of_city": 2, "x": -881, "y": -762}], "distance_matrix": {"0": {"2": 1164.8197285417173}, "1": {"2": 1798.8601946788417}, "2": {"2": 0.0}}, "stats": {"x": {"min": -881, "avg": -83.0, "stdev": 759.9072311802277, "median": 0.0, "q1": -440.5, "q3": 316.0, "max": 632}, "y": {"min": -762, "avg": -183.66666666666666, "stdev": 511.84209804717443, "median": 0.0, "q1": -381.0, "q3": 105.5, "max": 211}}}