{"cities": [{"number_of_city": 0, "x": 0, "y": 0}, {"number_of_city": 1, "x": -200, "y": -610}, {"number_of_city": 2, "x": 163, "y": 179}], "distance_matrix": {"0": {"2": 242.09502266672067}, "1": {"2": 868.4987046622465}, "2": {"2": 0.0}}, "stats": {"x": {"min": -200, "avg": -12.333333333333334, "stdev": 181.81400752783964, "median": 0.0, "q1": -100.0, "q3": 81.5, "max": 163}, "y": {"min": -610, "avg": -143.66666666666666, "stdev": 413.65484807183554, "median": 0.0, "q1": -305.0, "q3": 89.5, "max": 179}}}