{
  "cities": [
    {
      "number_of_city": 0,
      "x": 0,
      "y": 0
    },
    {
      "number_of_city": 1,
      "x": -854,
      "y": 551
    },
    {
      "number_of_city": 2,
      "x": -71,
      "y": -808
    }
  ],
  "distance_matrix": {
    "0": {
      "2": 811.1134322645631
    },
    "1": {
      "2": 1568.4291504559585
    },
    "2": {
      "2": 0.0
    }
  },
  "stats": {
    "x": {
      "min": -854,
      "avg": -308.3333333333333,
      "stdev": 473.89274454599257,
      "median": -71.0,
      "q1": -462.5,
      "q3": -35.5,
      "max": 0
    },
    "y": {
      "min": -808,
      "avg": -85.66666666666667,
      "stdev": 683.5380994014404,
      "median": 0.0,
      "q1": -404.0,
      "q3": 275.5,
      "max": 551
    }
  }
}