{
  "cities": [
    {
      "number_of_city": 0,
      "x": 0,
      "y": 0
    },
    {
      "number_of_city": 1,
      "x": 376,
      "y": -373
    },
    {
      "number_of_city": 2,
      "x": -803,
      "y": -367
    }
  ],
  "distance_matrix": {
    "0": {
      "2": 882.8918393551953
    },
    "1": {
      "2": 1179.0152670767245
    },
    "2": {
      "2": 0.0
    }
  },
  "stats": {
    "x": {
      "min": -803,
      "avg": -142.33333333333334,
      "stdev": 602.2493946309397,
      "median": 0.0,
      "q1": -401.5,
      "q3": 188.0,
      "max": 376
    },
    "y": {
      "min": -373,
      "avg": -246.66666666666666,
      "stdev": 213.64066404440268,
      "median": -367.0,
      "q1": -370.0,
      "q3": -183.5,
      "max": 0
    }
  }
}