{"cities": [{"number_of_city": 0, "x": 0, "y": 0}, {"number_of_city": 1, "x": 805, "y": -365}, {"number_of_city": 2, "x": -483, "y": -899}], "distance_matrix": {"0": {"2": 1020.5341738521057}, "1": {"2": 1394.3098651304165}, "2": {"2": 0.0}}, "stats": {"x": {"min": -483, "avg": 107.33333333333333, "stdev": 650.6737533767083, "median": 0.0, "q1": -241.5, "q3": 402.5, "max": 805}, "y": {"min": -899, "avg": -421.3333333333333, "stdev": 452.1397276653903, "median": -365.0, "q1": -632.0, "q3": -182.5, "max": 0}}}