{
  "cities": [
    {
      "number_of_city": 0,
      "x": 0,
      "y": 0
    },
    {
      "number_of_city": 1,
      "x": -328,
      "y": 715
    },
    {
      "number_of_city": 2,
      "x": -232,
      "y": -517
    }
  ],
  "distance_matrix": {
    "0": {
      "2": 566.6683333308823
    },
    "1": {
      "2": 1235.7345993375761
    },
    "2": {
      "2": 0.0
    }
  },
  "stats": {
    "x": {
      "min": -328,
      "avg": -186.66666666666666,
      "stdev": 168.63372537346535,
      "median": -232.0,
      "q1": -280.0,
      "q3": -116.0,
      "max": 0
    },
    "y": {
      "min": -517,
      "avg": 66.0,
      "stdev": 618.6461023881101,
      "median": 0.0,
      "q1": -258.5,
      "q3": 357.5,
      "max": 715
    }
  }
}