{
  "cities": [
    {
      "number_of_city": 0,
      "x": 0,
      "y": 0
    },
    {
      "number_of_city": 1,
      "x": -148,
      "y": -771
    },
    {
      "number_of_city": 2,
      "x": -146,
      "y": 652
    }
  ],
  "distance_matrix": {
    "0": {
      "2": 668.1466904804663
    },
    "1": {
      "2": 1423.0014054806834
    },
    "2": {
      "2": 0.0
    }
  },
  "stats": {
    "x": {
      "min": -148,
      "avg": -98.0,
      "stdev": 84.87638069569178,
      "median": -146.0,
      "q1": -147.0,
      "q3": -73.0,
      "max": 0
    },
    "y": {
      "min": -771,
      "avg": -39.666666666666664,
      "stdev": 712.3288098436939,
      "median": 0.0,
      "q1": -385.5,
      "q3": 326.0,
      "max": 652
    }
  }
}