{"cities": [{"number_of_city": 0, "x": 0, "y": 0}, {"number_of_city": 1, "x": 602, "y": 683}, {"number_of_city": 2, "x": 273, "y": -723}], "distance_matrix": {"0": {"2": 772.8246890466169}, "1": {"2": 1443.9795704926023}, "2": {"2": 0.0}}, "stats": {"x": {"min": 0, "avg": 291.6666666666667, "stdev": 301.43379593757123, "median": 273.0, "q1": 136.5, "q3": 437.5, "max": 602}, "y": {"min": -723, "avg": -13.333333333333334, "stdev": 703.0948252784494, "median": 0.0, "q1": -361.5, "q3": 341.5, "max": 683}}}