{
  "cities": [
    {
      "number_of_city": 0,
      "x": 0,
      "y": 0
    },
    {
      "number_of_city": 1,
      "x": 2,
      "y": 148
    },
    {
      "number_of_city": 2,
      "x": -996,
      "y": -588
    }
  ],
  "distance_matrix": {
    "0": {
      "2": 1156.615752962063
    },
    "1": {
      "2": 1240.0403219250575
    },
    "2": {
      "2": 0.0
    }
  },
  "stats": {
    "x": {
      "min": -996,
      "avg": -331.3333333333333,
      "stdev": 575.6190870126992,
      "median": 0.0,
      "q1": -498.0,
      "q3": 1.0,
      "max": 2
    },
    "y": {
      "min": -588,
      "avg": -146.66666666666666,
      "stdev": 389.30365183662656,
      "median": 0.0,
      "q1": -294.0,
      "q3": 74.0,
      "max": 148
    }
  }
}