{
  "cities": [
    {
      "number_of_city": 0,
      "x": 0,
      "y": 0
    },
    {
      "number_of_city": 1,
      "x": -367,
      "y": -554
    },
    {
      "number_of_city": 2,
      "x": 48,
      "y": 383
    }
  ],
  "distance_matrix": {
    "0": {
      "2": 385.9961139700761
    },
    "1": {
      "2": 1024.7897345309427
    },
    "2": {
      "2": 0.0
    }
  },
  "stats": {
    "x": {
      "min": -367,
      "avg": -106.33333333333333,
      "stdev": 227.01615214194197,
      "median": 0.0,
      "q1": -183.5,
      "q3": 24.0,
      "max": 48
    },
    "y": {
      "min": -554,
      "avg": -57.0,
      "stdev": 471.09340899655984,
      "median": 0.0,
      "q1": -277.0,
      "q3": 191.5,
      "max": 383
    }
  }
}