{
  "cities": [
    {
      "number_of_city": 0,
      "x": 0,
      "y": 0
    },
    {
      "number_of_city": 1,
      "x": 830,
      "y": -205
    },
    {
      "number_of_city": 2,
      "x": -7,
      "y": -501
    }
  ],
  "distance_matrix": {
    "0": {
      "2": 501.0488998091903
    },
    "1": {
      "2": 887.7978373481207
    },
    "2": {
      "2": 0.0
    }
  },
  "stats": {
    "x": {
      "min": -7,
      "avg": 274.3333333333333,
      "stdev": 481.23417722906316,
      "median": 0.0,
      "q1": -3.5,
      "q3": 415.0,
      "max": 830
    },
    "y": {
      "min": -501,
      "avg": -235.33333333333334,
      "stdev": 251.8736455712136,
      "median": -205.0,
      "q1": -353.0,
      "q3": -102.5,
      "max": 0
    }
  }
}