{
  "cities": [
    {
      "number_of_city": 0,
      "x": 0,
      "y": 0
    },
    {
      "number_of_city": 1,
      "x": 492,
      "y": -739
    },
    {
      "number_of_city": 2,
      "x": 79,
      "y": 384
    }
  ],
  "distance_matrix": {
    "0": {
      "2": 392.0420895771269
    },
    "1": {
      "2": 1196.5358331450002
    },
    "2": {
      "2": 0.0
    }
  },
  "stats": {
    "x": {
      "min": 0,
      "avg": 190.33333333333334,
      "stdev": 264.22023641903985,
      "median": 79.0,
      "q1": 39.5,
      "q3": 285.5,
      "max": 492
    },
    "y": {
      "min": -739,
      "avg": -118.33333333333333,
      "stdev": 570.775203852912,
      "median": 0.0,
      "q1": -369.5,
      "q3": 192.0,
      "max": 384
    }
  }
}