{
  "cities": [
    {
      "number_of_city": 0,
      "x": 0,
      "y": 0
    },
    {
      "number_of_city": 1,
      "x": -154,
      "y": -288
    },
    {
      "number_of_city": 2,
      "x": -83,
      "y": -512
    }
  ],
  "distance_matrix": {
    "0": {
      "2": 518.683911452823
    },
    "1": {
      "2": 234.98297810692586
    },
    "2": {
      "2": 0.0
    }
  },
  "stats": {
    "x": {
      "min": -154,
      "avg": -79.0,
      "stdev": 77.07788269017254,
      "median": -83.0,
      "q1": -118.5,
      "q3": -41.5,
      "max": 0
    },
    "y": {
      "min": -512,
      "avg": -266.6666666666667,
      "stdev": 256.6658008643406,
      "median": -288.0,
      "q1": -400.0,
      "q3": -144.0,
      "max": 0
    }
  }
}