{
  "cities": [
    {
      "number_of_city": 0,
      "x": 0,
      "y": 0
    },
    {
      "number_of_city": 1,
      "x": 425,
      "y": 554
    },
    {
      "number_of_city": 2,
      "x": 319,
      "y": 139
    }
  ],
  "distance_matrix": {
    "0": {
      "2": 347.96838936891953
    },
    "1": {
      "2": 428.32347589176106
    },
    "2": {
      "2": 0.0
    }
  },
  "stats": {
    "x": {
      "min": 0,
      "avg": 248.0,
      "stdev": 221.2170879475634,
      "median": 319.0,
      "q1": 159.5,
      "q3": 372.0,
      "max": 425
    },
    "y": {
      "min": 0,
      "avg": 231.0,
      "stdev": 288.2308102892541,
      "median": 139.0,
      "q1": 69.5,
      "q3": 346.5,
      "max": 554
    }
  }
}