{
  "cities": [
    {
      "number_of_city": 0,
      "x": 0,
      "y": 0
    },
    {
      "number_of_city": 1,
      "x": -205,
      "y": -103
    },
    {
      "number_of_city": 2,
      "x": -172,
      "y": -566
    }
  ],
  "distance_matrix": {
    "0": {
      "2": 591.5572668812378
    },
    "1": {
      "2": 464.1745361391553
    },
    "2": {
      "2": 0.0
    }
  },
  "stats": {
    "x": {
      "min": -205,
      "avg": -125.66666666666667,
      "stdev": 110.07421738687646,
      "median": -172.0,
      "q1": -188.5,
      "q3": -86.0,
      "max": 0
    },
    "y": {
      "min": -566,
      "avg": -223.0,
      "stdev": 301.4780257332199,
      "median": -103.0,
      "q1": -334.5,
      "q3": -51.5,
      "max": 0
    }
  }
}