{
  "cities": [
    {
      "number_of_city": 0,
      "x": 0,
      "y": 0
    },
    {
      "number_of_city": 1,
      "x": 139,
      "y": 693
    },
    {
      "number_of_city": 2,
      "x": 269,
      "y": -727
    }
  ],
  "distance_matrix": {
    "0": {
      "2": 775.1709488880501
    },
    "1": {
      "2": 1425.9382875847048
    },
    "2": {
      "2": 0.0
    }
  },
  "stats": {
    "x": {
      "min": 0,
      "avg": 136.0,
      "stdev": 134.52509059651288,
      "median": 139.0,
      "q1": 69.5,
      "q3": 204.0,
      "max": 269
    },
    "y": {
      "min": -727,
      "avg": -11.333333333333334,
      "stdev": 710.0678371348286,
      "median": 0.0,
      "q1": -363.5,
      "q3": 346.5,
      "max": 693
    }
  }
}