{
  "cities": [
    {
      "number_of_city": 0,
      "x": 0,
      "y": 0
    },
    {
      "number_of_city": 1,
      "x": -252,
      "y": -802
    },
    {
      "number_of_city": 2,
      "x": 246,
      "y": -685
    }
  ],
  "distance_matrix": {
    "0": {
      "2": 727.8330852606249
    },
    "1": {
      "2": 511.5593807174295
    },
    "2": {
      "2": 0.0
    }
  },
  "stats": {
    "x": {
      "min": -252,
      "avg": -2.0,
      "stdev": 249.00602402351635,
      "median": 0.0,
      "q1": -126.0,
      "q3": 123.0,
      "max": 246
    },
    "y": {
      "min": -802,
      "avg": -495.6666666666667,
      "stdev": 433.2278076639741,
      "median": -685.0,
      "q1": -743.5,
      "q3": -342.5,
      "max": 0
    }
  }
}