{
  "cities": [
    {
      "number_of_city": 0,
      "x": 0,
      "y": 0
    },
    {
      "number_of_city": 1,
      "x": 365,
      "y": 991
    },
    {
      "number_of_city": 2,
      "x": -851,
      "y": 490
    }
  ],
  "distance_matrix": {
    "0": {
      "2": 981.9882891358735
    },
    "1": {
      "2": 1315.1642482975274
    },
    "2": {
      "2": 0.0
    }
  },
  "stats": {
    "x": {
      "min": -851,
      "avg": -162.0,
      "stdev": 623.9767623878313,
      "median": 0.0,
      "q1": -425.5,
      "q3": 182.5,
      "max": 365
    },
    "y": {
      "min": 0,
      "avg": 493.6666666666667,
      "stdev": 495.51017480303403,
      "median": 490.0,
      "q1": 245.0,
      "q3": 740.5,
      "max": 991
    }
  }
}