{
  "cities": [
    {
      "number_of_city": 0,
      "x": 0,
      "y": 0
    },
    {
      "number_of_city": 1,
      "x": -799,
      "y": -792
    },
    {
      "number_of_city": 2,
      "x": -624,
      "y": -127
    }
  ],
  "distance_matrix": {
    "0": {
      "2": 636.7927449335459
    },
    "1": {
      "2": 687.6408946535976
    },
    "2": {
      "2": 0.0
    }
  },
  "stats": {
    "x": {
      "min": -799,
      "avg": -474.3333333333333,
      "stdev": 420.00039682520935,
      "median": -624.0,
      "q1": -711.5,
      "q3": -312.0,
      "max": 0
    },
    "y": {
      "min": -792,
      "avg": -306.3333333333333,
      "stdev": 425.3661168138963,
      "median": -127.0,
      "q1": -459.5,
      "q3": -63.5,
      "max": 0
    }
  }
}