{"cities": [{"number_of_city": 0, "x": 0, "y": 0}, {"number_of_city": 1, "x": 248, "y": 646}, {"number_of_city": 2, "x": 542, "y": 613}], "distance_matrix": {"0": {"2": 818.2499618087372}, "1": {"2": 295.8462438497403}, "2": {"2": 0.0}}, "stats": {"x": {"min": 0, "avg": 263.3333333333333, "stdev": 271.3251432015348, "median": 248.0, "q1": 124.0, "q3": 395.0, "max": 542}, "y": {"min": 0, "avg": 419.6666666666667, "stdev": 363.81634561043757, "median": 613.0, "q1": 306.5, "q3": 629.5, "max": 646}}}