{"cities": [{"number_of_city": 0, "x": 0, "y": 0}, {"number_of_city": 1, "x": -757, "y": 803}, {"number_of_city": 2, "x": 548, "y": 827}], "distance_matrix": {"0": {"2": 992.0851777947295}, "1": {"2": 1305.2206709978202}, "2": {"2": 0.0}}, "stats": {"x": {"min": -757, "avg": -69.66666666666667, "stdev": 655.283399250533, "median": 0.0, "q1": -378.5, "q3": 274.0, "max": 548}, "y": {"min": 0, "avg": 543.3333333333334, "stdev": 470.6934600494608, "median": 803.0, "q1": 401.5, "q3": 815.0, "max": 827}}}