{"cities": [{"number_of_city": 0, "x": 0, "y": 0}, {"number_of_city": 1, "x": -999, "y": -332}, {"number_of_city": 2, "x": 769, "y": 685}], "distance_matrix": {"0": {"2": 1029.8475615352013}, "1": {"2": 2039.6355066530882}, "2": {"2": 0.0}}, "stats": {"x": {"min": -999, "avg": -76.66666666666667, "stdev": 886.4898946594559, "median": 0.0, "q1": -499.5, "q3": 384.5, "max": 769}, "y": {"min": -332, "avg": 117.66666666666667, "stdev": 518.610001189076, "median": 0.0, "q1": -166.0, "q3": 342.5, "max": 685}}}