{
  "cities": [
    {
      "number_of_city": 0,
      "x": 0,
      "y": 0
    },
    {
      "number_of_city": 1,
      "x": 457,
      "y": -148
    },
    {
      "number_of_city": 2,
      "x": 571,
      "y": 136
    }
  ],
  "distance_matrix": {
    "0": {
      "2": 586.9727421269237
    },
    "1": {
      "2": 306.0261426741186
    },
    "2": {
      "2": 0.0
    }
  },
  "stats": {
    "x": {
      "min": 0,
      "avg": 342.6666666666667,
      "stdev": 302.1826158688374,
      "median": 457.0,
      "q1": 228.5,
      "q3": 514.0,
      "max": 571
    },
    "y": {
      "min": -148,
      "avg": -4.0,
      "stdev": 142.04224723651762,
      "median": 0.0,
      "q1": -74.0,
      "q3": 68.0,
      "max": 136
    }
  }
}