{
  "cities": [
    {
      "number_of_city": 0,
      "x": 0,
      "y": 0
    },
    {
      "number_of_city": 1,
      "x": -252,
      "y": -204
    },
    {
      "number_of_city": 2,
      "x": -367,
      "y": 532
    }
  ],
  "distance_matrix": {
    "0": {
      "2": 646.3072024973883
    },
    "1": {
      "2": 744.9301980722757
    },
    "2": {
      "2": 0.0
    }
  },
  "stats": {
    "x": {
      "min": -367,
      "avg": -206.33333333333334,
      "stdev": 187.71343407794055,
      "median": -252.0,
      "q1": -309.5,
      "q3": -126.0,
      "max": 0
    },
    "y": {
      "min": -204,
      "avg": 109.33333333333333,
      "stdev": 379.9859646530821,
      "median": 0.0,
      "q1": -102.0,
      "q3": 266.0,
      "max": 532
    }
  }
}