{"cities": [{"number_of_city": 0, "x": 0, "y": 0}, {"number_of_city": 1, "x": 500, "y": -861}, {"number_of_city": 2, "x": -668, "y": -835}], "distance_matrix": {"0": {"2": 1069.3217476512857}, "1": {"2": 1168.2893477217021}, "2": {"2": 0.0}}, "stats": {"x": {"min": -668, "avg": -56.0, "stdev": 586.0102388184015, "median": 0.0, "q1": -334.0, "q3": 250.0, "max": 500}, "y": {"min": -861, "avg": -565.3333333333334, "stdev": 489.765590189157, "median": -835.0, "q1": -848.0, "q3": -417.5, "max": 0}}}