{"cities": [{"number_of_city": 0, "x": 0, "y": 0}, {"number_of_city": 1, "x": 471, "y": 188}, {"number_of_city": 2, "x": 853, "y": 653}], "distance_matrix": {"0": {"2": 1074.2522981125057}, "1": {"2": 601.7881687105522}, "2": {"2": 0.0}}, "stats": {"x": {"min": 0, "avg": 441.3333333333333, "stdev": 427.2731366858129, "median": 471.0, "q1": 235.5, "q3": 662.0, "max": 853}, "y": {"min": 0, "avg": 280.3333333333333, "stdev": 336.1492723974475, "median": 188.0, "q1": 94.0, "q3": 420.5, "max": 653}}}