{
  "cities": [
    {
      "number_of_city": 0,
      "x": 0,
      "y": 0
    },
    {
      "number_of_city": 1,
      "x": -580,
      "y": 57
    },
    {
      "number_of_city": 2,
      "x": -852,
      "y": 154
    }
  ],
  "distance_matrix": {
    "0": {
      "2": 865.8059828853113
    },
    "1": {
      "2": 288.7784618007375
    },
    "2": {
      "2": 0.0
    }
  },
  "stats": {
    "x": {
      "min": -852,
      "avg": -477.3333333333333,
      "stdev": 435.17965638725957,
      "median": -580.0,
      "q1": -716.0,
      "q3": -290.0,
      "max": 0
    },
    "y": {
      "min": 0,
      "avg": 70.33333333333333,
      "stdev": 77.86098723579951,
      "median": 57.0,
      "q1": 28.5,
      "q3": 105.5,
      "max": 154
    }
  }
}