{
  "cities": [
    {
      "number_of_city": 0,
      "x": 0,
      "y": 0
    },
    {
      "number_of_city": 1,
      "x": -350,
      "y": 939
    },
    {
      "number_of_city": 2,
      "x": 563,
      "y": -33
    }
  ],
  "distance_matrix": {
    "0": {
      "2": 563.9663110505804
    },
    "1": {
      "2": 1333.549024220707
    },
    "2": {
      "2": 0.0
    }
  },
  "stats": {
    "x": {
      "min": -350,
      "avg": 71.0,
      "stdev": 460.6224050130432,
      "median": 0.0,
      "q1": -175.0,
      "q3": 281.5,
      "max": 563
    },
    "y": {
      "min": -33,
      "avg": 302.0,
      "stdev": 551.9048831093995,
      "median": 0.0,
      "q1": -16.5,
      "q3": 469.5,
      "max": 939
    }
  }
}