{
  "cities": [
    {
      "number_of_city": 0,
      "x": 0,
      "y": 0
    },
    {
      "number_of_city": 1,
      "x": 910,
      "y": 137
    },
    {
      "number_of_city": 2,
      "x": 507,
      "y": -924
    }
  ],
  "distance_matrix": {
    "0": {
      "2": 1053.9568302354703
    },
    "1": {
      "2": 1134.9581490081473
    },
    "2": {
      "2": 0.0
    }
  },
  "stats": {
    "x": {
      "min": 0,
      "avg": 472.3333333333333,
      "stdev": 455.98940046160425,
      "median": 507.0,
      "q1": 253.5,
      "q3": 708.5,
      "max": 910
    },
    "y": {
      "min": -924,
      "avg": -262.3333333333333,
      "stdev": 577.0999335759218,
      "median": 0.0,
      "q1": -462.0,
      "q3": 68.5,
      "max": 137
    }
  }
}