{
  "cities": [
    {
      "number_of_city": 0,
      "x": 0,
      "y": 0
    },
    {
      "number_of_city": 1,
      "x": 404,
      "y": 347
    },
    {
      "number_of_city": 2,
      "x": -134,
      "y": -131
    }
  ],
  "distance_matrix": {
    "0": {
      "2": 187.39530410338463
    },
    "1": {
      "2": 719.6721475783261
    },
    "2": {
      "2": 0.0
    }
  },
  "stats": {
    "x": {
      "min": -134,
      "avg": 90.0,
      "stdev": 280.06427833624196,
      "median": 0.0,
      "q1": -67.0,
      "q3": 202.0,
      "max": 404
    },
    "y": {
      "min": -131,
      "avg": 72.0,
      "stdev": 247.0,
      "median": 0.0,
      "q1": -65.5,
      "q3": 173.5,
      "max": 347
    }
  }
}