{
  "cities": [
    {
      "number_of_city": 0,
      "x": 0,
      "y": 0
    },
    {
      "number_of_city": 1,
      "x": 709,
      "y": 437
    },
    {
      "number_of_city": 2,
      "x": 253,
      "y": -813
    }
  ],
  "distance_matrix": {
    "0": {
      "2": 851.4563993534842
    },
    "1": {
      "2": 1330.5773183096126
    },
    "2": {
      "2": 0.0
    }
  },
  "stats": {
    "x": {
      "min": 0,
      "avg": 320.6666666666667,
      "stdev": 359.3109145758494,
      "median": 253.0,
      "q1": 126.5,
      "q3": 481.0,
      "max": 709
    },
    "y": {
      "min": -813,
      "avg": -125.33333333333333,
      "stdev": 634.3550530525735,
      "median": 0.0,
      "q1": -406.5,
      "q3": 218.5,
      "max": 437
    }
  }
}