{"cities": [{"number_of_city": 0, "x": 0, "y": 0}, {"number_of_city": 1, "x": 581, "y": -280}, {"number_of_city": 2, "x": 270, "y": -97}], "distance_matrix": {"0": {"2": 286.89545134072796}, "1": {"2": 360.84622763720284}, "2": {"2": 0.0}}, "stats": {"x": {"min": 0, "avg": 283.6666666666667, "stdev": 290.74100731292333, "median": 270.0, "q1": 135.0, "q3": 425.5, "max": 581}, "y": {"min": -280, "avg": -125.66666666666667, "stdev": 142.18415289100727, "median": -97.0, "q1": -188.5, "q3": -48.5, "max": 0}}}