{
  "cities": [
    {
      "number_of_city": 0,
      "x": 0,
      "y": 0
    },
    {
      "number_of_city": 1,
      "x": -491,
      "y": 484
    },
    {
      "number_of_city": 2,
      "x": -602,
      "y": 788
    }
  ],
  "distance_matrix": {
    "0": {
      "2": 991.6390472344259
    },
    "1": {
      "2": 323.6309626719916
    },
    "2": {
      "2": 0.0
    }
  },
  "stats": {
    "x": {
      "min": -602,
      "avg": -364.3333333333333,
      "stdev": 320.36593659959124,
      "median": -491.0,
      "q1": -546.5,
      "q3": -245.5,
      "max": 0
    },
    "y": {
      "min": 0,
      "avg": 424.0,
      "stdev": 397.4116253961376,
      "median": 484.0,
      "q1": 242.0,
      "q3": 636.0,
      "max": 788
    }
  }
}