{
  "cities": [
    {
      "number_of_city": 0,
      "x": 0,
      "y": 0
    },
    {
      "number_of_city": 1,
      "x": 719,
      "y": -478
    },
    {
      "number_of_city": 2,
      "x": -999,
      "y": 563
    }
  ],
  "distance_matrix": {
    "0": {
      "2": 1146.7214134217604
    },
    "1": {
      "2": 2008.7819692540054
    },
    "2": {
      "2": 0.0
    }
  },
  "stats": {
    "x": {
      "min": -999,
      "avg": -93.33333333333333,
      "stdev": 862.7944907875416,
      "median": 0.0,
      "q1": -499.5,
      "q3": 359.5,
      "max": 719
    },
    "y": {
      "min": -478,
      "avg": 28.333333333333332,
      "stdev": 521.0780491762566,
      "median": 0.0,
      "q1": -239.0,
      "q3": 281.5,
      "max": 563
    }
  }
}