{
  "cities": [
    {
      "number_of_city": 0,
      "x": 0,
      "y": 0
    },
    {
      "number_of_city": 1,
      "x": -121,
      "y": -145
    },
    {
      "number_of_city": 2,
      "x": -882,
      "y": -538
    }
  ],
  "distance_matrix": {
    "0": {
      "2": 1033.1350347365053
    },
    "1": {
      "2": 856.4870109931616
    },
    "2": {
      "2": 0.0
    }
  },
  "stats": {
    "x": {
      "min": -882,
      "avg": -334.3333333333333,
      "stdev": 478.13631250233794,
      "median": -121.0,
      "q1": -501.5,
      "q3": -60.5,
      "max": 0
    },
    "y": {
      "min": -538,
      "avg": -227.66666666666666,
      "stdev": 278.363671001324,
      "median": -145.0,
      "q1": -341.5,
      "q3": -72.5,
      "max": 0
    }
  }
}