{
  "cities": [
    {
      "number_of_city": 0,
      "x": 0,
      "y": 0
    },
    {
      "number_of_city": 1,
      "x": -515,
      "y": -829
    },
    {
      "number_of_city": 2,
      "x": -810,
      "y": 838
    }
  ],
  "distance_matrix": {
    "0": {
      "2": 1165.4801585612686
    },
    "1": {
      "2": 1692.9010603103775
    },
    "2": {
      "2": 0.0
    }
  },
  "stats": {
    "x": {
      "min": -810,
      "avg": -441.6666666666667,
      "stdev": 409.94918384274575,
      "median": -515.0,
      "q1": -662.5,
      "q3": -257.5,
      "max": 0
    },
    "y": {
      "min": -829,
      "avg": 3.0,
      "stdev": 833.5040491803264,
      "median": 0.0,
      "q1": -414.5,
      "q3": 419.0,
      "max": 838
    }
  }
}