{
  "cities": [
    {
      "number_of_city": 0,
      "x": 0,
      "y": 0
    },
    {
      "number_of_city": 1,
      "x": -678,
      "y": 958
    },
    {
      "number_of_city": 2,
      "x": -549,
      "y": 233
    }
  ],
  "distance_matrix": {
    "0": {
      "2": 596.3975184388346
    },
    "1": {
      "2": 736.3871264491253
    },
    "2": {
      "2": 0.0
    }
  },
  "stats": {
    "x": {
      "min": -678,
      "avg": -409.0,
      "stdev": 360.02916548524234,
      "median": -549.0,
      "q1": -613.5,
      "q3": -274.5,
      "max": 0
    },
    "y": {
      "min": 0,
      "avg": 397.0,
      "stdev": 499.61285011496653,
      "median": 233.0,
      "q1": 116.5,
      "q3": 595.5,
      "max": 958
    }
  }
}