{
  "cities": [
    {
      "number_of_city": 0,
      "x": 0,
      "y": 0
    },
    {
      "number_of_city": 1,
      "x": -156,
      "y": 207
    },
    {
      "number_of_city": 2,
      "x": 889,
      "y": -315
    }
  ],
  "distance_matrix": {
    "0": {
      "2": 943.1574629933223
    },
    "1": {
      "2": 1168.12199705339
    },
    "2": {
      "2": 0.0
    }
  },
  "stats": {
    "x": {
      "min": -156,
      "avg": 244.33333333333334,
      "stdev": 563.7200842025529,
      "median": 0.0,
      "q1": -78.0,
      "q3": 444.5,
      "max": 889
    },
    "y": {
      "min": -315,
      "avg": -36.0,
      "stdev": 262.8554735971842,
      "median": 0.0,
      "q1": -157.5,
      "q3": 103.5,
      "max": 207
    }
  }
}