{
  "cities": [
    {
      "number_of_city": 0,
      "x": 0,
      "y": 0
    },
    {
      "number_of_city": 1,
      "x": -831,
      "y": 387
    },
    {
      "number_of_city": 2,
      "x": -822,
      "y": -437
    }
  ],
  "distance_matrix": {
    "0": {
      "2": 930.9419960448664
    },
    "1": {
      "2": 824.0491490196443
    },
    "2": {
      "2": 0.0
    }
  },
  "stats": {
    "x": {
      "min": -831,
      "avg": -551.0,
      "stdev": 477.20121542175474,
      "median": -822.0,
      "q1": -826.5,
      "q3": -411.0,
      "max": 0
    },
    "y": {
      "min": -437,
      "avg": -16.666666666666668,
      "stdev": 412.2527541852611,
      "median": 0.0,
      "q1": -218.5,
      "q3": 193.5,
      "max": 387
    }
  }
}