{
  "cities": [
    {
      "number_of_city": 0,
      "x": 0,
      "y": 0
    },
    {
      "number_of_city": 1,
      "x": -975,
      "y": -846
    },
    {
      "number_of_city": 2,
      "x": -359,
      "y": 739
    }
  ],
  "distance_matrix": {
    "0": {
      "2": 821.5850534180864
    },
    "1": {
      "2": 1700.4943398906096
    },
    "2": {
      "2": 0.0
    }
  },
  "stats": {
    "x": {
      "min": -975,
      "avg": -444.6666666666667,
      "stdev": 493.11290120350054,
      "median": -359.0,
      "q1": -667.0,
      "q3": -179.5,
      "max": 0
    },
    "y": {
      "min": -846,
      "avg": -35.666666666666664,
      "stdev": 793.1017168896643,
      "median": 0.0,
      "q1": -423.0,
      "q3": 369.5,
      "max": 739
    }
  }
}