{
  "cities": [
    {
      "number_of_city": 0,
      "x": 0,
      "y": 0
    },
    {
      "number_of_city": 1,
      "x": 782,
      "y": 149
    },
    {
      "number_of_city": 2,
      "x": 772,
      "y": -532
    }
  ],
  "distance_matrix": {
    "0": {
      "2": 937.5542650961596
    },
    "1": {
      "2": 681.0734174815517
    },
    "2": {
      "2": 0.0
    }
  },
  "stats": {
    "x": {
      "min": 0,
      "avg": 518.0,
      "stdev": 448.62902269024016,
      "median": 772.0,
      "q1": 386.0,
      "q3": 777.0,
      "max": 782
    },
    "y": {
      "min": -532,
      "avg": -127.66666666666667,
      "stdev": 358.00046554904554,
      "median": 0.0,
      "q1": -266.0,
      "q3": 74.5,
      "max": 149
    }
  }
}