{"cities": [{"number_of_city": 0, "x": 0, "y": 0}, {"number_of_city": 1, "x": 80, "y": 780}, {"number_of_city": 2, "x": 975, "y": -605}], "distance_matrix": {"0": {"2": 1147.4537027697456}, "1": {"2": 1649.0148574224552}, "2": {"2": 0.0}}, "stats": {"x": {"min": 0, "avg": 351.6666666666667, "stdev": 541.3024416473042, "median": 80.0, "q1": 40.0, "q3": 527.5, "max": 975}, "y": {"min": -605, "avg": 58.333333333333336, "stdev": 694.3402144002127, "median": 0.0, "q1": -302.5, "q3": 390.0, "max": 780}}}