{
  "cities": [
    {
      "number_of_city": 0,
      "x": 0,
      "y": 0
    },
    {
      "number_of_city": 1,
      "x": -66,
      "y": 351
    },
    {
      "number_of_city": 2,
      "x": 196,
      "y": -348
    }
  ],
  "distance_matrix": {
    "0": {
      "2": 399.3995493237317
    },
    "1": {
      "2": 746.4884459923006
    },
    "2": {
      "2": 0.0
    }
  },
  "stats": {
    "x": {
      "min": -66,
      "avg": 43.333333333333336,
      "stdev": 136.26934113487644,
      "median": 0.0,
      "q1": -33.0,
      "q3": 98.0,
      "max": 196
    },
    "y": {
      "min": -348,
      "avg": 1.0,
      "stdev": 349.5010729597264,
      "median": 0.0,
      "q1": -174.0,
      "q3": 175.5,
      "max": 351
    }
  }
}