{
  "cities": [
    {
      "number_of_city": 0,
      "x": 0,
      "y": 0
    },
    {
      "number_of_city": 1,
      "x": -494,
      "y": -406
    },
    {
      "number_of_city": 2,
      "x": 970,
      "y": -696
    }
  ],
  "distance_matrix": {
    "0": {
      "2": 1193.8659891294333
    },
    "1": {
      "2": 1492.446313942314
    },
    "2": {
      "2": 0.0
    }
  },
  "stats": {
    "x": {
      "min": -494,
      "avg": 158.66666666666666,
      "stdev": 744.7854277127966,
      "median": 0.0,
      "q1": -247.0,
      "q3": 485.0,
      "max": 970
    },
    "y": {
      "min": -696,
      "avg": -367.3333333333333,
      "stdev": 349.60739885381906,
      "median": -406.0,
      "q1": -551.0,
      "q3": -203.0,
      "max": 0
    }
  }
}