{
  "cities": [
    {
      "number_of_city": 0,
      "x": 0,
      "y": 0
    },
    {
      "number_of_city": 1,
      "x": -440,
      "y": -319
    },
    {
      "number_of_city": 2,
      "x": -196,
      "y": -295
    }
  ],
  "distance_matrix": {
    "0": {
      "2": 354.17650966714325
    },
    "1": {
      "2": 245.17748673155128
    },
    "2": {
      "2": 0.0
    }
  },
  "stats": {
    "x": {
      "min": -440,
      "avg": -212.0,
      "stdev": 220.43593173527768,
      "median": -196.0,
      "q1": -318.0,
      "q3": -98.0,
      "max": 0
    },
    "y": {
      "min": -319,
      "avg": -204.66666666666666,
      "stdev": 177.65228209435796,
      "median": -295.0,
      "q1": -307.0,
      "q3": -147.5,
      "max": 0
    }
  }
}