{
  "cities": [
    {
      "number_of_city": 0,
      "x": 0,
      "y": 0
    },
    {
      "number_of_city": 1,
      "x": -230,
      "y": -953
    },
    {
      "number_of_city": 2,
      "x": 344,
      "y": 788
    }
  ],
  "distance_matrix": {
    "0": {
      "2": 859.8139333600031
    },
    "1": {
      "2": 1833.1822058922567
    },
    "2": {
      "2": 0.0
    }
  },
  "stats": {
    "x": {
      "min": -230,
      "avg": 38.0,
      "stdev": 288.88059817163213,
      "median": 0.0,
      "q1": -115.0,
      "q3": 172.0,
      "max": 344
    },
    "y": {
      "min": -953,
      "avg": -55.0,
      "stdev": 871.8021564552362,
      "median": 0.0,
      "q1": -476.5,
      "q3": 394.0,
      "max": 788
    }
  }
}