{
  "cities": [
    {
      "number_of_city": 0,
      "x": 0,
      "y": 0
    },
    {
      "number_of_city": 1,
      "x": -696,
      "y": -880
    },
    {
      "number_of_city": 2,
      "x": -914,
      "y": -89
    }
  ],
  "distance_matrix": {
    "0": {
      "2": 918.3229279507291
    },
    "1": {
      "2": 820.4907068334169
    },
    "2": {
      "2": 0.0
    }
  },
  "stats": {
    "x": {
      "min": -914,
      "avg": -536.6666666666666,
      "stdev": 477.3775584726761,
      "median": -696.0,
      "q1": -805.0,
      "q3": -348.0,
      "max": 0
    },
    "y": {
      "min": -880,
      "avg": -323.0,
      "stdev": 484.4244007066531,
      "median": -89.0,
      "q1": -484.5,
      "q3": -44.5,
      "max": 0
    }
  }
}