{
  "cities": [
    {
      "number_of_city": 0,
      "x": 0,
      "y": 0
    },
    {
      "number_of_city": 1,
      "x": -794,
      "y": 447
    },
    {
      "number_of_city": 2,
      "x": -150,
      "y": 834
    }
  ],
  "distance_matrix": {
    "0": {
      "2": 847.3818501714561
    },
    "1": {
      "2": 751.3354776662686
    },
    "2": {
      "2": 0.0
    }
  },
  "stats": {
    "x": {
      "min": -794,
      "avg": -314.6666666666667,
      "stdev": 421.8356710062976,
      "median": -150.0,
      "q1": -472.0,
      "q3": -75.0,
      "max": 0
    },
    "y": {
      "min": 0,
      "avg": 427.0,
      "stdev": 417.35955721655637,
      "median": 447.0,
      "q1": 223.5,
      "q3": 640.5,
      "max": 834
    }
  }
}