{
  "cities": [
    {
      "number_of_city": 0,
      "x": 0,
      "y": 0
    },
    {
      "number_of_city": 1,
      "x": -928,
      "y": -816
    },
    {
      "number_of_city": 2,
      "x": -599,
      "y": -332
    }
  ],
  "distance_matrix": {
    "0": {
      "2": 684.8539990392113
    },
    "1": {
      "2": 585.2324324573955
    },
    "2": {
      "2": 0.0
    }
  },
  "stats": {
    "x": {
      "min": -928,
      "avg": -509.0,
      "stdev": 470.500797023767,
      "median": -599.0,
      "q1": -763.5,
      "q3": -299.5,
      "max": 0
    },
    "y": {
      "min": -816,
      "avg": -382.6666666666667,
      "stdev": 410.35269382975093,
      "median": -332.0,
      "q1": -574.0,
      "q3": -166.0,
      "max": 0
    }
  }
}