{
  "cities": [
    {
      "number_of_city": 0,
      "x": 0,
      "y": 0
    },
    {
      "number_of_city": 1,
      "x": -833,
      "y": -494
    },
    {
      "number_of_city": 2,
      "x": -650,
      "y": 477
    }
  ],
  "distance_matrix": {
    "0": {
      "2": 806.2437596657726
    },
    "1": {
      "2": 988.0941250710886
    },
    "2": {
      "2": 0.0
    }
  },
  "stats": {
    "x": {
      "min": -833,
      "avg": -494.3333333333333,
      "stdev": 437.7742949664054,
      "median": -650.0,
      "q1": -741.5,
      "q3": -325.0,
      "max": 0
    },
    "y": {
      "min": -494,
      "avg": -5.666666666666667,
      "stdev": 485.5248019754844,
      "median": 0.0,
      "q1": -247.0,
      "q3": 238.5,
      "max": 477
    }
  }
}