{"cities": [{"number_of_city": 0, "x": 0, "y": 0}, {"number_of_city": 1, "x": -892, "y": -409}, {"number_of_city": 2, "x": 86, "y": -579}], "distance_matrix": {"0": {"2": 585.3520308327289}, "1": {"2": 992.6650996181945}, "2": {"2": 0.0}}, "stats": {"x": {"min": -892, "avg": -268.6666666666667, "stdev": 541.5323936140231, "median": 0.0, "q1": -446.0, "q3": 43.0, "max": 86}, "y": {"min": -579, "avg": -329.3333333333333, "stdev": 297.6076835925668, "median": -409.0, "q1": -494.0, "q3": -204.5, "max": 0}}}