{
  "cities": [
    {
      "number_of_city": 0,
      "x": 0,
      "y": 0
    },
    {
      "number_of_city": 1,
      "x": 881,
      "y": -166
    },
    {
      "number_of_city": 2,
      "x": -96,
      "y": -438
    }
  ],
  "distance_matrix": {
    "0": {
      "2": 448.39714539680114
    },
    "1": {
      "2": 1014.1562995909457
    },
    "2": {
      "2": 0.0
    }
  },
  "stats": {
    "x": {
      "min": -96,
      "avg": 261.6666666666667,
      "stdev": 538.5019343821648,
      "median": 0.0,
      "q1": -48.0,
      "q3": 440.5,
      "max": 881
    },
    "y": {
      "min": -438,
      "avg": -201.33333333333334,
      "stdev": 221.12741425099995,
      "median": -166.0,
      "q1": -302.0,
      "q3": -83.0,
      "max": 0
    }
  }
}