{
  "cities": [
    {
      "number_of_city": 0,
      "x": 0,
      "y": 0
    },
    {
      "number_of_city": 1,
      "x": -658,
      "y": 123
    },
    {
      "number_of_city": 2,
      "x": 117,
      "y": 987
    }
  ],
  "distance_matrix": {
    "0": {
      "2": 993.9104587436435
    },
    "1": {
      "2": 1160.6554182874434
    },
    "2": {
      "2": 0.0
    }
  },
  "stats": {
    "x": {
      "min": -658,
      "avg": -180.33333333333334,
      "stdev": 417.7874260115224,
      "median": 0.0,
      "q1": -329.0,
      "q3": 58.5,
      "max": 117
    },
    "y": {
      "min": 0,
      "avg": 370.0,
      "stdev": 537.8652247543059,
      "median": 123.0,
      "q1": 61.5,
      "q3": 555.0,
      "max": 987
    }
  }
}