{"cities": [{"number_of_city": 0, "x": 0, "y": 0}, {"number_of_city": 1, "x": -360, "y": 538}, {"number_of_city": 2, "x": 270, "y": -393}], "distance_matrix": {"0": {"2": 476.81128342353645}, "1": {"2": 1124.1267722103232}, "2": {"2": 0.0}}, "stats": {"x": {"min": -360, "avg": -30.0, "stdev": 316.06961258558215, "median": 0.0, "q1": -180.0, "q3": 135.0, "max": 270}, "y": {"min": -393, "avg": 48.333333333333336, "stdev": 467.37814811278173, "median": 0.0, "q1": -196.5, "q3": 269.0, "max": 538}}}