{
  "cities": [
    {
      "number_of_city": 0,
      "x": 0,
      "y": 0
    },
    {
      "number_of_city": 1,
      "x": 251,
      "y": 892
    },
    {
      "number_of_city": 2,
      "x": 780,
      "y": -623
    }
  ],
  "distance_matrix": {
    "0": {
      "2": 998.2629914005628
    },
    "1": {
      "2": 1604.7012182957924
    },
    "2": {
      "2": 0.0
    }
  },
  "stats": {
    "x": {
      "min": 0,
      "avg": 343.6666666666667,
      "stdev": 398.17123619535016,
      "median": 251.0,
      "q1": 125.5,
      "q3": 515.5,
      "max": 780
    },
    "y": {
      "min": -623,
      "avg": 89.66666666666667,
      "stdev": 761.4698505740943,
      "median": 0.0,
      "q1": -311.5,
      "q3": 446.0,
      "max": 892
    }
  }
}