{
  "cities": [
    {
      "number_of_city": 0,
      "x": 0,
      "y": 0
    },
    {
      "number_of_city": 1,
      "x": -535,
      "y": 545
    },
    {
      "number_of_city": 2,
      "x": -818,
      "y": -35
    }
  ],
  "distance_matrix": {
    "0": {
      "2": 818.7484351130083
    },
    "1": {
      "2": 645.3595896862462
    },
    "2": {
      "2": 0.0
    }
  },
  "stats": {
    "x": {
      "min": -818,
      "avg": -451.0,
      "stdev": 415.4190655229969,
      "median": -535.0,
      "q1": -676.5,
      "q3": -267.5,
      "max": 0
    },
    "y": {
      "min": -35,
      "avg": 170.0,
      "stdev": 325.2306873589883,
      "median": 0.0,
      "q1": -17.5,
      "q3": 272.5,
      "max": 545
    }
  }
}