{"cities": [{"number_of_city": 0, "x": 0, "y": 0}, {"number_of_city": 1, "x": -832, "y": -816}, {"number_of_city": 2, "x": -106, "y": 200}], "distance_matrix": {"0": {"2": 226.35370551417972}, "1": {"2": 1248.732157029681}, "2": {"2": 0.0}}, "stats": {"x": {"min": -832, "avg": -312.6666666666667, "stdev": 452.86789832503393, "median": -106.0, "q1": -469.0, "q3": -53.0, "max": 0}, "y": {"min": -816, "avg": -205.33333333333334, "stdev": 538.2242407522475, "median": 0.0, "q1": -408.0, "q3": 100.0, "max": 200}}}