{"cities": [{"number_of_city": 0, "x": 0, "y": 0}, {"number_of_city": 1, "x": 19, "y": -709}, {"number_of_city": 2, "x": 104, "y": 213}], "distance_matrix": {"0": {"2": 237.03375287076733}, "1": {"2": 925.9098228229356}, "2": {"2": 0.0}}, "stats": {"x": {"min": 0, "avg": 41.0, "stdev": 55.380501984001555, "median": 19.0, "q1": 9.5, "q3": 61.5, "max": 104}, "y": {"min": -709, "avg": -165.33333333333334, "stdev": 482.7238686177982, "median": 0.0, "q1": -354.5, "q3": 106.5, "max": 213}}}