{
  "cities": [
    {
      "number_of_city": 0,
      "x": 0,
      "y": 0
    },
    {
      "number_of_city": 1,
      "x": -146,
      "y": 956
    },
    {
      "number_of_city": 2,
      "x": 604,
      "y": -355
    }
  ],
  "distance_matrix": {
    "0": {
      "2": 700.600456751207
    },
    "1": {
      "2": 1510.3711464405033
    },
    "2": {
      "2": 0.0
    }
  },
  "stats": {
    "x": {
      "min": -146,
      "avg": 152.66666666666666,
      "stdev": 397.6246135909262,
      "median": 0.0,
      "q1": -73.0,
      "q3": 302.0,
      "max": 604
    },
    "y": {
      "min": -355,
      "avg": 200.33333333333334,
      "stdev": 678.0710385596286,
      "median": 0.0,
      "q1": -177.5,
      "q3": 478.0,
      "max": 956
    }
  }
}