{"cities": [{"number_of_city": 0, "x": 0, "y": 0}, {"number_of_city": 1, "x": 479, "y": -910}, {"number_of_city": 2, "x": 289, "y": -52}], "distance_matrix": {"0": {"2": 293.64093720052045}, "1": {"2": 878.7855255976853}, "2": {"2": 0.0}}, "stats": {"x": {"min": 0, "avg": 256.0, "stdev": 241.19908789213943, "median": 289.0, "q1": 144.5, "q3": 384.0, "max": 479}, "y": {"min": -910, "avg": -320.6666666666667, "stdev": 511.03946357725965, "median": -52.0, "q1": -481.0, "q3": -26.0, "max": 0}}}