{
  "cities": [
    {
      "number_of_city": 0,
      "x": 0,
      "y": 0
    },
    {
      "number_of_city": 1,
      "x": -384,
      "y": 373
    },
    {
      "number_of_city": 2,
      "x": -56,
      "y": -297
    }
  ],
  "distance_matrix": {
    "0": {
      "2": 302.2333535531775
    },
    "1": {
      "2": 745.9785519704974
    },
    "2": {
      "2": 0.0
    }
  },
  "stats": {
    "x": {
      "min": -384,
      "avg": -146.66666666666666,
      "stdev": 207.4351304223403,
      "median": -56.0,
      "q1": -220.0,
      "q3": -28.0,
      "max": 0
    },
    "y": {
      "min": -297,
      "avg": 25.333333333333332,
      "stdev": 335.71763929429346,
      "median": 0.0,
      "q1": -148.5,
      "q3": 186.5,
      "max": 373
    }
  }
}