{"cities": [{"number_of_city": 0, "x": 0, "y": 0}, {"number_of_city": 1, "x": -448, "y": 216}, {"number_of_city": 2, "x": -763, "y": 586}], "distance_matrix": {"0": {"2": 962.062887757344}, "1": {"2": 485.92694924237327}, "2": {"2": 0.0}}, "stats": {"x": {"min": -763, "avg": -403.6666666666667, "stdev": 383.4270899836543, "median": -448.0, "q1": -605.5, "q3": -224.0, "max": 0}, "y": {"min": 0, "avg": 267.3333333333333, "stdev": 296.3533926469095, "median": 216.0, "q1": 108.0, "q3": 401.0, "max": 586}}}