{"cities": [{"number_of_city": 0, "x": 0, "y": 0}, {"number_of_city": 1, "x": -421, "y": -366}, {"number_of_city": 2, "x": -418, "y": 797}], "distance_matrix": {"0": {"2": 899.9627770080272}, "1": {"2": 1163.0038692970888}, "2": {"2": 0.0}}, "stats": {"x": {"min": -421, "avg": -279.6666666666667, "stdev": 242.2030828320179, "median": -418.0, "q1": -419.5, "q3": -209.0, "max": 0}, "y": {"min": -366, "avg": 143.66666666666666, "stdev": 594.661528378399, "median": 0.0, "q1": -183.0, "q3": 398.5, "max": 797}}}