{"cities": [{"number_of_city": 0, "x": 0, "y": 0}, {"number_of_city": 1, "x": 762, "y": -133}, {"number_of_city": 2, "x": -798, "y": 146}], "distance_matrix": {"0": {"2": 811.2459553057877}, "1": {"2": 1584.7526620895767}, "2": {"2": 0.0}}, "stats": {"x": {"min": -798, "avg": -12.0, "stdev": 780.069227697132, "median": 0.0, "q1": -399.0, "q3": 381.0, "max": 762}, "y": {"min": -133, "avg": 4.333333333333333, "stdev": 139.55046876787384, "median": 0.0, "q1": -66.5, "q3": 73.0, "max": 146}}}