{
  "cities": [
    {
      "number_of_city": 0,
      "x": 0,
      "y": 0
    },
    {
      "number_of_city": 1,
      "x": -919,
      "y": 458
    },
    {
      "number_of_city": 2,
      "x": 91,
      "y": 233
    }
  ],
  "distance_matrix": {
    "0": {
      "2": 250.13996082193665
    },
    "1": {
      "2": 1034.7584259139908
    },
    "2": {
      "2": 0.0
    }
  },
  "stats": {
    "x": {
      "min": -919,
      "avg": -276.0,
      "stdev": 558.7101216194316,
      "median": 0.0,
      "q1": -459.5,
      "q3": 45.5,
      "max": 91
    },
    "y": {
      "min": 0,
      "avg": 230.33333333333334,
      "stdev": 229.01164453654607,
      "median": 233.0,
      "q1": 116.5,
      "q3": 345.5,
      "max": 458
    }
  }
}