{"cities": [{"number_of_city": 0, "x": 0, "y": 0}, {"number_of_city": 1, "x": 702, "y": 533}, {"number_of_city": 2, "x": -395, "y": 853}], "distance_matrix": {"0": {"2": 940.0180849324123}, "1": {"2": 1142.720000700084}, "2": {"2": 0.0}}, "stats": {"x": {"min": -395, "avg": 102.33333333333333, "stdev": 555.6134747586071, "median": 0.0, "q1": -197.5, "q3": 351.0, "max": 702}, "y": {"min": 0, "avg": 462.0, "stdev": 430.90950326025535, "median": 533.0, "q1": 266.5, "q3": 693.0, "max": 853}}}