{
  "cities": [
    {
      "number_of_city": 0,
      "x": 0,
      "y": 0
    },
    {
      "number_of_city": 1,
      "x": -357,
      "y": -815
    },
    {
      "number_of_city": 2,
      "x": 231,
      "y": -809
    }
  ],
  "distance_matrix": {
    "0": {
      "2": 841.3334653988275
    },
    "1": {
      "2": 588.0306114480776
    },
    "2": {
      "2": 0.0
    }
  },
  "stats": {
    "x": {
      "min": -357,
      "avg": -42.0,
      "stdev": 296.24145557298357,
      "median": 0.0,
      "q1": -178.5,
      "q3": 115.5,
      "max": 231
    },
    "y": {
      "min": -815,
      "avg": -541.3333333333334,
      "stdev": 468.8180172874474,
      "median": -809.0,
      "q1": -812.0,
      "q3": -404.5,
      "max": 0
    }
  }
}