{"cities": [{"number_of_city": 0, "x": 0, "y": 0}, {"number_of_city": 1, "x": 843, "y": -994}, {"number_of_city": 2, "x": -446, "y": -576}], "distance_matrix": {"0": {"2": 728.4861014460056}, "1": {"2": 1355.0811783800998}, "2": {"2": 0.0}}, "stats": {"x": {"min": -446, "avg": 132.33333333333334, "stdev": 654.6100620471193, "median": 0.0, "q1": -223.0, "q3": 421.5, "max": 843}, "y": {"min": -994, "avg": -523.3333333333334, "stdev": 499.0885025056511, "median": -576.0, "q1": -785.0, "q3": -288.0, "max": 0}}}