{"cities": [{"number_of_city": 0, "x": 0, "y": 0}, {"number_of_city": 1, "x": 844, "y": 60}, {"number_of_city": 2, "x": -332, "y": 303}], "distance_matrix": {"0": {"2": 449.480811603788}, "1": {"2": 1200.8434535775261}, "2": {"2": 0.0}}, "stats": {"x": {"min": -332, "avg": 170.66666666666666, "stdev": 606.2914590634882, "median": 0.0, "q1": -166.0, "q3": 422.0, "max": 844}, "y": {"min": 0, "avg": 121.0, "stdev": 160.44625268294675, "median": 60.0, "q1": 30.0, "q3": 181.5, "max": 303}}}