{
  "cities": [
    {
      "number_of_city": 0,
      "x": 0,
      "y": 0
    },
    {
      "number_of_city": 1,
      "x": 101,
      "y": -749
    },
    {
      "number_of_city": 2,
      "x": -732,
      "y": 624
    }
  ],
  "distance_matrix": {
    "0": {
      "2": 961.8731725128838
    },
    "1": {
      "2": 1605.9321280801378
    },
    "2": {
      "2": 0.0
    }
  },
  "stats": {
    "x": {
      "min": -732,
      "avg": -210.33333333333334,
      "stdev": 454.5902917279837,
      "median": 0.0,
      "q1": -366.0,
      "q3": 50.5,
      "max": 101
    },
    "y": {
      "min": -749,
      "avg": -41.666666666666664,
      "stdev": 687.4476949800132,
      "median": 0.0,
      "q1": -374.5,
      "q3": 312.0,
      "max": 624
    }
  }
}