{"cities": [{"number_of_city": 0, "x": 0, "y": 0}, {"number_of_city": 1, "x": 781, "y": 758}, {"number_of_city": 2, "x": 670, "y": -410}], "distance_matrix": {"0": {"2": 785.4934754662193}, "1": {"2": 1173.2625452131335}, "2": {"2": 0.0}}, "stats": {"x": {"min": 0, "avg": 483.6666666666667, "stdev": 422.528500024949, "median": 670.0, "q1": 335.0, "q3": 725.5, "max": 781}, "y": {"min": -410, "avg": 116.0, "stdev": 592.5774211020869, "median": 0.0, "q1": -205.0, "q3": 379.0, "max": 758}}}