{
  "cities": [
    {
      "number_of_city": 0,
      "x": 0,
      "y": 0
    },
    {
      "number_of_city": 1,
      "x": -57,
      "y": -432
    },
    {
      "number_of_city": 2,
      "x": -773,
      "y": -384
    }
  ],
  "distance_matrix": {
    "0": {
      "2": 863.1251357711697
    },
    "1": {
      "2": 717.6071348586216
    },
    "2": {
      "2": 0.0
    }
  },
  "stats": {
    "x": {
      "min": -773,
      "avg": -276.6666666666667,
      "stdev": 430.7810735551567,
      "median": -57.0,
      "q1": -415.0,
      "q3": -28.5,
      "max": 0
    },
    "y": {
      "min": -432,
      "avg": -272.0,
      "stdev": 236.77837739117987,
      "median": -384.0,
      "q1": -408.0,
      "q3": -192.0,
      "max": 0
    }
  }
}