{
  "cities": [
    {
      "number_of_city": 0,
      "x": 0,
      "y": 0
    },
    {
      "number_of_city": 1,
      "x": -841,
      "y": -244
    },
    {
      "number_of_city": 2,
      "x": -476,
      "y": -74
    }
  ],
  "distance_matrix": {
    "0": {
      "2": 481.71775968921884
    },
    "1": {
      "2": 402.6474885057648
    },
    "2": {
      "2": 0.0
    }
  },
  "stats": {
    "x": {
      "min": -841,
      "avg": -439.0,
      "stdev": 421.71910082423346,
      "median": -476.0,
      "q1": -658.5,
      "q3": -238.0,
      "max": 0
    },
    "y": {
      "min": -244,
      "avg": -106.0,
      "stdev": 125.1079533842673,
      "median": -74.0,
      "q1": -159.0,
      "q3": -37.0,
      "max": 0
    }
  }
}