{
  "cities": [
    {
      "number_of_city": 0,
      "x": 0,
      "y": 0
    },
    {
      "number_of_city": 1,
      "x": 127,
      "y": 444
    },
    {
      "number_of_city": 2,
      "x": -443,
      "y": 274
    }
  ],
  "distance_matrix": {
    "0": {
      "2": 520.8886637276722
    },
    "1": {
      "2": 594.8108943185221
    },
    "2": {
      "2": 0.0
    }
  },
  "stats": {
    "x": {
      "min": -443,
      "avg": -105.33333333333333,
      "stdev": 299.2429336397659,
      "median": 0.0,
      "q1": -221.5,
      "q3": 63.5,
      "max": 127
    },
    "y": {
      "min": 0,
      "avg": 239.33333333333334,
      "stdev": 224.0208323646114,
      "median": 274.0,
      "q1": 137.0,
      "q3": 359.0,
      "max": 444
    }
  }
}