{"cities": [{"number_of_city": 0, "x": 0, "y": 0}, {"number_of_city": 1, "x": -407, "y": -460}, {"number_of_city": 2, "x": -141, "y": -237}], "distance_matrix": {"0": {"2": 275.77164466275354}, "1": {"2": 347.10949281170633}, "2": {"2": 0.0}}, "stats": {"x": {"min": -407, "avg": -182.66666666666666, "stdev": 206.67446221856568, "median": -141.0, "q1": -274.0, "q3": -70.5, "max": 0}, "y": {"min": -460, "avg": -232.33333333333334, "stdev": 230.03550450600736, "median": -237.0, "q1": -348.5, "q3": -118.5, "max": 0}}}