{
  "cities": [
    {
      "number_of_city": 0,
      "x": 0,
      "y": 0
    },
    {
      "number_of_city": 1,
      "x": -489,
      "y": 991
    },
    {
      "number_of_city": 2,
      "x": -116,
      "y": 937
    }
  ],
  "distance_matrix": {
    "0": {
      "2": 944.1530596253978
    },
    "1": {
      "2": 376.88857769903296
    },
    "2": {
      "2": 0.0
    }
  },
  "stats": {
    "x": {
      "min": -489,
      "avg": -201.66666666666666,
      "stdev": 255.507990742625,
      "median": -116.0,
      "q1": -302.5,
      "q3": -58.0,
      "max": 0
    },
    "y": {
      "min": 0,
      "avg": 642.6666666666666,
      "stdev": 557.220183889038,
      "median": 937.0,
      "q1": 468.5,
      "q3": 964.0,
      "max": 991
    }
  }
}