{"cities": [{"number_of_city": 0, "x": 0, "y": 0}, {"number_of_city": 1, "x": -528, "y": -154}, {"number_of_city": 2, "x": 388, "y": -543}], "distance_matrix": {"0": {"2": 667.3777041526035}, "1": {"2": 995.1768687022422}, "2": {"2": 0.0}}, "stats": {"x": {"min": -528, "avg": -46.666666666666664, "stdev": 459.77965737223883, "median": 0.0, "q1": -264.0, "q3": 194.0, "max": 388}, "y": {"min": -543, "avg": -232.33333333333334, "stdev": 279.8469819979006, "median": -154.0, "q1": -348.5, "q3": -77.0, "max": 0}}}