{
  "cities": [
    {
      "number_of_city": 0,
      "x": 0,
      "y": 0
    },
    {
      "number_of_city": 1,
      "x": 365,
      "y": -713
    },
    {
      "number_of_city": 2,
      "x": -218,
      "y": 925
    }
  ],
  "distance_matrix": {
    "0": {
      "2": 950.341517560924
    },
    "1": {
      "2": 1738.6583908289747
    },
    "2": {
      "2": 0.0
    }
  },
  "stats": {
    "x": {
      "min": -218,
      "avg": 49.0,
      "stdev": 294.57257170347685,
      "median": 0.0,
      "q1": -109.0,
      "q3": 182.5,
      "max": 365
    },
    "y": {
      "min": -713,
      "avg": 70.66666666666667,
      "stdev": 821.283345340287,
      "median": 0.0,
      "q1": -356.5,
      "q3": 462.5,
      "max": 925
    }
  }
}