{
  "cities": [
    {
      "number_of_city": 0,
      "x": 0,
      "y": 0
    },
    {
      "number_of_city": 1,
      "x": -352,
      "y": -92
    },
    {
      "number_of_city": 2,
      "x": 197,
      "y": 963
    }
  ],
  "distance_matrix": {
    "0": {
      "2": 982.9435385616002
    },
    "1": {
      "2": 1189.2964306681492
    },
    "2": {
      "2": 0.0
    }
  },
  "stats": {
    "x": {
      "min": -352,
      "avg": -51.666666666666664,
      "stdev": 278.12287452371356,
      "median": 0.0,
      "q1": -176.0,
      "q3": 98.5,
      "max": 197
    },
    "y": {
      "min": -92,
      "avg": 290.3333333333333,
      "stdev": 584.359763615988,
      "median": 0.0,
      "q1": -46.0,
      "q3": 481.5,
      "max": 963
    }
  }
}