{
  "cities": [
    {
      "number_of_city": 0,
      "x": 0,
      "y": 0
    },
    {
      "number_of_city": 1,
      "x": -461,
      "y": 349
    },
    {
      "number_of_city": 2,
      "x": -890,
      "y": -522
    }
  ],
  "distance_matrix": {
    "0": {
      "2": 1031.7867996829577
    },
    "1": {
      "2": 970.9181221915677
    },
    "2": {
      "2": 0.0
    }
  },
  "stats": {
    "x": {
      "min": -890,
      "avg": -450.3333333333333,
      "stdev": 445.09586982282065,
      "median": -461.0,
      "q1": -675.5,
      "q3": -230.5,
      "max": 0
    },
    "y": {
      "min": -522,
      "avg": -57.666666666666664,
      "stdev": 438.3541186453406,
      "median": 0.0,
      "q1": -261.0,
      "q3": 174.5,
      "max": 349
    }
  }
}