{
  "cities": [
    {
      "number_of_city": 0,
      "x": 0,
      "y": 0
    },
    {
      "number_of_city": 1,
      "x": 405,
      "y": -308
    },
    {
      "number_of_city": 2,
      "x": 863,
      "y": -344
    }
  ],
  "distance_matrix": {
    "0": {
      "2": 929.0344450019063
    },
    "1": {
      "2": 459.412668523627
    },
    "2": {
      "2": 0.0
    }
  },
  "stats": {
    "x": {
      "min": 0,
      "avg": 422.6666666666667,
      "stdev": 431.77115852420405,
      "median": 405.0,
      "q1": 202.5,
      "q3": 634.0,
      "max": 863
    },
    "y": {
      "min": -344,
      "avg": -217.33333333333334,
      "stdev": 189.0749410507202,
      "median": -308.0,
      "q1": -326.0,
      "q3": -154.0,
      "max": 0
    }
  }
}