{
  "cities": [
    {
      "number_of_city": 0,
      "x": 0,
      "y": 0
    },
    {
      "number_of_city": 1,
      "x": -560,
      "y": -187
    },
    {
      "number_of_city": 2,
      "x": -410,
      "y": 200
    }
  ],
  "distance_matrix": {
    "0": {
      "2": 456.17978911828175
    },
    "1": {
      "2": 415.053008662749
    },
    "2": {
      "2": 0.0
    }
  },
  "stats": {
    "x": {
      "min": -560,
      "avg": -323.3333333333333,
      "stdev": 289.8850346832919,
      "median": -410.0,
      "q1": -485.0,
      "q3": -205.0,
      "max": 0
    },
    "y": {
      "min": -187,
      "avg": 4.333333333333333,
      "stdev": 193.53638762086402,
      "median": 0.0,
      "q1": -93.5,
      "q3": 100.0,
      "max": 200
    }
  }
}