{"cities": [{"number_of_city": 0, "x": 0, "y": 0}, {"number_of_city": 1, "x": -514, "y": -3}, {"number_of_city": 2, "x": -225, "y": 549}], "distance_matrix": {"0": {"2": 593.3177900585823}, "1": {"2": 623.0770417853638}, "2": {"2": 0.0}}, "stats": {"x": {"min": -514, "avg": -246.33333333333334, "stdev": 257.663216880744, "median": -225.0, "q1": -369.5, "q3": -112.5, "max": 0}, "y": {"min": -3, "avg": 182.0, "stdev": 317.8348627825462, "median": 0.0, "q1": -1.5, "q3": 274.5, "max": 549}}}