{"cities": [{"number_of_city": 0, "x": 0, "y": 0}, {"number_of_city": 1, "x": 85, "y": 98}, {"number_of_city": 2, "x": 684, "y": 486}], "distance_matrix": {"0": {"2": 839.0780654980798}, "1": {"2": 713.6841037882236}, "2": {"2": 0.0}}, "stats": {"x": {"min": 0, "avg": 256.3333333333333, "stdev": 372.8006616589264, "median": 85.0, "q1": 42.5, "q3": 384.5, "max": 684}, "y": {"min": 0, "avg": 194.66666666666666, "stdev": 257.01621219941234, "median": 98.0, "q1": 49.0, "q3": 292.0, "max": 486}}}