{"cities": [{"number_of_city": 0, "x": 0, "y": 0}, {"number_of_city": 1, "x": 476, "y": 829}, {"number_of_city": 2, "x": -594, "y": 979}], "distance_matrix": {"0": {"2": 1145.1100383805915}, "1": {"2": 1080.4628637764465}, "2": {"2": 0.0}}, "stats": {"x": {"min": -594, "avg": -39.333333333333336, "stdev": 536.0833268563138, "median": 0.0, "q1": -297.0, "q3": 238.0, "max": 476}, "y": {"min": 0, "avg": 602.6666666666666, "stdev": 527.2858174968613, "median": 829.0, "q1": 414.5, "q3": 904.0, "max": 979}}}