{
  "cities": [
    {
      "number_of_city": 0,
      "x": 0,
      "y": 0
    },
    {
      "number_of_city": 1,
      "x": -786,
      "y": 549
    },
    {
      "number_of_city": 2,
      "x": -602,
      "y": -1000
    }
  ],
  "distance_matrix": {
    "0": {
      "2": 1167.2206303865607
    },
    "1": {
      "2": 1559.8900602286046
    },
    "2": {
      "2": 0.0
    }
  },
  "stats": {
    "x": {
      "min": -786,
      "avg": -462.6666666666667,
      "stdev": 411.10744743112275,
      "median": -602.0,
      "q1": -694.0,
      "q3": -301.0,
      "max": 0
    },
    "y": {
      "min": -1000,
      "avg": -150.33333333333334,
      "stdev": 785.3663688580848,
      "median": 0.0,
      "q1": -500.0,
      "q3": 274.5,
      "max": 549
    }
  }
}