{
  "cities": [
    {
      "number_of_city": 0,
      "x": 0,
      "y": 0
    },
    {
      "number_of_city": 1,
      "x": 555,
      "y": -229
    },
    {
      "number_of_city": 2,
      "x": -738,
      "y": -338
    }
  ],
  "distance_matrix": {
    "0": {
      "2": 811.7191632578351
    },
    "1": {
      "2": 1297.5862206420043
    },
    "2": {
      "2": 0.0
    }
  },
  "stats": {
    "x": {
      "min": -738,
      "avg": -61.0,
      "stdev": 648.6547617955179,
      "median": 0.0,
      "q1": -369.0,
      "q3": 277.5,
      "max": 555
    },
    "y": {
      "min": -338,
      "avg": -189.0,
      "stdev": 172.51376756653366,
      "median": -229.0,
      "q1": -283.5,
      "q3": -114.5,
      "max": 0
    }
  }
}