{
  "cities": [
    {
      "number_of_city": 0,
      "x": 0,
      "y": 0
    },
    {
      "number_of_city": 1,
      "x": -694,
      "y": -29
    },
    {
      "number_of_city": 2,
      "x": -296,
      "y": -379
    }
  ],
  "distance_matrix": {
    "0": {
      "2": 480.8918797401345
    },
    "1": {
      "2": 530.0037735714718
    },
    "2": {
      "2": 0.0
    }
  },
  "stats": {
    "x": {
      "min": -694,
      "avg": -330.0,
      "stdev": 348.24703875266476,
      "median": -296.0,
      "q1": -495.0,
      "q3": -148.0,
      "max": 0
    },
    "y": {
      "min": -379,
      "avg": -136.0,
      "stdev": 210.94312029549576,
      "median": -29.0,
      "q1": -204.0,
      "q3": -14.5,
      "max": 0
    }
  }
}