{
  "cities": [
    {
      "number_of_city": 0,
      "x": 0,
      "y": 0
    },
    {
      "number_of_city": 1,
      "x": -971,
      "y": 226
    },
    {
      "number_of_city": 2,
      "x": 59,
      "y": 844
    }
  ],
  "distance_matrix": {
    "0": {
      "2": 846.0596905656244
    },
    "1": {
      "2": 1201.1760903381319
    },
    "2": {
      "2": 0.0
    }
  },
  "stats": {
    "x": {
      "min": -971,
      "avg": -304.0,
      "stdev": 578.3917357639198,
      "median": 0.0,
      "q1": -485.5,
      "q3": 29.5,
      "max": 59
    },
    "y": {
      "min": 0,
      "avg": 356.6666666666667,
      "stdev": 436.9088386990281,
      "median": 226.0,
      "q1": 113.0,
      "q3": 535.0,
      "max": 844
    }
  }
}