{"cities": [{"number_of_city": 0, "x": 0, "y": 0}, {"number_of_city": 1, "x": 88, "y": 894}, {"number_of_city": 2, "x": 102, "y": 971}], "distance_matrix": {"0": {"2": 976.342665256415}, "1": {"2": 78.26237921249263}, "2": {"2": 0.0}}, "stats": {"x": {"min": 0, "avg": 63.333333333333336, "stdev": 55.2931581059839, "median": 88.0, "q1": 44.0, "q3": 95.0, "max": 102}, "y": {"min": 0, "avg": 621.6666666666666, "stdev": 539.7539562924327, "median": 894.0, "q1": 447.0, "q3": 932.5, "max": 971}}}