{"cities": [{"number_of_city": 0, "x": 0, "y": 0}, {"number_of_city": 1, "x": 481, "y": 718}, {"number_of_city": 2, "x": -988, "y": -544}], "distance_matrix": {"0": {"2": 1127.865240177212}, "1": {"2": 1936.6478771320303}, "2": {"2": 0.0}}, "stats": {"x": {"min": -988, "avg": -169.0, "stdev": 748.9399174833719, "median": 0.0, "q1": -494.0, "q3": 240.5, "max": 481}, "y": {"min": -544, "avg": 58.0, "stdev": 632.9960505406017, "median": 0.0, "q1": -272.0, "q3": 359.0, "max": 718}}}