{
  "cities": [
    {
      "number_of_city": 0,
      "x": 0,
      "y": 0
    },
    {
      "number_of_city": 1,
      "x": 521,
      "y": -222
    },
    {
      "number_of_city": 2,
      "x": -31,
      "y": 40
    }
  ],
  "distance_matrix": {
    "0": {
      "2": 50.60632371551998
    },
    "1": {
      "2": 611.0220945268674
    },
    "2": {
      "2": 0.0
    }
  },
  "stats": {
    "x": {
      "min": -31,
      "avg": 163.33333333333334,
      "stdev": 310.13599167676966,
      "median": 0.0,
      "q1": -15.5,
      "q3": 260.5,
      "max": 521
    },
    "y": {
      "min": -222,
      "avg": -60.666666666666664,
      "stdev": 141.14295353765746,
      "median": 0.0,
      "q1": -111.0,
      "q3": 20.0,
      "max": 40
    }
  }
}