{"cities": [{"number_of_city": 0, "x": 0, "y": 0}, {"number_of_city": 1, "x": 279, "y": -986}, {"number_of_city": 2, "x": -497, "y": 676}], "distance_matrix": {"0": {"2": 839.0381397767327}, "1": {"2": 1834.235535584239}, "2": {"2": 0.0}}, "stats": {"x": {"min": -497, "avg": -72.66666666666667, "stdev": 393.070392338743, "median": 0.0, "q1": -248.5, "q3": 139.5, "max": 279}, "y": {"min": -986, "avg": -103.33333333333333, "stdev": 835.8046023642926, "median": 0.0, "q1": -493.0, "q3": 338.0, "max": 676}}}