{
  "cities": [
    {
      "number_of_city": 0,
      "x": 0,
      "y": 0
    },
    {
      "number_of_city": 1,
      "x": -551,
      "y": -513
    },
    {
      "number_of_city": 2,
      "x": 544,
      "y": -315
    }
  ],
  "distance_matrix": {
    "0": {
      "2": 628.6183261725671
    },
    "1": {
      "2": 1112.757385956166
    },
    "2": {
      "2": 0.0
    }
  },
  "stats": {
    "x": {
      "min": -551,
      "avg": -2.3333333333333335,
      "stdev": 547.5037290588378,
      "median": 0.0,
      "q1": -275.5,
      "q3": 272.0,
      "max": 544
    },
    "y": {
      "min": -513,
      "avg": -276.0,
      "stdev": 258.71412794820463,
      "median": -315.0,
      "q1": -414.0,
      "q3": -157.5,
      "max": 0
    }
  }
}