{
  "cities": [
    {
      "number_of_city": 0,
      "x": 0,
      "y": 0
    },
    {
      "number_of_city": 1,
      "x": -609,
      "y": 567
    },
    {
      "number_of_city": 2,
      "x": -92,
      "y": -592
    }
  ],
  "distance_matrix": {
    "0": {
      "2": 599.1060006376167
    },
    "1": {
      "2": 1269.0823456340413
    },
    "2": {
      "2": 0.0
    }
  },
  "stats": {
    "x": {
      "min": -609,
      "avg": -233.66666666666666,
      "stdev": 328.2869679614671,
      "median": -92.0,
      "q1": -350.5,
      "q3": -46.0,
      "max": 0
    },
    "y": {
      "min": -592,
      "avg": -8.333333333333334,
      "stdev": 579.5449364228225,
      "median": 0.0,
      "q1": -296.0,
      "q3": 283.5,
      "max": 567
    }
  }
}