{"cities": [{"number_of_city": 0, "x": 0, "y": 0}, {"number_of_city": 1, "x": -669, "y": 212}, {"number_of_city": 2, "x": -207, "y": -363}], "distance_matrix": {"0": {"2": 417.8731865051884}, "1": {"2": 737.6103307302576}, "2": {"2": 0.0}}, "stats": {"x": {"min": -669, "avg": -292.0, "stdev": 342.504014575012, "median": -207.0, "q1": -438.0, "q3": -103.5, "max": 0}, "y": {"min": -363, "avg": -50.333333333333336, "stdev": 290.78571720999867, "median": 0.0, "q1": -181.5, "q3": 106.0, "max": 212}}}