{
  "cities": [
    {
      "number_of_city": 0,
      "x": 0,
      "y": 0
    },
    {
      "number_of_city": 1,
      "x": 560,
      "y": 945
    },
    {
      "number_of_city": 2,
      "x": 25,
      "y": -504
    }
  ],
  "distance_matrix": {
    "0": {
      "2": 504.61965875300575
    },
    "1": {
      "2": 1544.6119253715478
    },
    "2": {
      "2": 0.0
    }
  },
  "stats": {
    "x": {
      "min": 0,
      "avg": 195.0,
      "stdev": 316.3463292026636,
      "median": 25.0,
      "q1": 12.5,
      "q3": 292.5,
      "max": 560
    },
    "y": {
      "min": -504,
      "avg": 147.0,
      "stdev": 735.5997553017537,
      "median": 0.0,
      "q1": -252.0,
      "q3": 472.5,
      "max": 945
    }
  }
}