{
  "cities": [
    {
      "number_of_city": 0,
      "x": 0,
      "y": 0
    },
    {
      "number_of_city": 1,
      "x": 30,
      "y": -484
    },
    {
      "number_of_city": 2,
      "x": -723,
      "y": -266
    }
  ],
  "distance_matrix": {
    "0": {
      "2": 770.3797764739155
    },
    "1": {
      "2": 783.9215521976673
    },
    "2": {
      "2": 0.0
    }
  },
  "stats": {
    "x": {
      "min": -723,
      "avg": -231.0,
      "stdev": 426.3484490413915,
      "median": 0.0,
      "q1": -361.5,
      "q3": 15.0,
      "max": 30
    },
    "y": {
      "min": -484,
      "avg": -250.0,
      "stdev": 242.39636960977776,
      "median": -266.0,
      "q1": -375.0,
      "q3": -133.0,
      "max": 0
    }
  }
}