{
  "cities": [
    {
      "number_of_city": 0,
      "x": 0,
      "y": 0
    },
    {
      "number_of_city": 1,
      "x": 750,
      "y": 145
    },
    {
      "number_of_city": 2,
      "x": -425,
      "y": 94
    }
  ],
  "distance_matrix": {
    "0": {
      "2": 435.27117984079763
    },
    "1": {
      "2": 1176.1062877138274
    },
    "2": {
      "2": 0.0
    }
  },
  "stats": {
    "x": {
      "min": -425,
      "avg": 108.33333333333333,
      "stdev": 594.9439749533844,
      "median": 0.0,
      "q1": -212.5,
      "q3": 375.0,
      "max": 750
    },
    "y": {
      "min": 0,
      "avg": 79.66666666666667,
      "stdev": 73.55496810775824,
      "median": 94.0,
      "q1": 47.0,
      "q3": 119.5,
      "max": 145
    }
  }
}