{
  "cities": [
    {
      "number_of_city": 0,
      "x": 0,
      "y": 0
    },
    {
      "number_of_city": 1,
      "x": 963,
      "y": -59
    },
    {
      "number_of_city": 2,
      "x": -607,
      "y": 602
    }
  ],
  "distance_matrix": {
    "0": {
      "2": 854.8994092874319
    },
    "1": {
      "2": 1703.4732166958188
    },
    "2": {
      "2": 0.0
    }
  },
  "stats": {
    "x": {
      "min": -607,
      "avg": 118.66666666666667,
      "stdev": 791.6983853294973,
      "median": 0.0,
      "q1": -303.5,
      "q3": 481.5,
      "max": 963
    },
    "y": {
      "min": -59,
      "avg": 181.0,
      "stdev": 365.78819007726315,
      "median": 0.0,
      "q1": -29.5,
      "q3": 301.0,
      "max": 602
    }
  }
}