{
  "cities": [
    {
      "number_of_city": 0,
      "x": 0,
      "y": 0
    },
    {
      "number_of_city": 1,
      "x": 459,
      "y": 295
    },
    {
      "number_of_city": 2,
      "x": 733,
      "y": -681
    }
  ],
  "distance_matrix": {
    "0": {
      "2": 1000.5248622598041
    },
    "1": {
      "2": 1013.7317199338295
    },
    "2": {
      "2": 0.0
    }
  },
  "stats": {
    "x": {
      "min": 0,
      "avg": 397.3333333333333,
      "stdev": 370.37053518514847,
      "median": 459.0,
      "q1": 229.5,
      "q3": 596.0,
      "max": 733
    },
    "y": {
      "min": -681,
      "avg": -128.66666666666666,
      "stdev": 500.5600197112563,
      "median": 0.0,
      "q1": -340.5,
      "q3": 147.5,
      "max": 295
    }
  }
}