{
  "cities": [
    {
      "number_of_city": 0,
      "x": 0,
      "y": 0
    },
    {
      "number_of_city": 1,
      "x": 194,
      "y": -412
    },
    {
      "number_of_city": 2,
      "x": 572,
      "y": -221
    }
  ],
  "distance_matrix": {
    "0": {
      "2": 613.2087735836792
    },
    "1": {
      "2": 423.51505286117043
    },
    "2": {
      "2": 0.0
    }
  },
  "stats": {
    "x": {
      "min": 0,
      "avg": 255.33333333333334,
      "stdev": 290.89058653269154,
      "median": 194.0,
      "q1": 97.0,
      "q3": 383.0,
      "max": 572
    },
    "y": {
      "min": -412,
      "avg": -211.0,
      "stdev": 206.18195847357742,
      "median": -221.0,
      "q1": -316.5,
      "q3": -110.5,
      "max": 0
    }
  }
}