{"cities": [{"number_of_city": 0, "x": 0, "y": 0}, {"number_of_city": 1, "x": -970, "y": -333}, {"number_of_city": 2, "x": -531, "y": 333}], "distance_matrix": {"0": {"2": 626.7774724732853}, "1": {"2": 797.6697311544422}, "2": {"2": 0.0}}, "stats": {"x": {"min": -970, "avg": -500.3333333333333, "stdev": 485.72660348526654, "median": -531.0, "q1": -750.5, "q3": -265.5, "max": 0}, "y": {"min": -333, "avg": 0.0, "stdev": 333.0, "median": 0.0, "q1": -166.5, "q3": 166.5, "max": 333}}}