{
  "cities": [
    {
      "number_of_city": 0,
      "x": 0,
      "y": 0
    },
    {
      "number_of_city": 1,
      "x": -351,
      "y": -717
    },
    {
      "number_of_city": 2,
      "x": -235,
      "y": -968
    }
  ],
  "distance_matrix": {
    "0": {
      "2": 996.1169610040781
    },
    "1": {
      "2": 276.508589378341
    },
    "2": {
      "2": 0.0
    }
  },
  "stats": {
    "x": {
      "min": -351,
      "avg": -195.33333333333334,
      "stdev": 178.83045974702782,
      "median": -235.0,
      "q1": -293.0,
      "q3": -117.5,
      "max": 0
    },
    "y": {
      "min": -968,
      "avg": -561.6666666666666,
      "stdev": 502.3468257422687,
      "median": -717.0,
      "q1": -842.5,
      "q3": -358.5,
      "max": 0
    }
  }
}