{
  "cities": [
    {
      "number_of_city": 0,
      "x": 0,
      "y": 0
    },
    {
      "number_of_city": 1,
      "x": -523,
      "y": 457
    },
    {
      "number_of_city": 2,
      "x": 997,
      "y": 856
    }
  ],
  "distance_matrix": {
    "0": {
      "2": 1314.0566958849226
    },
    "1": {
      "2": 1571.4964206131683
    },
    "2": {
      "2": 0.0
    }
  },
  "stats": {
    "x": {
      "min": -523,
      "avg": 158.0,
      "stdev": 772.2195283725995,
      "median": 0.0,
      "q1": -261.5,
      "q3": 498.5,
      "max": 997
    },
    "y": {
      "min": 0,
      "avg": 437.6666666666667,
      "stdev": 428.32736701421885,
      "median": 457.0,
      "q1": 228.5,
      "q3": 656.5,
      "max": 856
    }
  }
}