{
  "cities": [
    {
      "number_of_city": 0,
      "x": 0,
      "y": 0
    },
    {
      "number_of_city": 1,
      "x": 249,
      "y": -713
    },
    {
      "number_of_city": 2,
      "x": -826,
      "y": -237
    }
  ],
  "distance_matrix": {
    "0": {
      "2": 859.3282259998214
    },
    "1": {
      "2": 1175.6704470216132
    },
    "2": {
      "2": 0.0
    }
  },
  "stats": {
    "x": {
      "min": -826,
      "avg": -192.33333333333334,
      "stdev": 562.7169211364924,
      "median": 0.0,
      "q1": -413.0,
      "q3": 124.5,
      "max": 249
    },
    "y": {
      "min": -713,
      "avg": -316.6666666666667,
      "stdev": 363.1147660634766,
      "median": -237.0,
      "q1": -475.0,
      "q3": -118.5,
      "max": 0
    }
  }
}