{"cities": [{"number_of_city": 0, "x": 0, "y": 0}, {"number_of_city": 1, "x": -306, "y": 327}, {"number_of_city": 2, "x": -41, "y": 836}], "distance_matrix": {"0": {"2": 837.0047789588779}, "1": {"2": 573.8518972696701}, "2": {"2": 0.0}}, "stats": {"x": {"min": -306, "avg": -115.66666666666667, "stdev": 166.1033814626702, "median": -41.0, "q1": -173.5, "q3": -20.5, "max": 0}, "y": {"min": 0, "avg": 387.6666666666667, "stdev": 421.28889533588864, "median": 327.0, "q1": 163.5, "q3": 581.5, "max": 836}}}