{
  "cities": [
    {
      "number_of_city": 0,
      "x": 0,
      "y": 0
    },
    {
      "number_of_city": 1,
      "x": 152,
      "y": -779
    },
    {
      "number_of_city": 2,
      "x": -91,
      "y": 744
    }
  ],
  "distance_matrix": {
    "0": {
      "2": 749.5445283637257
    },
    "1": {
      "2": 1542.2639203456715
    },
    "2": {
      "2": 0.0
    }
  },
  "stats": {
    "x": {
      "min": -91,
      "avg": 20.333333333333332,
      "stdev": 122.76943159163575,
      "median": 0.0,
      "q1": -45.5,
      "q3": 76.0,
      "max": 152
    },
    "y": {
      "min": -779,
      "avg": -11.666666666666666,
      "stdev": 761.567024846358,
      "median": 0.0,
      "q1": -389.5,
      "q3": 372.0,
      "max": 744
    }
  }
}