{"cities": [{"number_of_city": 0, "x": 0, "y": 0}, {"number_of_city": 1, "x": -569, "y": -407}, {"number_of_city": 2, "x": -717, "y": 1000}], "distance_matrix": {"0": {"2": 1230.4832384067652}, "1": {"2": 1414.762524242143}, "2": {"2": 0.0}}, "stats": {"x": {"min": -717, "avg": -428.6666666666667, "stdev": 378.53973811653293, "median": -569.0, "q1": -643.0, "q3": -284.5, "max": 0}, "y": {"min": -407, "avg": 197.66666666666666, "stdev": 724.0278539761667, "median": 0.0, "q1": -203.5, "q3": 500.0, "max": 1000}}}