{"cities": [{"number_of_city": 0, "x": 0, "y": 0}, {"number_of_city": 1, "x": -417, "y": 153}, {"number_of_city": 2, "x": 331, "y": -816}], "distance_matrix": {"0": {"2": 880.5776513175882}, "1": {"2": 1224.118049862839}, "2": {"2": 0.0}}, "stats": {"x": {"min": -417, "avg": -28.666666666666668, "stdev": 374.8230693718482, "median": 0.0, "q1": -208.5, "q3": 165.5, "max": 331}, "y": {"min": -816, "avg": -221.0, "stdev": 520.9328171655151, "median": 0.0, "q1": -408.0, "q3": 76.5, "max": 153}}}