{
  "cities": [
    {
      "number_of_city": 0,
      "x": 0,
      "y": 0
    },
    {
      "number_of_city": 1,
      "x": 143,
      "y": 986
    },
    {
      "number_of_city": 2,
      "x": -130,
      "y": 563
    }
  ],
  "distance_matrix": {
    "0": {
      "2": 577.8139839083163
    },
    "1": {
      "2": 503.44612422780654
    },
    "2": {
      "2": 0.0
    }
  },
  "stats": {
    "x": {
      "min": -130,
      "avg": 4.333333333333333,
      "stdev": 136.55157755710232,
      "median": 0.0,
      "q1": -65.0,
      "q3": 71.5,
      "max": 143
    },
    "y": {
      "min": 0,
      "avg": 516.3333333333334,
      "stdev": 494.65375095447655,
      "median": 563.0,
      "q1": 281.5,
      "q3": 774.5,
      "max": 986
    }
  }
}