{"cities": [{"number_of_city": 0, "x": 0, "y": 0}, {"number_of_city": 1, "x": 133, "y": 841}, {"number_of_city": 2, "x": 854, "y": 776}], "distance_matrix": {"0": {"2": 1153.9029421922799}, "1": {"2": 723.9240291632817}, "2": {"2": 0.0}}, "stats": {"x": {"min": 0, "avg": 329.0, "stdev": 459.50081610373667, "median": 133.0, "q1": 66.5, "q3": 493.5, "max": 854}, "y": {"min": 0, "avg": 539.0, "stdev": 467.91772781120403, "median": 776.0, "q1": 388.0, "q3": 808.5, "max": 841}}}