{
  "cities": [
    {
      "number_of_city": 0,
      "x": 0,
      "y": 0
    },
    {
      "number_of_city": 1,
      "x": -582,
      "y": -737
    },
    {
      "number_of_city": 2,
      "x": 459,
      "y": -784
    }
  ],
  "distance_matrix": {
    "0": {
      "2": 908.480599682789
    },
    "1": {
      "2": 1042.060458898619
    },
    "2": {
      "2": 0.0
    }
  },
  "stats": {
    "x": {
      "min": -582,
      "avg": -41.0,
      "stdev": 521.7096893867316,
      "median": 0.0,
      "q1": -291.0,
      "q3": 229.5,
      "max": 459
    },
    "y": {
      "min": -784,
      "avg": -507.0,
      "stdev": 439.70330906191737,
      "median": -737.0,
      "q1": -760.5,
      "q3": -368.5,
      "max": 0
    }
  }
}