{
  "cities": [
    {
      "number_of_city": 0,
      "x": 0,
      "y": 0
    },
    {
      "number_of_city": 1,
      "x": -300,
      "y": 974
    },
    {
      "number_of_city": 2,
      "x": 655,
      "y": 552
    }
  ],
  "distance_matrix": {
    "0": {
      "2": 856.5798269863702
    },
    "1": {
      "2": 1044.0828511186264
    },
    "2": {
      "2": 0.0
    }
  },
  "stats": {
    "x": {
      "min": -300,
      "avg": 118.33333333333333,
      "stdev": 488.3731496850879,
      "median": 0.0,
      "q1": -150.0,
      "q3": 327.5,
      "max": 655
    },
    "y": {
      "min": 0,
      "avg": 508.6666666666667,
      "stdev": 488.4437872809248,
      "median": 552.0,
      "q1": 276.0,
      "q3": 763.0,
      "max": 974
    }
  }
}