{"cities": [{"number_of_city": 0, "x": 0, "y": 0}, {"number_of_city": 1, "x": 621, "y": 555}, {"number_of_city": 2, "x": -100, "y": 541}], "distance_matrix": {"0": {"2": 550.1645208480824}, "1": {"2": 721.1359095205286}, "2": {"2": 0.0}}, "stats": {"x": {"min": -100, "avg": 173.66666666666666, "stdev": 390.6153265468898, "median": 0.0, "q1": -50.0, "q3": 310.5, "max": 621}, "y": {"min": 0, "avg": 365.3333333333333, "stdev": 316.46537461993114, "median": 541.0, "q1": 270.5, "q3": 548.0, "max": 555}}}