{
  "cities": [
    {
      "number_of_city": 0,
      "x": 0,
      "y": 0
    },
    {
      "number_of_city": 1,
      "x": 311,
      "y": -240
    },
    {
      "number_of_city": 2,
      "x": 37,
      "y": -655
    }
  ],
  "distance_matrix": {
    "0": {
      "2": 656.0442058276257
    },
    "1": {
      "2": 497.29367580937526
    },
    "2": {
      "2": 0.0
    }
  },
  "stats": {
    "x": {
      "min": 0,
      "avg": 116.0,
      "stdev": 169.88525539316237,
      "median": 37.0,
      "q1": 18.5,
      "q3": 174.0,
      "max": 311
    },
    "y": {
      "min": -655,
      "avg": -298.3333333333333,
      "stdev": 331.373404686214,
      "median": -240.0,
      "q1": -447.5,
      "q3": -120.0,
      "max": 0
    }
  }
}