{"cities": [{"number_of_city": 0, "x": 0, "y": 0}, {"number_of_city": 1, "x": 551, "y": 634}, {"number_of_city": 2, "x": -505, "y": -150}], "distance_matrix": {"0": {"2": 526.806416058119}, "1": {"2": 1315.215571683973}, "2": {"2": 0.0}}, "stats": {"x": {"min": -505, "avg": 15.333333333333334, "stdev": 528.1669559271323, "median": 0.0, "q1": -252.5, "q3": 275.5, "max": 551}, "y": {"min": -150, "avg": 161.33333333333334, "stdev": 416.15541968516203, "median": 0.0, "q1": -75.0, "q3": 317.0, "max": 634}}}