{
  "cities": [
    {
      "number_of_city": 0,
      "x": 0,
      "y": 0
    },
    {
      "number_of_city": 1,
      "x": -500,
      "y": -745
    },
    {
      "number_of_city": 2,
      "x": 784,
      "y": 175
    }
  ],
  "distance_matrix": {
    "0": {
      "2": 803.2938441193235
    },
    "1": {
      "2": 1579.5746262839245
    },
    "2": {
      "2": 0.0
    }
  },
  "stats": {
    "x": {
      "min": -500,
      "avg": 94.66666666666667,
      "stdev": 647.2135144860105,
      "median": 0.0,
      "q1": -250.0,
      "q3": 392.0,
      "max": 784
    },
    "y": {
      "min": -745,
      "avg": -190.0,
      "stdev": 488.5437544376143,
      "median": 0.0,
      "q1": -372.5,
      "q3": 87.5,
      "max": 175
    }
  }
}