{"cities": [{"number_of_city": 0, "x": 0, "y": 0}, {"number_of_city": 1, "x": 320, "y": 663}, {"number_of_city": 2, "x": -750, "y": 654}], "distance_matrix": {"0": {"2": 995.0959752707273}, "1": {"2": 1070.037849797847}, "2": {"2": 0.0}}, "stats": {"x": {"min": -750, "avg": -143.33333333333334, "stdev": 549.2115560813822, "median": 0.0, "q1": -375.0, "q3": 160.0, "max": 320}, "y": {"min": 0, "avg": 439.0, "stdev": 380.21178308937243, "median": 654.0, "q1": 327.0, "q3": 658.5, "max": 663}}}