{
  "cities": [
    {
      "number_of_city": 0,
      "x": 0,
      "y": 0
    },
    {
      "number_of_city": 1,
      "x": -262,
      "y": -968
    },
    {
      "number_of_city": 2,
      "x": -464,
      "y": -854
    }
  ],
  "distance_matrix": {
    "0": {
      "2": 971.9115186065036
    },
    "1": {
      "2": 231.94827009486403
    },
    "2": {
      "2": 0.0
    }
  },
  "stats": {
    "x": {
      "min": -464,
      "avg": -242.0,
      "stdev": 232.64565330132433,
      "median": -262.0,
      "q1": -363.0,
      "q3": -131.0,
      "max": 0
    },
    "y": {
      "min": -968,
      "avg": -607.3333333333334,
      "stdev": 529.045681707481,
      "median": -854.0,
      "q1": -911.0,
      "q3": -427.0,
      "max": 0
    }
  }
}