{
  "cities": [
    {
      "number_of_city": 0,
      "x": 0,
      "y": 0
    },
    {
      "number_of_city": 1,
      "x": 629,
      "y": -712
    },
    {
      "number_of_city": 2,
      "x": -85,
      "y": -86
    }
  ],
  "distance_matrix": {
    "0": {
      "2": 120.91732712891069
    },
    "1": {
      "2": 949.5641105265089
    },
    "2": {
      "2": 0.0
    }
  },
  "stats": {
    "x": {
      "min": -85,
      "avg": 181.33333333333334,
      "stdev": 390.01324763824795,
      "median": 0.0,
      "q1": -42.5,
      "q3": 314.5,
      "max": 629
    },
    "y": {
      "min": -712,
      "avg": -266.0,
      "stdev": 388.6335034450839,
      "median": -86.0,
      "q1": -399.0,
      "q3": -43.0,
      "max": 0
    }
  }
}