{
  "cities": [
    {
      "number_of_city": 0,
      "x": 0,
      "y": 0
    },
    {
      "number_of_city": 1,
      "x": -513,
      "y": -984
    },
    {
      "number_of_city": 2,
      "x": -966,
      "y": 384
    }
  ],
  "distance_matrix": {
    "0": {
      "2": 1039.5248914768708
    },
    "1": {
      "2": 1441.0527401868399
    },
    "2": {
      "2": 0.0
    }
  },
  "stats": {
    "x": {
      "min": -966,
      "avg": -493.0,
      "stdev": 483.31045922884806,
      "median": -513.0,
      "q1": -739.5,
      "q3": -256.5,
      "max": 0
    },
    "y": {
      "min": -984,
      "avg": -200.0,
      "stdev": 705.5891155623079,
      "median": 0.0,
      "q1": -492.0,
      "q3": 192.0,
      "max": 384
    }
  }
}