{"cities": [{"number_of_city": 0, "x": 0, "y": 0}, {"number_of_city": 1, "x": -306, "y": -57}, {"number_of_city": 2, "x": 735, "y": -813}], "distance_matrix": {"0": {"2": 1095.9899634576952}, "1": {"2": 1286.5523697075064}, "2": {"2": 0.0}}, "stats": {"x": {"min": -306, "avg": 143.0, "stdev": 535.0299057062138, "median": 0.0, "q1": -153.0, "q3": 367.5, "max": 735}, "y": {"min": -813, "avg": -290.0, "stdev": 453.827059572256, "median": -57.0, "q1": -435.0, "q3": -28.5, "max": 0}}}