{
  "cities": [
    {
      "number_of_city": 0,
      "x": 0,
      "y": 0
    },
    {
      "number_of_city": 1,
      "x": -625,
      "y": 427
    },
    {
      "number_of_city": 2,
      "x": 466,
      "y": 257
    }
  ],
  "distance_matrix": {
    "0": {
      "2": 532.1700855929428
    },
    "1": {
      "2": 1104.165295596633
    },
    "2": {
      "2": 0.0
    }
  },
  "stats": {
    "x": {
      "min": -625,
      "avg": -53.0,
      "stdev": 547.4276207865291,
      "median": 0.0,
      "q1": -312.5,
      "q3": 233.0,
      "max": 466
    },
    "y": {
      "min": 0,
      "avg": 228.0,
      "stdev": 214.9720912118594,
      "median": 257.0,
      "q1": 128.5,
      "q3": 342.0,
      "max": 427
    }
  }
}