{"cities": [{"number_of_city": 0, "x": 0, "y": 0}, {"number_of_city": 1, "x": 434, "y": 337}, {"number_of_city": 2, "x": -837, "y": 375}], "distance_matrix": {"0": {"2": 917.1662880852086}, "1": {"2": 1271.5679297623074}, "2": {"2": 0.0}}, "stats": {"x": {"min": -837, "avg": -134.33333333333334, "stdev": 646.0606266700776, "median": 0.0, "q1": -418.5, "q3": 217.0, "max": 434}, "y": {"min": 0, "avg": 237.33333333333334, "stdev": 206.41301638543374, "median": 337.0, "q1": 168.5, "q3": 356.0, "max": 375}}}