{
  "cities": [
    {
      "number_of_city": 0,
      "x": 0,
      "y": 0
    },
    {
      "number_of_city": 1,
      "x": 346,
      "y": 213
    },
    {
      "number_of_city": 2,
      "x": -340,
      "y": 131
    }
  ],
  "distance_matrix": {
    "0": {
      "2": 364.3638291598111
    },
    "1": {
      "2": 690.8834923487461
    },
    "2": {
      "2": 0.0
    }
  },
  "stats": {
    "x": {
      "min": -340,
      "avg": 2.0,
      "stdev": 343.00437314996435,
      "median": 0.0,
      "q1": -170.0,
      "q3": 173.0,
      "max": 346
    },
    "y": {
      "min": 0,
      "avg": 114.66666666666667,
      "stdev": 107.43525181863414,
      "median": 131.0,
      "q1": 65.5,
      "q3": 172.0,
      "max": 213
    }
  }
}