{"cities": [{"number_of_city": 0, "x": 0, "y": 0}, {"number_of_city": 1, "x": -356, "y": -370}, {"number_of_city": 2, "x": -384, "y": -58}], "distance_matrix": {"0": {"2": 388.35550723531657}, "1": {"2": 313.2538906382489}, "2": {"2": 0.0}}, "stats": {"x": {"min": -384, "avg": -246.66666666666666, "stdev": 214.07786745325478, "median": -356.0, "q1": -370.0, "q3": -178.0, "max": 0}, "y": {"min": -370, "avg": -142.66666666666666, "stdev": 199.0008375191756, "median": -58.0, "q1": -214.0, "q3": -29.0, "max": 0}}}