{"cities": [{"number_of_city": 0, "x": 0, "y": 0}, {"number_of_city": 1, "x": -506, "y": 931}, {"number_of_city": 2, "x": 79, "y": 951}], "distance_matrix": {"0": {"2": 954.2756415208344}, "1": {"2": 585.3417805009309}, "2": {"2": 0.0}}, "stats": {"x": {"min": -506, "avg": -142.33333333333334, "stdev": 317.4119300425447, "median": 0.0, "q1": -253.0, "q3": 39.5, "max": 79}, "y": {"min": 0, "avg": 627.3333333333334, "stdev": 543.3786279688716, "median": 931.0, "q1": 465.5, "q3": 941.0, "max": 951}}}