{
  "cities": [
    {
      "number_of_city": 0,
      "x": 0,
      "y": 0
    },
    {
      "number_of_city": 1,
      "x": -200,
      "y": 582
    },
    {
      "number_of_city": 2,
      "x": 909,
      "y": -972
    }
  ],
  "distance_matrix": {
    "0": {
      "2": 1330.8136608857003
    },
    "1": {
      "2": 1909.135144509157
    },
    "2": {
      "2": 0.0
    }
  },
  "stats": {
    "x": {
      "min": -200,
      "avg": 236.33333333333334,
      "stdev": 591.0671140685577,
      "median": 0.0,
      "q1": -100.0,
      "q3": 454.5,
      "max": 909
    },
    "y": {
      "min": -972,
      "avg": -130.0,
      "stdev": 785.1140044604987,
      "median": 0.0,
      "q1": -486.0,
      "q3": 291.0,
      "max": 582
    }
  }
}