{
  "cities": [
    {
      "number_of_city": 0,
      "x": 0,
      "y": 0
    },
    {
      "number_of_city": 1,
      "x": 63,
      "y": -352
    },
    {
      "number_of_city": 2,
      "x": -452,
      "y": 619
    }
  ],
  "distance_matrix": {
    "0": {
      "2": 766.4626540151842
    },
    "1": {
      "2": 1099.1205575367972
    },
    "2": {
      "2": 0.0
    }
  },
  "stats": {
    "x": {
      "min": -452,
      "avg": -129.66666666666666,
      "stdev": 280.9205107024643,
      "median": 0.0,
      "q1": -226.0,
      "q3": 31.5,
      "max": 63
    },
    "y": {
      "min": -352,
      "avg": 89.0,
      "stdev": 491.5801053744954,
      "median": 0.0,
      "q1": -176.0,
      "q3": 309.5,
      "max": 619
    }
  }
}