{
  "cities": [
    {
      "number_of_city": 0,
      "x": 0,
      "y": 0
    },
    {
      "number_of_city": 1,
      "x": 634,
      "y": 721
    },
    {
      "number_of_city": 2,
      "x": 211,
      "y": -885
    }
  ],
  "distance_matrix": {
    "0": {
      "2": 909.8054737140242
    },
    "1": {
      "2": 1660.7724106571616
    },
    "2": {
      "2": 0.0
    }
  },
  "stats": {
    "x": {
      "min": 0,
      "avg": 281.6666666666667,
      "stdev": 322.8534239145271,
      "median": 211.0,
      "q1": 105.5,
      "q3": 422.5,
      "max": 634
    },
    "y": {
      "min": -885,
      "avg": -54.666666666666664,
      "stdev": 804.3943891732049,
      "median": 0.0,
      "q1": -442.5,
      "q3": 360.5,
      "max": 721
    }
  }
}