{
  "cities": [
    {
      "number_of_city": 0,
      "x": 0,
      "y": 0
    },
    {
      "number_of_city": 1,
      "x": -933,
      "y": 981
    },
    {
      "number_of_city": 2,
      "x": -102,
      "y": 594
    }
  ],
  "distance_matrix": {
    "0": {
      "2": 602.6939521846889
    },
    "1": {
      "2": 916.6951510725908
    },
    "2": {
      "2": 0.0
    }
  },
  "stats": {
    "x": {
      "min": -933,
      "avg": -345.0,
      "stdev": 511.77045635714455,
      "median": -102.0,
      "q1": -517.5,
      "q3": -51.0,
      "max": 0
    },
    "y": {
      "min": 0,
      "avg": 525.0,
      "stdev": 494.1265020214965,
      "median": 594.0,
      "q1": 297.0,
      "q3": 787.5,
      "max": 981
    }
  }
}