{
  "cities": [
    {
      "number_of_city": 0,
      "x": 0,
      "y": 0
    },
    {
      "number_of_city": 1,
      "x": -837,
      "y": -557
    },
    {
      "number_of_city": 2,
      "x": -665,
      "y": 385
    }
  ],
  "distance_matrix": {
    "0": {
      "2": 768.4074440035052
    },
    "1": {
      "2": 957.5740180268051
    },
    "2": {
      "2": 0.0
    }
  },
  "stats": {
    "x": {
      "min": -837,
      "avg": -500.6666666666667,
      "stdev": 442.0365746556876,
      "median": -665.0,
      "q1": -751.0,
      "q3": -332.5,
      "max": 0
    },
    "y": {
      "min": -557,
      "avg": -57.333333333333336,
      "stdev": 473.6098957299492,
      "median": 0.0,
      "q1": -278.5,
      "q3": 192.5,
      "max": 385
    }
  }
}