{
  "cities": [
    {
      "number_of_city": 0,
      "x": 0,
      "y": 0
    },
    {
      "number_of_city": 1,
      "x": 863,
      "y": 419
    },
    {
      "number_of_city": 2,
      "x": -425,
      "y": 679
    }
  ],
  "distance_matrix": {
    "0": {
      "2": 801.0405732545637
    },
    "1": {
      "2": 1313.980212940819
    },
    "2": {
      "2": 0.0
    }
  },
  "stats": {
    "x": {
      "min": -425,
      "avg": 146.0,
      "stdev": 656.2949032256764,
      "median": 0.0,
      "q1": -212.5,
      "q3": 431.5,
      "max": 863
    },
    "y": {
      "min": 0,
      "avg": 366.0,
      "stdev": 342.5886746522716,
      "median": 419.0,
      "q1": 209.5,
      "q3": 549.0,
      "max": 679
    }
  }
}