{
  "cities": [
    {
      "number_of_city": 0,
      "x": 0,
      "y": 0
    },
    {
      "number_of_city": 1,
      "x": 571,
      "y": 543
    },
    {
      "number_of_city": 2,
      "x": 226,
      "y": 336
    }
  ],
  "distance_matrix": {
    "0": {
      "2": 404.93456261475137
    },
    "1": {
      "2": 402.3356807443257
    },
    "2": {
      "2": 0.0
    }
  },
  "stats": {
    "x": {
      "min": 0,
      "avg": 265.6666666666667,
      "stdev": 287.55926925302435,
      "median": 226.0,
      "q1": 113.0,
      "q3": 398.5,
      "max": 571
    },
    "y": {
      "min": 0,
      "avg": 293.0,
      "stdev": 274.0419675889078,
      "median": 336.0,
      "q1": 168.0,
      "q3": 439.5,
      "max": 543
    }
  }
}