{
  "cities": [
    {
      "number_of_city": 0,
      "x": 0,
      "y": 0
    },
    {
      "number_of_city": 1,
      "x": -794,
      "y": -237
    },
    {
      "number_of_city": 2,
      "x": 660,
      "y": -640
    }
  ],
  "distance_matrix": {
    "0": {
      "2": 919.3475947648963
    },
    "1": {
      "2": 1508.8157607872474
    },
    "2": {
      "2": 0.0
    }
  },
  "stats": {
    "x": {
      "min": -794,
      "avg": -44.666666666666664,
      "stdev": 728.028387724911,
      "median": 0.0,
      "q1": -397.0,
      "q3": 330.0,
      "max": 660
    },
    "y": {
      "min": -640,
      "avg": -292.3333333333333,
      "stdev": 323.5681278082459,
      "median": -237.0,
      "q1": -438.5,
      "q3": -118.5,
      "max": 0
    }
  }
}