{"cities": [{"number_of_city": 0, "x": 0, "y": 0}, {"number_of_city": 1, "x": 555, "y": -906}, {"number_of_city": 2, "x": -386, "y": 978}], "distance_matrix": {"0": {"2": 1051.4180900098686}, "1": {"2": 2105.9290111492364}, "2": {"2": 0.0}}, "stats": {"x": {"min": -386, "avg": 56.333333333333336, "stdev": 473.022550554763, "median": 0.0, "q1": -193.0, "q3": 277.5, "max": 555}, "y": {"min": -906, "avg": 24.0, "stdev": 942.2292714621001, "median": 0.0, "q1": -453.0, "q3": 489.0, "max": 978}}}