{
  "cities": [
    {
      "number_of_city": 0,
      "x": 0,
      "y": 0
    },
    {
      "number_of_city": 1,
      "x": -375,
      "y": 866
    },
    {
      "number_of_city": 2,
      "x": 660,
      "y": -391
    }
  ],
  "distance_matrix": {
    "0": {
      "2": 767.1251527619206
    },
    "1": {
      "2": 1628.2733185801455
    },
    "2": {
      "2": 0.0
    }
  },
  "stats": {
    "x": {
      "min": -375,
      "avg": 95.0,
      "stdev": 523.9990458006579,
      "median": 0.0,
      "q1": -187.5,
      "q3": 330.0,
      "max": 660
    },
    "y": {
      "min": -391,
      "avg": 158.33333333333334,
      "stdev": 643.2840222897918,
      "median": 0.0,
      "q1": -195.5,
      "q3": 433.0,
      "max": 866
    }
  }
}