{
  "cities": [
    {
      "number_of_city": 0,
      "x": 0,
      "y": 0
    },
    {
      "number_of_city": 1,
      "x": -781,
      "y": 346
    },
    {
      "number_of_city": 2,
      "x": 803,
      "y": -169
    }
  ],
  "distance_matrix": {
    "0": {
      "2": 820.5912502580076
    },
    "1": {
      "2": 1665.6173029840918
    },
    "2": {
      "2": 0.0
    }
  },
  "stats": {
    "x": {
      "min": -781,
      "avg": 7.333333333333333,
      "stdev": 792.0254625536563,
      "median": 0.0,
      "q1": -390.5,
      "q3": 401.5,
      "max": 803
    },
    "y": {
      "min": -169,
      "avg": 59.0,
      "stdev": 262.5204753919206,
      "median": 0.0,
      "q1": -84.5,
      "q3": 173.0,
      "max": 346
    }
  }
}