{
  "cities": [
    {
      "number_of_city": 0,
      "x": 0,
      "y": 0
    },
    {
      "number_of_city": 1,
      "x": -49,
      "y": -284
    },
    {
      "number_of_city": 2,
      "x": 832,
      "y": 179
    }
  ],
  "distance_matrix": {
    "0": {
      "2": 851.0376019894774
    },
    "1": {
      "2": 995.2537364913533
    },
    "2": {
      "2": 0.0
    }
  },
  "stats": {
    "x": {
      "min": -49,
      "avg": 261.0,
      "stdev": 495.10705912963914,
      "median": 0.0,
      "q1": -24.5,
      "q3": 416.0,
      "max": 832
    },
    "y": {
      "min": -284,
      "avg": -35.0,
      "stdev": 233.47590882144564,
      "median": 0.0,
      "q1": -142.0,
      "q3": 89.5,
      "max": 179
    }
  }
}