{"cities": [{"number_of_city": 0, "x": 0, "y": 0}, {"number_of_city": 1, "x": 286, "y": -830}, {"number_of_city": 2, "x": 853, "y": -41}], "distance_matrix": {"0": {"2": 853.9847773818922}, "1": {"2": 971.6017702742209}, "2": {"2": 0.0}}, "stats": {"x": {"min": 0, "avg": 379.6666666666667, "stdev": 434.1455209181978, "median": 286.0, "q1": 143.0, "q3": 569.5, "max": 853}, "y": {"min": -830, "avg": -290.3333333333333, "stdev": 467.8144218954065, "median": -41.0, "q1": -435.5, "q3": -20.5, "max": 0}}}