{
  "cities": [
    {
      "number_of_city": 0,
      "x": 0,
      "y": 0
    },
    {
      "number_of_city": 1,
      "x": -102,
      "y": -561
    },
    {
      "number_of_city": 2,
      "x": -169,
      "y": 784
    }
  ],
  "distance_matrix": {
    "0": {
      "2": 802.0081046972032
    },
    "1": {
      "2": 1346.6677392735003
    },
    "2": {
      "2": 0.0
    }
  },
  "stats": {
    "x": {
      "min": -169,
      "avg": -90.33333333333333,
      "stdev": 85.10189970460902,
      "median": -102.0,
      "q1": -135.5,
      "q3": -51.0,
      "max": 0
    },
    "y": {
      "min": -561,
      "avg": 74.33333333333333,
      "stdev": 675.5740768659891,
      "median": 0.0,
      "q1": -280.5,
      "q3": 392.0,
      "max": 784
    }
  }
}