{"cities": [{"number_of_city": 0, "x": 0, "y": 0}, {"number_of_city": 1, "x": -641, "y": -989}, {"number_of_city": 2, "x": 672, "y": -797}], "distance_matrix": {"0": {"2": 1042.4936450645635}, "1": {"2": 1326.9638276908681}, "2": {"2": 0.0}}, "stats": {"x": {"min": -641, "avg": 10.333333333333334, "stdev": 656.5609898047046, "median": 0.0, "q1": -320.5, "q3": 336.0, "max": 672}, "y": {"min": -989, "avg": -595.3333333333334, "stdev": 524.4352518026733, "median": -797.0, "q1": -893.0, "q3": -398.5, "max": 0}}}