{
  "cities": [
    {
      "number_of_city": 0,
      "x": 0,
      "y": 0
    },
    {
      "number_of_city": 1,
      "x": 330,
      "y": 795
    },
    {
      "number_of_city": 2,
      "x": 57,
      "y": 825
    }
  ],
  "distance_matrix": {
    "0": {
      "2": 826.9667466107691
    },
    "1": {
      "2": 274.6434051638597
    },
    "2": {
      "2": 0.0
    }
  },
  "stats": {
    "x": {
      "min": 0,
      "avg": 129.0,
      "stdev": 176.3887751530692,
      "median": 57.0,
      "q1": 28.5,
      "q3": 193.5,
      "max": 330
    },
    "y": {
      "min": 0,
      "avg": 540.0,
      "stdev": 467.8942188144666,
      "median": 795.0,
      "q1": 397.5,
      "q3": 810.0,
      "max": 825
    }
  }
}