{
  "cities": [
    {
      "number_of_city": 0,
      "x": 0,
      "y": 0
    },
    {
      "number_of_city": 1,
      "x": -720,
      "y": 182
    },
    {
      "number_of_city": 2,
      "x": -861,
      "y": -183
    }
  ],
  "distance_matrix": {
    "0": {
      "2": 880.2329237196254
    },
    "1": {
      "2": 391.28761799985443
    },
    "2": {
      "2": 0.0
    }
  },
  "stats": {
    "x": {
      "min": -861,
      "avg": -527.0,
      "stdev": 461.8084018291569,
      "median": -720.0,
      "q1": -790.5,
      "q3": -360.0,
      "max": 0
    },
    "y": {
      "min": -183,
      "avg": -0.3333333333333333,
      "stdev": 182.50022831035946,
      "median": 0.0,
      "q1": -91.5,
      "q3": 91.0,
      "max": 182
    }
  }
}