{
  "cities": [
    {
      "number_of_city": 0,
      "x": 0,
      "y": 0
    },
    {
      "number_of_city": 1,
      "x": 860,
      "y": -270
    },
    {
      "number_of_city": 2,
      "x": 387,
      "y": -442
    }
  ],
  "distance_matrix": {
    "0": {
      "2": 587.4802124327252
    },
    "1": {
      "2": 503.3020961609439
    },
    "2": {
      "2": 0.0
    }
  },
  "stats": {
    "x": {
      "min": 0,
      "avg": 415.6666666666667,
      "stdev": 430.71607043774594,
      "median": 387.0,
      "q1": 193.5,
      "q3": 623.5,
      "max": 860
    },
    "y": {
      "min": -442,
      "avg": -237.33333333333334,
      "stdev": 222.8033512614506,
      "median": -270.0,
      "q1": -356.0,
      "q3": -135.0,
      "max": 0
    }
  }
}