{
  "cities": [
    {
      "number_of_city": 0,
      "x": 0,
      "y": 0
    },
    {
      "number_of_city": 1,
      "x": 480,
      "y": 602
    },
    {
      "number_of_city": 2,
      "x": -961,
      "y": -967
    }
  ],
  "distance_matrix": {
    "0": {
      "2": 1363.3084757310064
    },
    "1": {
      "2": 2130.315000181898
    },
    "2": {
      "2": 0.0
    }
  },
  "stats": {
    "x": {
      "min": -961,
      "avg": -160.33333333333334,
      "stdev": 733.7576802550916,
      "median": 0.0,
      "q1": -480.5,
      "q3": 240.0,
      "max": 480
    },
    "y": {
      "min": -967,
      "avg": -121.66666666666667,
      "stdev": 791.5442712402972,
      "median": 0.0,
      "q1": -483.5,
      "q3": 301.0,
      "max": 602
    }
  }
}