{
  "cities": [
    {
      "number_of_city": 0,
      "x": 0,
      "y": 0
    },
    {
      "number_of_city": 1,
      "x": 694,
      "y": 423
    },
    {
      "number_of_city": 2,
      "x": -377,
      "y": -367
    }
  ],
  "distance_matrix": {
    "0": {
      "2": 526.1349636737707
    },
    "1": {
      "2": 1330.8422145393495
    },
    "2": {
      "2": 0.0
    }
  },
  "stats": {
    "x": {
      "min": -377,
      "avg": 105.66666666666667,
      "stdev": 543.2626743421025,
      "median": 0.0,
      "q1": -188.5,
      "q3": 347.0,
      "max": 694
    },
    "y": {
      "min": -367,
      "avg": 18.666666666666668,
      "stdev": 395.3306632849687,
      "median": 0.0,
      "q1": -183.5,
      "q3": 211.5,
      "max": 423
    }
  }
}