{"cities": [{"number_of_city": 0, "x": 0, "y": 0}, {"number_of_city": 1, "x": 262, "y": -272}, {"number_of_city": 2, "x": 486, "y": 503}], "distance_matrix": {"0": {"2": 699.4319123402935}, "1": {"2": 806.7223809960897}, "2": {"2": 0.0}}, "stats": {"x": {"min": 0, "avg": 249.33333333333334, "stdev": 243.24747343669026, "median": 262.0, "q1": 131.0, "q3": 374.0, "max": 486}, "y": {"min": -272, "avg": 77.0, "stdev": 393.1958799377226, "median": 0.0, "q1": -136.0, "q3": 251.5, "max": 503}}}