{
  "cities": [
    {
      "number_of_city": 0,
      "x": 0,
      "y": 0
    },
    {
      "number_of_city": 1,
      "x": 291,
      "y": -355
    },
    {
      "number_of_city": 2,
      "x": 187,
      "y": 958
    }
  ],
  "distance_matrix": {
    "0": {
      "2": 976.0804270140858
    },
    "1": {
      "2": 1317.1123718195042
    },
    "2": {
      "2": 0.0
    }
  },
  "stats": {
    "x": {
      "min": 0,
      "avg": 159.33333333333334,
      "stdev": 147.45959898675073,
      "median": 187.0,
      "q1": 93.5,
      "q3": 239.0,
      "max": 291
    },
    "y": {
      "min": -355,
      "avg": 201.0,
      "stdev": 679.1855416600091,
      "median": 0.0,
      "q1": -177.5,
      "q3": 479.0,
      "max": 958
    }
  }
}