{"cities": [{"number_of_city": 0, "x": 0, "y": 0}, {"number_of_city": 1, "x": -114, "y": -562}, {"number_of_city": 2, "x": 130, "y": 274}], "distance_matrix": {"0": {"2": 303.2754523531372}, "1": {"2": 870.8800146977768}, "2": {"2": 0.0}}, "stats": {"x": {"min": -114, "avg": 5.333333333333333, "stdev": 122.08740038731816, "median": 0.0, "q1": -57.0, "q3": 65.0, "max": 130}, "y": {"min": -562, "avg": -96.0, "stdev": 426.18775205301245, "median": 0.0, "q1": -281.0, "q3": 137.0, "max": 274}}}