{
  "cities": [
    {
      "number_of_city": 0,
      "x": 0,
      "y": 0
    },
    {
      "number_of_city": 1,
      "x": -672,
      "y": -290
    },
    {
      "number_of_city": 2,
      "x": 659,
      "y": 828
    }
  ],
  "distance_matrix": {
    "0": {
      "2": 1058.2367409989129
    },
    "1": {
      "2": 1738.2419279260296
    },
    "2": {
      "2": 0.0
    }
  },
  "stats": {
    "x": {
      "min": -672,
      "avg": -4.333333333333333,
      "stdev": 665.5105809326651,
      "median": 0.0,
      "q1": -336.0,
      "q3": 329.5,
      "max": 659
    },
    "y": {
      "min": -290,
      "avg": 179.33333333333334,
      "stdev": 580.1735372570291,
      "median": 0.0,
      "q1": -145.0,
      "q3": 414.0,
      "max": 828
    }
  }
}