{"cities": [{"number_of_city": 0, "x": 0, "y": 0}, {"number_of_city": 1, "x": 936, "y": -110}, {"number_of_city": 2, "x": -826, "y": -648}], "distance_matrix": {"0": {"2": 1049.8476079888928}, "1": {"2": 1842.3050778847678}, "2": {"2": 0.0}}, "stats": {"x": {"min": -826, "avg": 36.666666666666664, "stdev": 881.5720806226417, "median": 0.0, "q1": -413.0, "q3": 468.0, "max": 936}, "y": {"min": -648, "avg": -252.66666666666666, "stdev": 346.7583212171459, "median": -110.0, "q1": -379.0, "q3": -55.0, "max": 0}}}