{
  "cities": [
    {
      "number_of_city": 0,
      "x": 0,
      "y": 0
    },
    {
      "number_of_city": 1,
      "x": 849,
      "y": 365
    },
    {
      "number_of_city": 2,
      "x": 185,
      "y": -614
    }
  ],
  "distance_matrix": {
    "0": {
      "2": 641.2651557663179
    },
    "1": {
      "2": 1182.935754806659
    },
    "2": {
      "2": 0.0
    }
  },
  "stats": {
    "x": {
      "min": 0,
      "avg": 344.6666666666667,
      "stdev": 446.45305837605514,
      "median": 185.0,
      "q1": 92.5,
      "q3": 517.0,
      "max": 849
    },
    "y": {
      "min": -614,
      "avg": -83.0,
      "stdev": 494.7494315307497,
      "median": 0.0,
      "q1": -307.0,
      "q3": 182.5,
      "max": 365
    }
  }
}