{
  "cities": [
    {
      "number_of_city": 0,
      "x": 0,
      "y": 0
    },
    {
      "number_of_city": 1,
      "x": -597,
      "y": 834
    },
    {
      "number_of_city": 2,
      "x": -493,
      "y": 612
    }
  ],
  "distance_matrix": {
    "0": {
      "2": 785.870854530183
    },
    "1": {
      "2": 245.15301344262525
    },
    "2": {
      "2": 0.0
    }
  },
  "stats": {
    "x": {
      "min": -597,
      "avg": -363.3333333333333,
      "stdev": 318.92371083588836,
      "median": -493.0,
      "q1": -545.0,
      "q3": -246.5,
      "max": 0
    },
    "y": {
      "min": 0,
      "avg": 482.0,
      "stdev": 431.93054997302517,
      "median": 612.0,
      "q1": 306.0,
      "q3": 723.0,
      "max": 834
    }
  }
}