{
  "cities": [
    {
      "number_of_city": 0,
      "x": 0,
      "y": 0
    },
    {
      "number_of_city": 1,
      "x": -511,
      "y": 917
    },
    {
      "number_of_city": 2,
      "x": -874,
      "y": -96
    }
  ],
  "distance_matrix": {
    "0": {
      "2": 879.2565040987755
    },
    "1": {
      "2": 1076.0752761772756
    },
    "2": {
      "2": 0.0
    }
  },
  "stats": {
    "x": {
      "min": -874,
      "avg": -461.6666666666667,
      "stdev": 439.08351521474054,
      "median": -511.0,
      "q1": -692.5,
      "q3": -255.5,
      "max": 0
    },
    "y": {
      "min": -96,
      "avg": 273.6666666666667,
      "stdev": 559.2068788322738,
      "median": 0.0,
      "q1": -48.0,
      "q3": 458.5,
      "max": 917
    }
  }
}