{
  "cities": [
    {
      "number_of_city": 0,
      "x": 0,
      "y": 0
    },
    {
      "number_of_city": 1,
      "x": -430,
      "y": 610
    },
    {
      "number_of_city": 2,
      "x": -425,
      "y": -21
    }
  ],
  "distance_matrix": {
    "0": {
      "2": 425.5185072355843
    },
    "1": {
      "2": 631.0198095147251
    },
    "2": {
      "2": 0.0
    }
  },
  "stats": {
    "x": {
      "min": -430,
      "avg": -285.0,
      "stdev": 246.82990094394967,
      "median": -425.0,
      "q1": -427.5,
      "q3": -212.5,
      "max": 0
    },
    "y": {
      "min": -21,
      "avg": 196.33333333333334,
      "stdev": 358.39968377962236,
      "median": 0.0,
      "q1": -10.5,
      "q3": 305.0,
      "max": 610
    }
  }
}