{"cities": [{"number_of_city": 0, "x": 0, "y": 0}, {"number_of_city": 1, "x": -501, "y": -939}, {"number_of_city": 2, "x": 640, "y": 494}], "distance_matrix": {"0": {"2": 808.4775816310555}, "1": {"2": 1831.7669065686277}, "2": {"2": 0.0}}, "stats": {"x": {"min": -501, "avg": 46.333333333333336, "stdev": 571.9093751052987, "median": 0.0, "q1": -250.5, "q3": 320.0, "max": 640}, "y": {"min": -939, "avg": -148.33333333333334, "stdev": 727.9246755903617, "median": 0.0, "q1": -469.5, "q3": 247.0, "max": 494}}}