{
  "cities": [
    {
      "number_of_city": 0,
      "x": 0,
      "y": 0
    },
    {
      "number_of_city": 1,
      "x": -956,
      "y": -784
    },
    {
      "number_of_city": 2,
      "x": -83,
      "y": -151
    }
  ],
  "distance_matrix": {
    "0": {
      "2": 172.30786401090347
    },
    "1": {
      "2": 1078.3403915276474
    },
    "2": {
      "2": 0.0
    }
  },
  "stats": {
    "x": {
      "min": -956,
      "avg": -346.3333333333333,
      "stdev": 529.6152691655834,
      "median": -83.0,
      "q1": -519.5,
      "q3": -41.5,
      "max": 0
    },
    "y": {
      "min": -784,
      "avg": -311.6666666666667,
      "stdev": 415.96193736126065,
      "median": -151.0,
      "q1": -467.5,
      "q3": -75.5,
      "max": 0
    }
  }
}