{
  "cities": [
    {
      "number_of_city": 0,
      "x": 0,
      "y": 0
    },
    {
      "number_of_city": 1,
      "x": 218,
      "y": 848
    },
    {
      "number_of_city": 2,
      "x": 60,
      "y": -934
    }
  ],
  "distance_matrix": {
    "0": {
      "2": 935.9252106872642
    },
    "1": {
      "2": 1788.9907769466001
    },
    "2": {
      "2": 0.0
    }
  },
  "stats": {
    "x": {
      "min": 0,
      "avg": 92.66666666666667,
      "stdev": 112.61142630005773,
      "median": 60.0,
      "q1": 30.0,
      "q3": 139.0,
      "max": 218
    },
    "y": {
      "min": -934,
      "avg": -28.666666666666668,
      "stdev": 891.345798965437,
      "median": 0.0,
      "q1": -467.0,
      "q3": 424.0,
      "max": 848
    }
  }
}