{
  "cities": [
    {
      "number_of_city": 0,
      "x": 0,
      "y": 0
    },
    {
      "number_of_city": 1,
      "x": -785,
      "y": -389
    },
    {
      "number_of_city": 2,
      "x": 754,
      "y": 989
    }
  ],
  "distance_matrix": {
    "0": {
      "2": 1243.638613102697
    },
    "1": {
      "2": 2065.769832290132
    },
    "2": {
      "2": 0.0
    }
  },
  "stats": {
    "x": {
      "min": -785,
      "avg": -10.333333333333334,
      "stdev": 769.5520341947861,
      "median": 0.0,
      "q1": -392.5,
      "q3": 377.0,
      "max": 754
    },
    "y": {
      "min": -389,
      "avg": 200.0,
      "stdev": 710.4371893418869,
      "median": 0.0,
      "q1": -194.5,
      "q3": 494.5,
      "max": 989
    }
  }
}