{
  "cities": [
    {
      "number_of_city": 0,
      "x": 0,
      "y": 0
    },
    {
      "number_of_city": 1,
      "x": -831,
      "y": -876
    },
    {
      "number_of_city": 2,
      "x": 908,
      "y": -878
    }
  ],
  "distance_matrix": {
    "0": {
      "2": 1263.0708610367037
    },
    "1": {
      "2": 1739.0011500858761
    },
    "2": {
      "2": 0.0
    }
  },
  "stats": {
    "x": {
      "min": -831,
      "avg": 25.666666666666668,
      "stdev": 869.7840728211418,
      "median": 0.0,
      "q1": -415.5,
      "q3": 454.0,
      "max": 908
    },
    "y": {
      "min": -878,
      "avg": -584.6666666666666,
      "stdev": 506.33717356454616,
      "median": -876.0,
      "q1": -877.0,
      "q3": -438.0,
      "max": 0
    }
  }
}