{
  "cities": [
    {
      "number_of_city": 0,
      "x": 0,
      "y": 0
    },
    {
      "number_of_city": 1,
      "x": 21,
      "y": 191
    },
    {
      "number_of_city": 2,
      "x": -780,
      "y": -860
    }
  ],
  "distance_matrix": {
    "0": {
      "2": 1161.0340218959993
    },
    "1": {
      "2": 1321.4393667512709
    },
    "2": {
      "2": 0.0
    }
  },
  "stats": {
    "x": {
      "min": -780,
      "avg": -253.0,
      "stdev": 456.51615524535384,
      "median": 0.0,
      "q1": -390.0,
      "q3": 10.5,
      "max": 21
    },
    "y": {
      "min": -860,
      "avg": -223.0,
      "stdev": 559.8633761910132,
      "median": 0.0,
      "q1": -430.0,
      "q3": 95.5,
      "max": 191
    }
  }
}