{
  "cities": [
    {
      "number_of_city": 0,
      "x": 0,
      "y": 0
    },
    {
      "number_of_city": 1,
      "x": -123,
      "y": 64
    },
    {
      "number_of_city": 2,
      "x": -372,
      "y": 179
    }
  ],
  "distance_matrix": {
    "0": {
      "2": 412.82562904936026
    },
    "1": {
      "2": 274.2735860413831
    },
    "2": {
      "2": 0.0
    }
  },
  "stats": {
    "x": {
      "min": -372,
      "avg": -165.0,
      "stdev": 189.52308566504504,
      "median": -123.0,
      "q1": -247.5,
      "q3": -61.5,
      "max": 0
    },
    "y": {
      "min": 0,
      "avg": 81.0,
      "stdev": 90.7028114227999,
      "median": 64.0,
      "q1": 32.0,
      "q3": 121.5,
      "max": 179
    }
  }
}