{
  "cities": [
    {
      "number_of_city": 0,
      "x": 0,
      "y": 0
    },
    {
      "number_of_city": 1,
      "x": 660,
      "y": -985
    },
    {
      "number_of_city": 2,
      "x": -725,
      "y": 228
    }
  ],
  "distance_matrix": {
    "0": {
      "2": 760.0059210295667
    },
    "1": {
      "2": 1841.0850061852113
    },
    "2": {
      "2": 0.0
    }
  },
  "stats": {
    "x": {
      "min": -725,
      "avg": -21.666666666666668,
      "stdev": 692.7541651504763,
      "median": 0.0,
      "q1": -362.5,
      "q3": 330.0,
      "max": 660
    },
    "y": {
      "min": -985,
      "avg": -252.33333333333334,
      "stdev": 644.6676146149528,
      "median": 0.0,
      "q1": -492.5,
      "q3": 114.0,
      "max": 228
    }
  }
}