{"cities": [{"number_of_city": 0, "x": 0, "y": 0}, {"number_of_city": 1, "x": 343, "y": -371}, {"number_of_city": 2, "x": 703, "y": -794}], "distance_matrix": {"0": {"2": 1060.4928099709116}, "1": {"2": 555.453868471541}, "2": {"2": 0.0}}, "stats": {"x": {"min": 0, "avg": 348.6666666666667, "stdev": 351.5342562728892, "median": 343.0, "q1": 171.5, "q3": 523.0, "max": 703}, "y": {"min": -794, "avg": -388.3333333333333, "stdev": 397.2836937672289, "median": -371.0, "q1": -582.5, "q3": -185.5, "max": 0}}}