{
  "cities": [
    {
      "number_of_city": 0,
      "x": 0,
      "y": 0
    },
    {
      "number_of_city": 1,
      "x": -650,
      "y": -603
    },
    {
      "number_of_city": 2,
      "x": 198,
      "y": -736
    }
  ],
  "distance_matrix": {
    "0": {
      "2": 762.1679604916491
    },
    "1": {
      "2": 858.3664718522037
    },
    "2": {
      "2": 0.0
    }
  },
  "stats": {
    "x": {
      "min": -650,
      "avg": -150.66666666666666,
      "stdev": 443.6229630365558,
      "median": 0.0,
      "q1": -325.0,
      "q3": 99.0,
      "max": 198
    },
    "y": {
      "min": -736,
      "avg": -446.3333333333333,
      "stdev": 392.2146521145447,
      "median": -603.0,
      "q1": -669.5,
      "q3": -301.5,
      "max": 0
    }
  }
}