{
  "cities": [
    {
      "number_of_city": 0,
      "x": 0,
      "y": 0
    },
    {
      "number_of_city": 1,
      "x": -766,
      "y": -148
    },
    {
      "number_of_city": 2,
      "x": 580,
      "y": -997
    }
  ],
  "distance_matrix": {
    "0": {
      "2": 1153.433569825328
    },
    "1": {
      "2": 1591.388387540892
    },
    "2": {
      "2": 0.0
    }
  },
  "stats": {
    "x": {
      "min": -766,
      "avg": -62.0,
      "stdev": 675.1385043085604,
      "median": 0.0,
      "q1": -383.0,
      "q3": 290.0,
      "max": 580
    },
    "y": {
      "min": -997,
      "avg": -381.6666666666667,
      "stdev": 538.0077446778376,
      "median": -148.0,
      "q1": -572.5,
      "q3": -74.0,
      "max": 0
    }
  }
}