{
  "cities": [
    {
      "number_of_city": 0,
      "x": 0,
      "y": 0
    },
    {
      "number_of_city": 1,
      "x": -211,
      "y": 840
    },
    {
      "number_of_city": 2,
      "x": -581,
      "y": -711
    }
  ],
  "distance_matrix": {
    "0": {
      "2": 918.1949684026808
    },
    "1": {
      "2": 1594.5221854837894
    },
    "2": {
      "2": 0.0
    }
  },
  "stats": {
    "x": {
      "min": -581,
      "avg": -264.0,
      "stdev": 294.1037231998262,
      "median": -211.0,
      "q1": -396.0,
      "q3": -105.5,
      "max": 0
    },
    "y": {
      "min": -711,
      "avg": 43.0,
      "stdev": 776.3935857540298,
      "median": 0.0,
      "q1": -355.5,
      "q3": 420.0,
      "max": 840
    }
  }
}