{
  "cities": [
    {
      "number_of_city": 0,
      "x": 0,
      "y": 0
    },
    {
      "number_of_city": 1,
      "x": 267,
      "y": -655
    },
    {
      "number_of_city": 2,
      "x": 861,
      "y": 786
    }
  ],
  "distance_matrix": {
    "0": {
      "2": 1165.8117343722356
    },
    "1": {
      "2": 1558.6266390640192
    },
    "2": {
      "2": 0.0
    }
  },
  "stats": {
    "x": {
      "min": 0,
      "avg": 376.0,
      "stdev": 440.72780715539153,
      "median": 267.0,
      "q1": 133.5,
      "q3": 564.0,
      "max": 861
    },
    "y": {
      "min": -655,
      "avg": 43.666666666666664,
      "stdev": 721.4917416944794,
      "median": 0.0,
      "q1": -327.5,
      "q3": 393.0,
      "max": 786
    }
  }
}