{"cities": [{"number_of_city": 0, "x": 0, "y": 0}, {"number_of_city": 1, "x": -368, "y": -685}, {"number_of_city": 2, "x": -814, "y": -467}], "distance_matrix": {"0": {"2": 938.4481871685831}, "1": {"2": 496.42723535277554}, "2": {"2": 0.0}}, "stats": {"x": {"min": -814, "avg": -394.0, "stdev": 407.6223742632389, "median": -368.0, "q1": -591.0, "q3": -184.0, "max": 0}, "y": {"min": -685, "avg": -384.0, "stdev": 349.9614264458299, "median": -467.0, "q1": -576.0, "q3": -233.5, "max": 0}}}