{"cities": [{"number_of_city": 0, "x": 0, "y": 0}, {"number_of_city": 1, "x": 354, "y": 223}, {"number_of_city": 2, "x": 731, "y": 994}], "distance_matrix": {"0": {"2": 1233.8545295131028}, "1": {"2": 858.2365641243678}, "2": {"2": 0.0}}, "stats": {"x": {"min": 0, "avg": 361.6666666666667, "stdev": 365.5603005433349, "median": 354.0, "q1": 177.0, "q3": 542.5, "max": 731}, "y": {"min": 0, "avg": 405.6666666666667, "stdev": 521.5691069583524, "median": 223.0, "q1": 111.5, "q3": 608.5, "max": 994}}}