{
  "cities": [
    {
      "number_of_city": 0,
      "x": 0,
      "y": 0
    },
    {
      "number_of_city": 1,
      "x": -258,
      "y": -411
    },
    {
      "number_of_city": 2,
      "x": -462,
      "y": 243
    }
  ],
  "distance_matrix": {
    "0": {
      "2": 522.0086206184722
    },
    "1": {
      "2": 685.0780977377689
    },
    "2": {
      "2": 0.0
    }
  },
  "stats": {
    "x": {
      "min": -462,
      "avg": -240.0,
      "stdev": 231.52537657889687,
      "median": -258.0,
      "q1": -360.0,
      "q3": -129.0,
      "max": 0
    },
    "y": {
      "min": -411,
      "avg": -56.0,
      "stdev": 330.57676869374836,
      "median": 0.0,
      "q1": -205.5,
      "q3": 121.5,
      "max": 243
    }
  }
}