{"cities": [{"number_of_city": 0, "x": 0, "y": 0}, {"number_of_city": 1, "x": -42, "y": -854}, {"number_of_city": 2, "x": 705, "y": -767}], "distance_matrix": {"0": {"2": 1041.7840467198564}, "1": {"2": 752.0492005181576}, "2": {"2": 0.0}}, "stats": {"x": {"min": -42, "avg": 221.0, "stdev": 419.68202248845495, "median": 0.0, "q1": -21.0, "q3": 352.5, "max": 705}, "y": {"min": -854, "avg": -540.3333333333334, "stdev": 469.9599273696996, "median": -767.0, "q1": -810.5, "q3": -383.5, "max": 0}}}