{
  "cities": [
    {
      "number_of_city": 0,
      "x": 0,
      "y": 0
    },
    {
      "number_of_city": 1,
      "x": -39,
      "y": 601
    },
    {
      "number_of_city": 2,
      "x": 627,
      "y": 231
    }
  ],
  "distance_matrix": {
    "0": {
      "2": 668.1990721334473
    },
    "1": {
      "2": 761.876630433038
    },
    "2": {
      "2": 0.0
    }
  },
  "stats": {
    "x": {
      "min": -39,
      "avg": 196.0,
      "stdev": 373.7659695584926,
      "median": 0.0,
      "q1": -19.5,
      "q3": 313.5,
      "max": 627
    },
    "y": {
      "min": 0,
      "avg": 277.3333333333333,
      "stdev": 303.16717060614155,
      "median": 231.0,
      "q1": 115.5,
      "q3": 416.0,
      "max": 601
    }
  }
}