{"cities": [{"number_of_city": 0, "x": 0, "y": 0}, {"number_of_city": 1, "x": -11, "y": -275}, {"number_of_city": 2, "x": -369, "y": -241}], "distance_matrix": {"0": {"2": 440.72894164100455}, "1": {"2": 359.6109008358896}, "2": {"2": 0.0}}, "stats": {"x": {"min": -369, "avg": -126.66666666666667, "stdev": 209.93887999447202, "median": -11.0, "q1": -190.0, "q3": -5.5, "max": 0}, "y": {"min": -275, "avg": -172.0, "stdev": 149.92331373072034, "median": -241.0, "q1": -258.0, "q3": -120.5, "max": 0}}}