{"cities": [{"number_of_city": 0, "x": 0, "y": 0}, {"number_of_city": 1, "x": -830, "y": 368}, {"number_of_city": 2, "x": -587, "y": -193}], "distance_matrix": {"0": {"2": 617.9142335308355}, "1": {"2": 611.3673200294566}, "2": {"2": 0.0}}, "stats": {"x": {"min": -830, "avg": -472.3333333333333, "stdev": 426.71575238480864, "median": -587.0, "q1": -708.5, "q3": -293.5, "max": 0}, "y": {"min": -193, "avg": 58.333333333333336, "stdev": 285.0128652067014, "median": 0.0, "q1": -96.5, "q3": 184.0, "max": 368}}}