{
  "cities": [
    {
      "number_of_city": 0,
      "x": 0,
      "y": 0
    },
    {
      "number_of_city": 1,
      "x": -426,
      "y": 315
    },
    {
      "number_of_city": 2,
      "x": 572,
      "y": 862
    }
  ],
  "distance_matrix": {
    "0": {
      "2": 1034.5182453683453
    },
    "1": {
      "2": 1138.074250653269
    },
    "2": {
      "2": 0.0
    }
  },
  "stats": {
    "x": {
      "min": -426,
      "avg": 48.666666666666664,
      "stdev": 500.7767300238035,
      "median": 0.0,
      "q1": -213.0,
      "q3": 286.0,
      "max": 572
    },
    "y": {
      "min": 0,
      "avg": 392.3333333333333,
      "stdev": 436.1723665402628,
      "median": 315.0,
      "q1": 157.5,
      "q3": 588.5,
      "max": 862
    }
  }
}