{
  "cities": [
    {
      "number_of_city": 0,
      "x": 0,
      "y": 0
    },
    {
      "number_of_city": 1,
      "x": 920,
      "y": 727
    },
    {
      "number_of_city": 2,
      "x": -909,
      "y": 694
    }
  ],
  "distance_matrix": {
    "0": {
      "2": 1143.6419894355051
    },
    "1": {
      "2": 1829.2976794387512
    },
    "2": {
      "2": 0.0
    }
  },
  "stats": {
    "x": {
      "min": -909,
      "avg": 3.6666666666666665,
      "stdev": 914.5055130141826,
      "median": 0.0,
      "q1": -454.5,
      "q3": 460.0,
      "max": 920
    },
    "y": {
      "min": 0,
      "avg": 473.6666666666667,
      "stdev": 410.53907649983006,
      "median": 694.0,
      "q1": 347.0,
      "q3": 710.5,
      "max": 727
    }
  }
}