{
  "cities": [
    {
      "number_of_city": 0,
      "x": 0,
      "y": 0
    },
    {
      "number_of_city": 1,
      "x": 89,
      "y": -209
    },
    {
      "number_of_city": 2,
      "x": 46,
      "y": -559
    }
  ],
  "distance_matrix": {
    "0": {
      "2": 560.8894721778971
    },
    "1": {
      "2": 352.63153574233826
    },
    "2": {
      "2": 0.0
    }
  },
  "stats": {
    "x": {
      "min": 0,
      "avg": 45.0,
      "stdev": 44.50842616853577,
      "median": 46.0,
      "q1": 23.0,
      "q3": 67.5,
      "max": 89
    },
    "y": {
      "min": -559,
      "avg": -256.0,
      "stdev": 282.44822534404426,
      "median": -209.0,
      "q1": -384.0,
      "q3": -104.5,
      "max": 0
    }
  }
}