{
  "cities": [
    {
      "number_of_city": 0,
      "x": 0,
      "y": 0
    },
    {
      "number_of_city": 1,
      "x": -973,
      "y": 505
    },
    {
      "number_of_city": 2,
      "x": 190,
      "y": 228
    }
  ],
  "distance_matrix": {
    "0": {
      "2": 296.78948768445287
    },
    "1": {
      "2": 1195.5325173327574
    },
    "2": {
      "2": 0.0
    }
  },
  "stats": {
    "x": {
      "min": -973,
      "avg": -261.0,
      "stdev": 623.8854061444297,
      "median": 0.0,
      "q1": -486.5,
      "q3": 95.0,
      "max": 190
    },
    "y": {
      "min": 0,
      "avg": 244.33333333333334,
      "stdev": 252.89589425954176,
      "median": 228.0,
      "q1": 114.0,
      "q3": 366.5,
      "max": 505
    }
  }
}