{"cities": [{"number_of_city": 0, "x": 0, "y": 0}, {"number_of_city": 1, "x": -510, "y": 998}, {"number_of_city": 2, "x": -136, "y": -568}], "distance_matrix": {"0": {"2": 584.0547919502073}, "1": {"2": 1610.0409932669415}, "2": {"2": 0.0}}, "stats": {"x": {"min": -510, "avg": -215.33333333333334, "stdev": 264.093417815237, "median": -136.0, "q1": -323.0, "q3": -68.0, "max": 0}, "y": {"min": -568, "avg": 143.33333333333334, "stdev": 792.7782371718672, "median": 0.0, "q1": -284.0, "q3": 499.0, "max": 998}}}