{
  "cities": [
    {
      "number_of_city": 0,
      "x": 0,
      "y": 0
    },
    {
      "number_of_city": 1,
      "x": -704,
      "y": -743
    },
    {
      "number_of_city": 2,
      "x": 833,
      "y": 442
    }
  ],
  "distance_matrix": {
    "0": {
      "2": 943.0021208883891
    },
    "1": {
      "2": 1940.7714960808755
    },
    "2": {
      "2": 0.0
    }
  },
  "stats": {
    "x": {
      "min": -704,
      "avg": 43.0,
      "stdev": 769.4017156206503,
      "median": 0.0,
      "q1": -352.0,
      "q3": 416.5,
      "max": 833
    },
    "y": {
      "min": -743,
      "avg": -100.33333333333333,
      "stdev": 598.837484909999,
      "median": 0.0,
      "q1": -371.5,
      "q3": 221.0,
      "max": 442
    }
  }
}