{
  "cities": [
    {
      "number_of_city": 0,
      "x": 0,
      "y": 0
    },
    {
      "number_of_city": 1,
      "x": 551,
      "y": -422
    },
    {
      "number_of_city": 2,
      "x": -394,
      "y": 722
    }
  ],
  "distance_matrix": {
    "0": {
      "2": 822.508358620142
    },
    "1": {
      "2": 1483.8332116514982
    },
    "2": {
      "2": 0.0
    }
  },
  "stats": {
    "x": {
      "min": -394,
      "avg": 52.333333333333336,
      "stdev": 474.66865636287105,
      "median": 0.0,
      "q1": -197.0,
      "q3": 275.5,
      "max": 551
    },
    "y": {
      "min": -422,
      "avg": 100.0,
      "stdev": 578.5187983116884,
      "median": 0.0,
      "q1": -211.0,
      "q3": 361.0,
      "max": 722
    }
  }
}