{
  "cities": [
    {
      "number_of_city": 0,
      "x": 0,
      "y": 0
    },
    {
      "number_of_city": 1,
      "x": 225,
      "y": -93
    },
    {
      "number_of_city": 2,
      "x": -894,
      "y": 182
    }
  ],
  "distance_matrix": {
    "0": {
      "2": 912.337656791607
    },
    "1": {
      "2": 1152.2959689246509
    },
    "2": {
      "2": 0.0
    }
  },
  "stats": {
    "x": {
      "min": -894,
      "avg": -223.0,
      "stdev": 591.8927267672749,
      "median": 0.0,
      "q1": -447.0,
      "q3": 112.5,
      "max": 225
    },
    "y": {
      "min": -93,
      "avg": 29.666666666666668,
      "stdev": 139.87971022751418,
      "median": 0.0,
      "q1": -46.5,
      "q3": 91.0,
      "max": 182
    }
  }
}