{
  "cities": [
    {
      "number_of_city": 0,
      "x": 0,
      "y": 0
    },
    {
      "number_of_city": 1,
      "x": 860,
      "y": -230
    },
    {
      "number_of_city": 2,
      "x": -812,
      "y": 97
    }
  ],
  "distance_matrix": {
    "0": {
      "2": 817.7731959412707
    },
    "1": {
      "2": 1703.6763190230708
    },
    "2": {
      "2": 0.0
    }
  },
  "stats": {
    "x": {
      "min": -812,
      "avg": 16.0,
      "stdev": 836.1148246502988,
      "median": 0.0,
      "q1": -406.0,
      "q3": 430.0,
      "max": 860
    },
    "y": {
      "min": -230,
      "avg": -44.333333333333336,
      "stdev": 167.9474124043992,
      "median": 0.0,
      "q1": -115.0,
      "q3": 48.5,
      "max": 97
    }
  }
}