{"cities": [{"number_of_city": 0, "x": 0, "y": 0}, {"number_of_city": 1, "x": 785, "y": -51}, {"number_of_city": 2, "x": 163, "y": -355}], "distance_matrix": {"0": {"2": 390.6328199217265}, "1": {"2": 692.314957226839}, "2": {"2": 0.0}}, "stats": {"x": {"min": 0, "avg": 316.0, "stdev": 414.2619943948515, "median": 163.0, "q1": 81.5, "q3": 474.0, "max": 785}, "y": {"min": -355, "avg": -135.33333333333334, "stdev": 191.9383581604608, "median": -51.0, "q1": -203.0, "q3": -25.5, "max": 0}}}