{
  "cities": [
    {
      "number_of_city": 0,
      "x": 0,
      "y": 0
    },
    {
      "number_of_city": 1,
      "x": -521,
      "y": 103
    },
    {
      "number_of_city": 2,
      "x": -663,
      "y": -677
    }
  ],
  "distance_matrix": {
    "0": {
      "2": 947.5747991583567
    },
    "1": {
      "2": 792.8202822834442
    },
    "2": {
      "2": 0.0
    }
  },
  "stats": {
    "x": {
      "min": -663,
      "avg": -394.6666666666667,
      "stdev": 349.08785904601916,
      "median": -521.0,
      "q1": -592.0,
      "q3": -260.5,
      "max": 0
    },
    "y": {
      "min": -677,
      "avg": -191.33333333333334,
      "stdev": 423.7408799411892,
      "median": 0.0,
      "q1": -338.5,
      "q3": 51.5,
      "max": 103
    }
  }
}