{
  "cities": [
    {
      "number_of_city": 0,
      "x": 0,
      "y": 0
    },
    {
      "number_of_city": 1,
      "x": 333,
      "y": -594
    },
    {
      "number_of_city": 2,
      "x": 912,
      "y": 775
    }
  ],
  "distance_matrix": {
    "0": {
      "2": 1196.8161930722695
    },
    "1": {
      "2": 1486.405731958808
    },
    "2": {
      "2": 0.0
    }
  },
  "stats": {
    "x": {
      "min": 0,
      "avg": 415.0,
      "stdev": 461.4964788598067,
      "median": 333.0,
      "q1": 166.5,
      "q3": 622.5,
      "max": 912
    },
    "y": {
      "min": -594,
      "avg": 60.333333333333336,
      "stdev": 686.491320654044,
      "median": 0.0,
      "q1": -297.0,
      "q3": 387.5,
      "max": 775
    }
  }
}