{"cities": [{"number_of_city": 0, "x": 0, "y": 0}, {"number_of_city": 1, "x": 974, "y": -622}, {"number_of_city": 2, "x": -757, "y": 515}], "distance_matrix": {"0": {"2": 915.5730446010302}, "1": {"2": 2071.0214870927825}, "2": {"2": 0.0}}, "stats": {"x": {"min": -757, "avg": 72.33333333333333, "stdev": 867.763984810002, "median": 0.0, "q1": -378.5, "q3": 487.0, "max": 974}, "y": {"min": -622, "avg": -35.666666666666664, "stdev": 569.3385050506714, "median": 0.0, "q1": -311.0, "q3": 257.5, "max": 515}}}