{
  "cities": [
    {
      "number_of_city": 0,
      "x": 0,
      "y": 0
    },
    {
      "number_of_city": 1,
      "x": 158,
      "y": -934
    },
    {
      "number_of_city": 2,
      "x": -948,
      "y": 550
    },
    {
      "number_of_city": 3,
      "x": -552,
      "y": 975
    }
  ],
  "distance_matrix": {
    "0": {
      "3": 1120.414655384336
    },
    "1": {
      "3": 2036.7574720619045
    },
    "2": {
      "3": 580.8967205966995
    },
    "3": {
      "3": 0.0
    }
  },
  "stats": {
    "x": {
      "min": -948,
      "avg": -335.5,
      "stdev": 509.29068320557366,
      "median": -276.0,
      "q1": -651.0,
      "q3": 39.5,
      "max": 158
    },
    "y": {
      "min": -934,
      "avg": 147.75,
      "stdev": 824.2493049233749,
      "median": 275.0,
      "q1": -233.5,
      "q3": 656.25,
      "max": 975
    }
  }
}