{
  "cities": [
    {
      "number_of_city": 0,
      "x": 0,
      "y": 0
    },
    {
      "number_of_city": 1,
      "x": -171,
      "y": -875
    },
    {
      "number_of_city": 2,
      "x": 867,
      "y": 79
    },
    {
      "number_of_city": 3,
      "x": -208,
      "y": 572
    }
  ],
  "distance_matrix": {
    "0": {
      "3": 608.6443953574205
    },
    "1": {
      "3": 1447.4729703866667
    },
    "2": {
      "3": 1182.6554866063066
    },
    "3": {
      "3": 0.0
    }
  },
  "stats": {
    "x": {
      "min": -208,
      "avg": 122.0,
      "stdev": 504.8623574797392,
      "median": -85.5,
      "q1": -180.25,
      "q3": 216.75,
      "max": 867
    },
    "y": {
      "min": -875,
      "avg": -56.0,
      "stdev": 601.8045086792443,
      "median": 39.5,
      "q1": -218.75,
      "q3": 202.25,
      "max": 572
    }
  }
}