{
  "cities": [
    {
      "number_of_city": 0,
      "x": 0,
      "y": 0
    },
    {
      "number_of_city": 1,
      "x": 588,
      "y": 969
    },
    {
      "number_of_city": 2,
      "x": 64,
      "y": -712
    },
    {
      "number_of_city": 3,
      "x": 769,
      "y": 121
    }
  ],
  "distance_matrix": {
    "0": {
      "3": 778.4613028275716
    },
    "1": {
      "3": 867.101493482741
    },
    "2": {
      "3": 1091.2900622657571
    },
    "3": {
      "3": 0.0
    }
  },
  "stats": {
    "x": {
      "min": 0,
      "avg": 355.25,
      "stdev": 381.39688427323756,
      "median": 326.0,
      "q1": 48.0,
      "q3": 633.25,
      "max": 769
    },
    "y": {
      "min": -712,
      "avg": 94.5,
      "stdev": 689.160116857227,
      "median": 60.5,
      "q1": -178.0,
      "q3": 333.0,
      "max": 969
    }
  }
}