{"cities": [{"number_of_city": 0, "x": 0, "y": 0}, {"number_of_city": 1, "x": 195, "y": 349}, {"number_of_city": 2, "x": -937, "y": -409}, {"number_of_city": 3, "x": 963, "y": -861}], "distance_matrix": {"0": {"3": 1291.7778446776365}, "1": {"3": 1433.151771446416}, "2": {"3": 1953.0243214051382}, "3": {"3": 0.0}}, "stats": {"x": {"min": -937, "avg": 55.25, "stdev": 781.2709197199138, "median": 97.5, "q1": -234.25, "q3": 387.0, "max": 963}, "y": {"min": -861, "avg": -230.25, "stdev": 522.2843255035199, "median": -204.5, "q1": -522.0, "q3": 87.25, "max": 349}}}