{
  "cities": [
    {
      "number_of_city": 0,
      "x": 0,
      "y": 0
    },
    {
      "number_of_city": 1,
      "x": 744,
      "y": -411
    },
    {
      "number_of_city": 2,
      "x": -973,
      "y": 666
    },
    {
      "number_of_city": 3,
      "x": -479,
      "y": -284
    }
  ],
  "distance_matrix": {
    "0": {
      "3": 556.8635380414128
    },
    "1": {
      "3": 1229.5763498050862
    },
    "2": {
      "3": 1070.7642130740082
    },
    "3": {
      "3": 0.0
    }
  },
  "stats": {
    "x": {
      "min": -973,
      "avg": -177.0,
      "stdev": 731.2979329019512,
      "median": -239.5,
      "q1": -602.5,
      "q3": 186.0,
      "max": 744
    },
    "y": {
      "min": -411,
      "avg": -7.25,
      "stdev": 480.59780482228587,
      "median": -142.0,
      "q1": -315.75,
      "q3": 166.5,
      "max": 666
    }
  }
}