{
  "cities": [
    {
      "number_of_city": 0,
      "x": 0,
      "y": 0
    },
    {
      "number_of_city": 1,
      "x": -98,
      "y": -368
    },
    {
      "number_of_city": 2,
      "x": -622,
      "y": 343
    },
    {
      "number_of_city": 3,
      "x": 780,
      "y": 667
    }
  ],
  "distance_matrix": {
    "0": {
      "3": 1026.2986894661808
    },
    "1": {
      "3": 1357.2431617068476
    },
    "2": {
      "3": 1438.9510068101692
    },
    "3": {
      "3": 0.0
    }
  },
  "stats": {
    "x": {
      "min": -622,
      "avg": 15.0,
      "stdev": 578.5003601266526,
      "median": -49.0,
      "q1": -229.0,
      "q3": 195.0,
      "max": 780
    },
    "y": {
      "min": -368,
      "avg": 160.5,
      "stdev": 445.3167412078733,
      "median": 171.5,
      "q1": -92.0,
      "q3": 424.0,
      "max": 667
    }
  }
}