{
  "cities": [
    {
      "number_of_city": 0,
      "x": 0,
      "y": 0
    },
    {
      "number_of_city": 1,
      "x": -12,
      "y": 845
    },
    {
      "number_of_city": 2,
      "x": 327,
      "y": -763
    },
    {
      "number_of_city": 3,
      "x": -904,
      "y": 541
    }
  ],
  "distance_matrix": {
    "0": {
      "3": 1053.516492514474
    },
    "1": {
      "3": 942.3799658311927
    },
    "2": {
      "3": 1793.2587654881268
    },
    "3": {
      "3": 0.0
    }
  },
  "stats": {
    "x": {
      "min": -904,
      "avg": -147.25,
      "stdev": 528.3807812553367,
      "median": -6.0,
      "q1": -235.0,
      "q3": 81.75,
      "max": 327
    },
    "y": {
      "min": -763,
      "avg": 155.75,
      "stdev": 705.181477824444,
      "median": 270.5,
      "q1": -190.75,
      "q3": 617.0,
      "max": 845
    }
  }
}