{
  "cities": [
    {
      "number_of_city": 0,
      "x": 0,
      "y": 0
    },
    {
      "number_of_city": 1,
      "x": 124,
      "y": -363
    },
    {
      "number_of_city": 2,
      "x": -626,
      "y": 812
    },
    {
      "number_of_city": 3,
      "x": -748,
      "y": 375
    }
  ],
  "distance_matrix": {
    "0": {
      "3": 836.737115227955
    },
    "1": {
      "3": 1142.3782210809168
    },
    "2": {
      "3": 453.71025996774637
    },
    "3": {
      "3": 0.0
    }
  },
  "stats": {
    "x": {
      "min": -748,
      "avg": -312.5,
      "stdev": 438.2278707095963,
      "median": -313.0,
      "q1": -656.5,
      "q3": 31.0,
      "max": 124
    },
    "y": {
      "min": -363,
      "avg": 206.0,
      "stdev": 503.9821425407849,
      "median": 187.5,
      "q1": -90.75,
      "q3": 484.25,
      "max": 812
    }
  }
}