{
  "cities": [
    {
      "number_of_city": 0,
      "x": 0,
      "y": 0
    },
    {
      "number_of_city": 1,
      "x": 478,
      "y": 267
    },
    {
      "number_of_city": 2,
      "x": 601,
      "y": 981
    },
    {
      "number_of_city": 3,
      "x": 873,
      "y": 619
    }
  ],
  "distance_matrix": {
    "0": {
      "3": 1070.1822274734336
    },
    "1": {
      "3": 529.0831692654757
    },
    "2": {
      "3": 452.80017667841076
    },
    "3": {
      "3": 0.0
    }
  },
  "stats": {
    "x": {
      "min": 0,
      "avg": 488.0,
      "stdev": 364.8004020465621,
      "median": 539.5,
      "q1": 358.5,
      "q3": 669.0,
      "max": 873
    },
    "y": {
      "min": 0,
      "avg": 466.75,
      "stdev": 426.37571459922526,
      "median": 443.0,
      "q1": 200.25,
      "q3": 709.5,
      "max": 981
    }
  }
}