{
  "cities": [
    {
      "number_of_city": 0,
      "x": 0,
      "y": 0
    },
    {
      "number_of_city": 1,
      "x": 387,
      "y": -303
    },
    {
      "number_of_city": 2,
      "x": -616,
      "y": -29
    },
    {
      "number_of_city": 3,
      "x": -881,
      "y": -799
    }
  ],
  "distance_matrix": {
    "0": {
      "3": 1189.353605955773
    },
    "1": {
      "3": 1361.5579311949969
    },
    "2": {
      "3": 814.3248737451165
    },
    "3": {
      "3": 0.0
    }
  },
  "stats": {
    "x": {
      "min": -881,
      "avg": -277.5,
      "stdev": 576.5879522385693,
      "median": -308.0,
      "q1": -682.25,
      "q3": 96.75,
      "max": 387
    },
    "y": {
      "min": -799,
      "avg": -282.75,
      "stdev": 370.2525039303133,
      "median": -166.0,
      "q1": -427.0,
      "q3": -21.75,
      "max": 0
    }
  }
}