{
  "cities": [
    {
      "number_of_city": 0,
      "x": 0,
      "y": 0
    },
    {
      "number_of_city": 1,
      "x": 537,
      "y": 591
    },
    {
      "number_of_city": 2,
      "x": 468,
      "y": -779
    },
    {
      "number_of_city": 3,
      "x": 144,
      "y": -733
    }
  ],
  "distance_matrix": {
    "0": {
      "3": 747.010709427917
    },
    "1": {
      "3": 1381.0955796033813
    },
    "2": {
      "3": 327.2491405641885
    },
    "3": {
      "3": 0.0
    }
  },
  "stats": {
    "x": {
      "min": 0,
      "avg": 287.25,
      "stdev": 256.9557354876516,
      "median": 306.0,
      "q1": 108.0,
      "q3": 485.25,
      "max": 537
    },
    "y": {
      "min": -779,
      "avg": -230.25,
      "stdev": 653.5418247263649,
      "median": -366.5,
      "q1": -744.5,
      "q3": 147.75,
      "max": 591
    }
  }
}