{"cities": [{"number_of_city": 0, "x": 0, "y": 0}, {"number_of_city": 1, "x": 256, "y": 537}, {"number_of_city": 2, "x": -976, "y": 29}, {"number_of_city": 3, "x": -575, "y": 893}], "distance_matrix": {"0": {"3": 1062.1082807322425}, "1": {"3": 904.0447997748784}, "2": {"3": 952.5213908359224}, "3": {"3": 0.0}}, "stats": {"x": {"min": -976, "avg": -323.75, "stdev": 556.6209811592325, "median": -287.5, "q1": -675.25, "q3": 64.0, "max": 256}, "y": {"min": 0, "avg": 364.75, "stdev": 429.9181123578458, "median": 283.0, "q1": 21.75, "q3": 626.0, "max": 893}}}