{"cities": [{"number_of_city": 0, "x": 0, "y": 0}, {"number_of_city": 1, "x": 295, "y": 149}, {"number_of_city": 2, "x": -812, "y": -624}, {"number_of_city": 3, "x": -341, "y": 294}], "distance_matrix": {"0": {"3": 450.24104655173323}, "1": {"3": 652.3197068922569}, "2": {"3": 1031.7775923133822}, "3": {"3": 0.0}}, "stats": {"x": {"min": -812, "avg": -214.5, "stdev": 475.608031891809, "median": -170.5, "q1": -458.75, "q3": 73.75, "max": 295}, "y": {"min": -624, "avg": -45.25, "stdev": 404.07208515313204, "median": 74.5, "q1": -156.0, "q3": 185.25, "max": 294}}}