{"cities": [{"number_of_city": 0, "x": 0, "y": 0}, {"number_of_city": 1, "x": -557, "y": 757}, {"number_of_city": 2, "x": -572, "y": -734}, {"number_of_city": 3, "x": 619, "y": -109}], "distance_matrix": {"0": {"3": 628.5236670166049}, "1": {"3": 1460.4560931435083}, "2": {"3": 1345.0301111871065}, "3": {"3": 0.0}}, "stats": {"x": {"min": -572, "avg": -127.5, "stdev": 564.3784191480039, "median": -278.5, "q1": -560.75, "q3": 154.75, "max": 619}, "y": {"min": -734, "avg": -21.5, "stdev": 611.5109701932311, "median": -54.5, "q1": -265.25, "q3": 189.25, "max": 757}}}