{
  "cities": [
    {
      "number_of_city": 0,
      "x": 0,
      "y": 0
    },
    {
      "number_of_city": 1,
      "x": 669,
      "y": -873
    },
    {
      "number_of_city": 2,
      "x": -522,
      "y": -951
    },
    {
      "number_of_city": 3,
      "x": -962,
      "y": -979
    }
  ],
  "distance_matrix": {
    "0": {
      "3": 1372.546902659432
    },
    "1": {
      "3": 1634.440882993325
    },
    "2": {
      "3": 440.8900089591507
    },
    "3": {
      "3": 0.0
    }
  },
  "stats": {
    "x": {
      "min": -962,
      "avg": -203.75,
      "stdev": 702.2423014885959,
      "median": -261.0,
      "q1": -632.0,
      "q3": 167.25,
      "max": 669
    },
    "y": {
      "min": -979,
      "avg": -700.75,
      "stdev": 469.31465990314,
      "median": -912.0,
      "q1": -958.0,
      "q3": -654.75,
      "max": 0
    }
  }
}