{
  "cities": [
    {
      "number_of_city": 0,
      "x": 0,
      "y": 0
    },
    {
      "number_of_city": 1,
      "x": 91,
      "y": -871
    },
    {
      "number_of_city": 2,
      "x": -514,
      "y": 125
    },
    {
      "number_of_city": 3,
      "x": -646,
      "y": 544
    }
  ],
  "distance_matrix": {
    "0": {
      "3": 844.542479689447
    },
    "1": {
      "3": 1595.4290958861193
    },
    "2": {
      "3": 439.30058046854435
    },
    "3": {
      "3": 0.0
    }
  },
  "stats": {
    "x": {
      "min": -646,
      "avg": -267.25,
      "stdev": 367.0162348816012,
      "median": -257.0,
      "q1": -547.0,
      "q3": 22.75,
      "max": 91
    },
    "y": {
      "min": -871,
      "avg": -50.5,
      "stdev": 594.4187637235779,
      "median": 62.5,
      "q1": -217.75,
      "q3": 229.75,
      "max": 544
    }
  }
}