{
  "cities": [
    {
      "number_of_city": 0,
      "x": 0,
      "y": 0
    },
    {
      "number_of_city": 1,
      "x": -510,
      "y": -531
    },
    {
      "number_of_city": 2,
      "x": 190,
      "y": -960
    },
    {
      "number_of_city": 3,
      "x": -264,
      "y": -889
    }
  ],
  "distance_matrix": {
    "0": {
      "3": 927.3710152899971
    },
    "1": {
      "3": 434.37311150668614
    },
    "2": {
      "3": 459.51822597150596
    },
    "3": {
      "3": 0.0
    }
  },
  "stats": {
    "x": {
      "min": -510,
      "avg": -146.0,
      "stdev": 305.8496362593881,
      "median": -132.0,
      "q1": -325.5,
      "q3": 47.5,
      "max": 190
    },
    "y": {
      "min": -960,
      "avg": -595.0,
      "stdev": 438.85532923732393,
      "median": -710.0,
      "q1": -906.75,
      "q3": -398.25,
      "max": 0
    }
  }
}