{
  "cities": [
    {
      "number_of_city": 0,
      "x": 0,
      "y": 0
    },
    {
      "number_of_city": 1,
      "x": -737,
      "y": -158
    },
    {
      "number_of_city": 2,
      "x": -551,
      "y": 245
    },
    {
      "number_of_city": 3,
      "x": 585,
      "y": -507
    }
  ],
  "distance_matrix": {
    "0": {
      "3": 774.1278964098891
    },
    "1": {
      "3": 1367.2911175020483
    },
    "2": {
      "3": 1362.3509092741122
    },
    "3": {
      "3": 0.0
    }
  },
  "stats": {
    "x": {
      "min": -737,
      "avg": -175.75,
      "stdev": 595.9426007035688,
      "median": -275.5,
      "q1": -597.5,
      "q3": 146.25,
      "max": 585
    },
    "y": {
      "min": -507,
      "avg": -105.0,
      "stdev": 315.1391227167244,
      "median": -79.0,
      "q1": -245.25,
      "q3": 61.25,
      "max": 245
    }
  }
}