{
  "cities": [
    {
      "number_of_city": 0,
      "x": 0,
      "y": 0
    },
    {
      "number_of_city": 1,
      "x": -173,
      "y": 101
    },
    {
      "number_of_city": 2,
      "x": -290,
      "y": -675
    },
    {
      "number_of_city": 3,
      "x": 339,
      "y": 289
    }
  ],
  "distance_matrix": {
    "0": {
      "3": 445.46829292330114
    },
    "1": {
      "3": 545.4246052388909
    },
    "2": {
      "3": 1151.0590775455446
    },
    "3": {
      "3": 0.0
    }
  },
  "stats": {
    "x": {
      "min": -290,
      "avg": -31.0,
      "stdev": 273.925780702243,
      "median": -86.5,
      "q1": -202.25,
      "q3": 84.75,
      "max": 339
    },
    "y": {
      "min": -675,
      "avg": -71.25,
      "stdev": 419.9368008006284,
      "median": 50.5,
      "q1": -168.75,
      "q3": 148.0,
      "max": 289
    }
  }
}