{
  "cities": [
    {
      "number_of_city": 0,
      "x": 0,
      "y": 0
    },
    {
      "number_of_city": 1,
      "x": -378,
      "y": 680
    },
    {
      "number_of_city": 2,
      "x": 896,
      "y": 51
    },
    {
      "number_of_city": 3,
      "x": 77,
      "y": 698
    }
  ],
  "distance_matrix": {
    "0": {
      "3": 702.234291387141
    },
    "1": {
      "3": 455.3559047602216
    },
    "2": {
      "3": 1043.7288920021329
    },
    "3": {
      "3": 0.0
    }
  },
  "stats": {
    "x": {
      "min": -378,
      "avg": 148.75,
      "stdev": 536.3838022660018,
      "median": 38.5,
      "q1": -94.5,
      "q3": 281.75,
      "max": 896
    },
    "y": {
      "min": 0,
      "avg": 357.25,
      "stdev": 383.70767953395637,
      "median": 365.5,
      "q1": 38.25,
      "q3": 684.5,
      "max": 698
    }
  }
}