{
  "cities": [
    {
      "number_of_city": 0,
      "x": 0,
      "y": 0
    },
    {
      "number_of_city": 1,
      "x": -699,
      "y": -989
    },
    {
      "number_of_city": 2,
      "x": 966,
      "y": 425
    },
    {
      "number_of_city": 3,
      "x": 443,
      "y": 925
    }
  ],
  "distance_matrix": {
    "0": {
      "3": 1025.6090873232354
    },
    "1": {
      "3": 2228.802368986537
    },
    "2": {
      "3": 723.5530388299119
    },
    "3": {
      "3": 0.0
    }
  },
  "stats": {
    "x": {
      "min": -699,
      "avg": 177.5,
      "stdev": 705.2141518716141,
      "median": 221.5,
      "q1": -174.75,
      "q3": 573.75,
      "max": 966
    },
    "y": {
      "min": -989,
      "avg": 90.25,
      "stdev": 812.77113424793,
      "median": 212.5,
      "q1": -247.25,
      "q3": 550.0,
      "max": 925
    }
  }
}