{"cities": [{"number_of_city": 0, "x": 0, "y": 0}, {"number_of_city": 1, "x": 926, "y": 556}, {"number_of_city": 2, "x": 98, "y": 110}, {"number_of_city": 3, "x": 108, "y": 171}], "distance_matrix": {"0": {"3": 202.24984548819808}, "1": {"3": 904.0735589541373}, "2": {"3": 61.814237842102365}, "3": {"3": 0.0}}, "stats": {"x": {"min": 0, "avg": 283.0, "stdev": 431.4270892437485, "median": 103.0, "q1": 73.5, "q3": 312.5, "max": 926}, "y": {"min": 0, "avg": 209.25, "stdev": 241.75383485410663, "median": 140.5, "q1": 82.5, "q3": 267.25, "max": 556}}}