{
  "cities": [
    {
      "number_of_city": 0,
      "x": 0,
      "y": 0
    },
    {
      "number_of_city": 1,
      "x": -662,
      "y": -920
    },
    {
      "number_of_city": 2,
      "x": -317,
      "y": -793
    },
    {
      "number_of_city": 3,
      "x": -508,
      "y": -395
    }
  ],
  "distance_matrix": {
    "0": {
      "3": 643.4974747425199
    },
    "1": {
      "3": 547.1206448307356
    },
    "2": {
      "3": 441.45781225390044
    },
    "3": {
      "3": 0.0
    }
  },
  "stats": {
    "x": {
      "min": -662,
      "avg": -371.75,
      "stdev": 285.1927710631296,
      "median": -412.5,
      "q1": -546.5,
      "q3": -237.75,
      "max": 0
    },
    "y": {
      "min": -920,
      "avg": -527.0,
      "stdev": 416.47648993270514,
      "median": -594.0,
      "q1": -824.75,
      "q3": -296.25,
      "max": 0
    }
  }
}