{
  "cities": [
    {
      "number_of_city": 0,
      "x": 0,
      "y": 0
    },
    {
      "number_of_city": 1,
      "x": 130,
      "y": 949
    },
    {
      "number_of_city": 2,
      "x": 183,
      "y": 666
    },
    {
      "number_of_city": 3,
      "x": -369,
      "y": -627
    }
  ],
  "distance_matrix": {
    "0": {
      "3": 727.5231955065076
    },
    "1": {
      "3": 1653.1113090170304
    },
    "2": {
      "3": 1405.8993562840833
    },
    "3": {
      "3": 0.0
    }
  },
  "stats": {
    "x": {
      "min": -369,
      "avg": -14.0,
      "stdev": 248.84131489766727,
      "median": 65.0,
      "q1": -92.25,
      "q3": 143.25,
      "max": 183
    },
    "y": {
      "min": -627,
      "avg": 247.0,
      "stdev": 705.5139970262816,
      "median": 333.0,
      "q1": -156.75,
      "q3": 736.75,
      "max": 949
    }
  }
}