{
  "cities": [
    {
      "number_of_city": 0,
      "x": 0,
      "y": 0
    },
    {
      "number_of_city": 1,
      "x": 640,
      "y": -831
    },
    {
      "number_of_city": 2,
      "x": -15,
      "y": 973
    },
    {
      "number_of_city": 3,
      "x": -868,
      "y": -968
    }
  ],
  "distance_matrix": {
    "0": {
      "3": 1300.172296274613
    },
    "1": {
      "3": 1514.2103552677218
    },
    "2": {
      "3": 2120.162729603556
    },
    "3": {
      "3": 0.0
    }
  },
  "stats": {
    "x": {
      "min": -868,
      "avg": -60.75,
      "stdev": 618.7317000660842,
      "median": -7.5,
      "q1": -228.25,
      "q3": 160.0,
      "max": 640
    },
    "y": {
      "min": -968,
      "avg": -206.5,
      "stdev": 895.124758529968,
      "median": -415.5,
      "q1": -865.25,
      "q3": 243.25,
      "max": 973
    }
  }
}