{
  "cities": [
    {
      "number_of_city": 0,
      "x": 0,
      "y": 0
    },
    {
      "number_of_city": 1,
      "x": 785,
      "y": -606
    },
    {
      "number_of_city": 2,
      "x": 257,
      "y": -595
    },
    {
      "number_of_city": 3,
      "x": 815,
      "y": 478
    }
  ],
  "distance_matrix": {
    "0": {
      "3": 944.832789439486
    },
    "1": {
      "3": 1084.4150496926902
    },
    "2": {
      "3": 1209.418455291633
    },
    "3": {
      "3": 0.0
    }
  },
  "stats": {
    "x": {
      "min": 0,
      "avg": 464.25,
      "stdev": 401.8236553514489,
      "median": 521.0,
      "q1": 192.75,
      "q3": 792.5,
      "max": 815
    },
    "y": {
      "min": -606,
      "avg": -180.75,
      "stdev": 522.5140348992232,
      "median": -297.5,
      "q1": -597.75,
      "q3": 119.5,
      "max": 478
    }
  }
}