{
  "cities": [
    {
      "number_of_city": 0,
      "x": 0,
      "y": 0
    },
    {
      "number_of_city": 1,
      "x": -524,
      "y": -826
    },
    {
      "number_of_city": 2,
      "x": -159,
      "y": -474
    },
    {
      "number_of_city": 3,
      "x": 966,
      "y": 176
    }
  ],
  "distance_matrix": {
    "0": {
      "3": 981.902235459315
    },
    "1": {
      "3": 1795.5790152482848
    },
    "2": {
      "3": 1299.2786460186283
    },
    "3": {
      "3": 0.0
    }
  },
  "stats": {
    "x": {
      "min": -524,
      "avg": 70.75,
      "stdev": 635.8696800445828,
      "median": -79.5,
      "q1": -250.25,
      "q3": 241.5,
      "max": 966
    },
    "y": {
      "min": -826,
      "avg": -281.0,
      "stdev": 455.3694470793285,
      "median": -237.0,
      "q1": -562.0,
      "q3": 44.0,
      "max": 176
    }
  }
}