{"cities": [{"number_of_city": 0, "x": 0, "y": 0}, {"number_of_city": 1, "x": -442, "y": -685}, {"number_of_city": 2, "x": 500, "y": -543}, {"number_of_city": 3, "x": 914, "y": -11}], "distance_matrix": {"0": {"3": 914.0661901634913}, "1": {"3": 1514.2694608292145}, "2": {"3": 674.106816461605}, "3": {"3": 0.0}}, "stats": {"x": {"min": -442, "avg": 243.0, "stdev": 590.0745715585447, "median": 250.0, "q1": -110.5, "q3": 603.5, "max": 914}, "y": {"min": -685, "avg": -309.75, "stdev": 356.09677991617207, "median": -277.0, "q1": -578.5, "q3": -8.25, "max": 0}}}