{"cities": [{"number_of_city": 0, "x": 0, "y": 0}, {"number_of_city": 1, "x": -722, "y": -677}, {"number_of_city": 2, "x": 113, "y": 935}, {"number_of_city": 3, "x": -885, "y": -413}], "distance_matrix": {"0": {"3": 976.6237760775641}, "1": {"3": 310.26601489689455}, "2": {"3": 1677.2322439066095}, "3": {"3": 0.0}}, "stats": {"x": {"min": -885, "avg": -373.5, "stdev": 503.08017916299053, "median": -361.0, "q1": -762.75, "q3": 28.25, "max": 113}, "y": {"min": -677, "avg": -38.75, "stdev": 706.4268657594123, "median": -206.5, "q1": -479.0, "q3": 233.75, "max": 935}}}