{
  "cities": [
    {
      "number_of_city": 0,
      "x": 0,
      "y": 0
    },
    {
      "number_of_city": 1,
      "x": -115,
      "y": 959
    },
    {
      "number_of_city": 2,
      "x": 192,
      "y": 473
    },
    {
      "number_of_city": 3,
      "x": -318,
      "y": 421
    }
  ],
  "distance_matrix": {
    "0": {
      "3": 527.6030704990258
    },
    "1": {
      "3": 575.024347310616
    },
    "2": {
      "3": 512.6441260757798
    },
    "3": {
      "3": 0.0
    }
  },
  "stats": {
    "x": {
      "min": -318,
      "avg": -60.25,
      "stdev": 213.4578412708233,
      "median": -57.5,
      "q1": -165.75,
      "q3": 48.0,
      "max": 192
    },
    "y": {
      "min": 0,
      "avg": 463.25,
      "stdev": 392.5339688060979,
      "median": 447.0,
      "q1": 315.75,
      "q3": 594.5,
      "max": 959
    }
  }
}