{
  "cities": [
    {
      "number_of_city": 0,
      "x": 0,
      "y": 0
    },
    {
      "number_of_city": 1,
      "x": 795,
      "y": 678
    },
    {
      "number_of_city": 2,
      "x": 212,
      "y": 675
    },
    {
      "number_of_city": 3,
      "x": -887,
      "y": -929
    }
  ],
  "distance_matrix": {
    "0": {
      "3": 1284.4492983376183
    },
    "1": {
      "3": 2326.2787881077365
    },
    "2": {
      "3": 1944.3808783260547
    },
    "3": {
      "3": 0.0
    }
  },
  "stats": {
    "x": {
      "min": -887,
      "avg": 30.0,
      "stdev": 697.6479532448058,
      "median": 106.0,
      "q1": -221.75,
      "q3": 357.75,
      "max": 795
    },
    "y": {
      "min": -929,
      "avg": 106.0,
      "stdev": 760.1328831197872,
      "median": 337.5,
      "q1": -232.25,
      "q3": 675.75,
      "max": 678
    }
  }
}