{
  "cities": [
    {
      "number_of_city": 0,
      "x": 0,
      "y": 0
    },
    {
      "number_of_city": 1,
      "x": 779,
      "y": -159
    },
    {
      "number_of_city": 2,
      "x": 12,
      "y": -283
    },
    {
      "number_of_city": 3,
      "x": -59,
      "y": -261
    }
  ],
  "distance_matrix": {
    "0": {
      "3": 267.58550035455954
    },
    "1": {
      "3": 844.1848138885229
    },
    "2": {
      "3": 74.33034373659252
    },
    "3": {
      "3": 0.0
    }
  },
  "stats": {
    "x": {
      "min": -59,
      "avg": 183.0,
      "stdev": 398.5431804292562,
      "median": 6.0,
      "q1": -14.75,
      "q3": 203.75,
      "max": 779
    },
    "y": {
      "min": -283,
      "avg": -175.75,
      "stdev": 129.02034723251987,
      "median": -210.0,
      "q1": -266.5,
      "q3": -119.25,
      "max": 0
    }
  }
}