{"cities": [{"number_of_city": 0, "x": 0, "y": 0}, {"number_of_city": 1, "x": -577, "y": -920}, {"number_of_city": 2, "x": 372, "y": 722}, {"number_of_city": 3, "x": -353, "y": -263}], "distance_matrix": {"0": {"3": 440.20222625516107}, "1": {"3": 694.1361537911708}, "2": {"3": 1223.0494675196094}, "3": {"3": 0.0}}, "stats": {"x": {"min": -577, "avg": -139.5, "stdev": 415.5642750125023, "median": -176.5, "q1": -409.0, "q3": 93.0, "max": 372}, "y": {"min": -920, "avg": -115.25, "stdev": 679.1471980849709, "median": -131.5, "q1": -427.25, "q3": 180.5, "max": 722}}}