{
  "cities": [
    {
      "number_of_city": 0,
      "x": 0,
      "y": 0
    },
    {
      "number_of_city": 1,
      "x": -265,
      "y": 568
    },
    {
      "number_of_city": 2,
      "x": -204,
      "y": -353
    },
    {
      "number_of_city": 3,
      "x": -84,
      "y": 940
    }
  ],
  "distance_matrix": {
    "0": {
      "3": 943.7457284671544
    },
    "1": {
      "3": 413.69674883905
    },
    "2": {
      "3": 1298.5565062791838
    },
    "3": {
      "3": 0.0
    }
  },
  "stats": {
    "x": {
      "min": -265,
      "avg": -138.25,
      "stdev": 118.94641650760228,
      "median": -144.0,
      "q1": -219.25,
      "q3": -63.0,
      "max": 0
    },
    "y": {
      "min": -353,
      "avg": 288.75,
      "stdev": 576.5780519582756,
      "median": 284.0,
      "q1": -88.25,
      "q3": 661.0,
      "max": 940
    }
  }
}