{
  "cities": [
    {
      "number_of_city": 0,
      "x": 0,
      "y": 0
    },
    {
      "number_of_city": 1,
      "x": 127,
      "y": -794
    },
    {
      "number_of_city": 2,
      "x": 778,
      "y": -41
    },
    {
      "number_of_city": 3,
      "x": -519,
      "y": -664
    }
  ],
  "distance_matrix": {
    "0": {
      "3": 842.7674649629042
    },
    "1": {
      "3": 658.9506810073118
    },
    "2": {
      "3": 1438.866915319134
    },
    "3": {
      "3": 0.0
    }
  },
  "stats": {
    "x": {
      "min": -519,
      "avg": 96.5,
      "stdev": 533.3932258037529,
      "median": 63.5,
      "q1": -129.75,
      "q3": 289.75,
      "max": 778
    },
    "y": {
      "min": -794,
      "avg": -374.75,
      "stdev": 412.8206834288547,
      "median": -352.5,
      "q1": -696.5,
      "q3": -30.75,
      "max": 0
    }
  }
}