{"cities": [{"number_of_city": 0, "x": 0, "y": 0}, {"number_of_city": 1, "x": 661, "y": -223}, {"number_of_city": 2, "x": -708, "y": 82}, {"number_of_city": 3, "x": 822, "y": 633}], "distance_matrix": {"0": {"3": 1037.4839757798673}, "1": {"3": 871.0091847965783}, "2": {"3": 1626.192178065065}, "3": {"3": 0.0}}, "stats": {"x": {"min": -708, "avg": 193.75, "stdev": 698.5014316377598, "median": 330.5, "q1": -177.0, "q3": 701.25, "max": 822}, "y": {"min": -223, "avg": 123.0, "stdev": 363.60509714065705, "median": 41.0, "q1": -55.75, "q3": 219.75, "max": 633}}}