{"cities": [{"number_of_city": 0, "x": 0, "y": 0}, {"number_of_city": 1, "x": 985, "y": 388}, {"number_of_city": 2, "x": -813, "y": -511}, {"number_of_city": 3, "x": -428, "y": 151}], "distance_matrix": {"0": {"3": 453.85570394124164}, "1": {"3": 1432.7379383543941}, "2": {"3": 765.8126402717573}, "3": {"3": 0.0}}, "stats": {"x": {"min": -813, "avg": -64.0, "stdev": 774.1649264422493, "median": -214.0, "q1": -524.25, "q3": 246.25, "max": 985}, "y": {"min": -511, "avg": 7.0, "stdev": 380.46900881236917, "median": 75.5, "q1": -127.75, "q3": 210.25, "max": 388}}}