{"cities": [{"number_of_city": 0, "x": 0, "y": 0}, {"number_of_city": 1, "x": -123, "y": 197}, {"number_of_city": 2, "x": 456, "y": -84}, {"number_of_city": 3, "x": -969, "y": 974}], "distance_matrix": {"0": {"3": 1373.9130249036873}, "1": {"3": 1148.6709711662431}, "2": {"3": 1774.8208360282454}, "3": {"3": 0.0}}, "stats": {"x": {"min": -969, "avg": -159.0, "stdev": 594.6713377992922, "median": -61.5, "q1": -334.5, "q3": 114.0, "max": 456}, "y": {"min": -84, "avg": 271.75, "stdev": 482.7520930387908, "median": 98.5, "q1": -21.0, "q3": 391.25, "max": 974}}}