{"cities": [{"number_of_city": 0, "x": 0, "y": 0}, {"number_of_city": 1, "x": 656, "y": 152}, {"number_of_city": 2, "x": 867, "y": -715}, {"number_of_city": 3, "x": 35, "y": 910}], "distance_matrix": {"0": {"3": 910.6728281880381}, "1": {"3": 979.900505153457}, "2": {"3": 1825.6092133860411}, "3": {"3": 0.0}}, "stats": {"x": {"min": 0, "avg": 389.5, "stdev": 438.33358681868464, "median": 345.5, "q1": 26.25, "q3": 708.75, "max": 867}, "y": {"min": -715, "avg": 86.75, "stdev": 666.4149733211782, "median": 76.0, "q1": -178.75, "q3": 341.5, "max": 910}}}