{
  "cities": [
    {
      "number_of_city": 0,
      "x": 0,
      "y": 0
    },
    {
      "number_of_city": 1,
      "x": 177,
      "y": -311
    },
    {
      "number_of_city": 2,
      "x": 366,
      "y": 671
    },
    {
      "number_of_city": 3,
      "x": 794,
      "y": 42
    }
  ],
  "distance_matrix": {
    "0": {
      "3": 795.1100552753688
    },
    "1": {
      "3": 710.8431613232275
    },
    "2": {
      "3": 760.8054941967756
    },
    "3": {
      "3": 0.0
    }
  },
  "stats": {
    "x": {
      "min": 0,
      "avg": 334.25,
      "stdev": 340.99303511948744,
      "median": 271.5,
      "q1": 132.75,
      "q3": 473.0,
      "max": 794
    },
    "y": {
      "min": -311,
      "avg": 100.5,
      "stdev": 411.6329270924116,
      "median": 21.0,
      "q1": -77.75,
      "q3": 199.25,
      "max": 671
    }
  }
}