{
  "cities": [
    {
      "number_of_city": 0,
      "x": 0,
      "y": 0
    },
    {
      "number_of_city": 1,
      "x": -316,
      "y": 698
    },
    {
      "number_of_city": 2,
      "x": 122,
      "y": 810
    },
    {
      "number_of_city": 3,
      "x": -317,
      "y": 850
    }
  ],
  "distance_matrix": {
    "0": {
      "3": 907.1874117292413
    },
    "1": {
      "3": 152.00328943809077
    },
    "2": {
      "3": 440.8185567781828
    },
    "3": {
      "3": 0.0
    }
  },
  "stats": {
    "x": {
      "min": -317,
      "avg": -127.75,
      "stdev": 223.56859499193231,
      "median": -158.0,
      "q1": -316.25,
      "q3": 30.5,
      "max": 122
    },
    "y": {
      "min": 0,
      "avg": 589.5,
      "stdev": 398.23067017328873,
      "median": 754.0,
      "q1": 523.5,
      "q3": 820.0,
      "max": 850
    }
  }
}