{
  "cities": [
    {
      "number_of_city": 0,
      "x": 0,
      "y": 0
    },
    {
      "number_of_city": 1,
      "x": -654,
      "y": -910
    },
    {
      "number_of_city": 2,
      "x": -469,
      "y": -960
    },
    {
      "number_of_city": 3,
      "x": -367,
      "y": -666
    }
  ],
  "distance_matrix": {
    "0": {
      "3": 760.4242237067413
    },
    "1": {
      "3": 376.70280062670093
    },
    "2": {
      "3": 311.19125951735856
    },
    "3": {
      "3": 0.0
    }
  },
  "stats": {
    "x": {
      "min": -654,
      "avg": -372.5,
      "stdev": 275.28227936671357,
      "median": -418.0,
      "q1": -515.25,
      "q3": -275.25,
      "max": 0
    },
    "y": {
      "min": -960,
      "avg": -634.0,
      "stdev": 441.75106111926885,
      "median": -788.0,
      "q1": -922.5,
      "q3": -499.5,
      "max": 0
    }
  }
}