{
  "cities": [
    {
      "number_of_city": 0,
      "x": 0,
      "y": 0
    },
    {
      "number_of_city": 1,
      "x": 133,
      "y": 45
    },
    {
      "number_of_city": 2,
      "x": 32,
      "y": -903
    },
    {
      "number_of_city": 3,
      "x": -79,
      "y": -187
    }
  ],
  "distance_matrix": {
    "0": {
      "3": 203.00246303924493
    },
    "1": {
      "3": 314.2737660066459
    },
    "2": {
      "3": 724.5529656277724
    },
    "3": {
      "3": 0.0
    }
  },
  "stats": {
    "x": {
      "min": -79,
      "avg": 21.5,
      "stdev": 87.75914007479031,
      "median": 16.0,
      "q1": -19.75,
      "q3": 57.25,
      "max": 133
    },
    "y": {
      "min": -903,
      "avg": -261.25,
      "stdev": 439.4681444655574,
      "median": -93.5,
      "q1": -366.0,
      "q3": 11.25,
      "max": 45
    }
  }
}