{"cities": [{"number_of_city": 0, "x": 0, "y": 0}, {"number_of_city": 1, "x": 366, "y": 267}, {"number_of_city": 2, "x": -174, "y": -543}, {"number_of_city": 3, "x": 315, "y": -843}], "distance_matrix": {"0": {"3": 899.929997277566}, "1": {"3": 1111.1710039413376}, "2": {"3": 573.6906832082948}, "3": {"3": 0.0}}, "stats": {"x": {"min": -174, "avg": 126.75, "stdev": 257.67857885357876, "median": 157.5, "q1": -43.5, "q3": 327.75, "max": 366}, "y": {"min": -843, "avg": -279.75, "stdev": 504.56144323560835, "median": -271.5, "q1": -618.0, "q3": 66.75, "max": 267}}}