{
  "cities": [
    {
      "number_of_city": 0,
      "x": 0,
      "y": 0
    },
    {
      "number_of_city": 1,
      "x": 260,
      "y": 925
    },
    {
      "number_of_city": 2,
      "x": 34,
      "y": 317
    },
    {
      "number_of_city": 3,
      "x": 907,
      "y": -857
    }
  ],
  "distance_matrix": {
    "0": {
      "3": 1247.8373291419039
    },
    "1": {
      "3": 1895.8198754101086
    },
    "2": {
      "3": 1463.0123034342535
    },
    "3": {
      "3": 0.0
    }
  },
  "stats": {
    "x": {
      "min": 0,
      "avg": 300.25,
      "stdev": 420.636323522668,
      "median": 147.0,
      "q1": 25.5,
      "q3": 421.75,
      "max": 907
    },
    "y": {
      "min": -857,
      "avg": 96.25,
      "stdev": 742.4075138807975,
      "median": 158.5,
      "q1": -214.25,
      "q3": 469.0,
      "max": 925
    }
  }
}