{
  "cities": [
    {
      "number_of_city": 0,
      "x": 0,
      "y": 0
    },
    {
      "number_of_city": 1,
      "x": 269,
      "y": 470
    },
    {
      "number_of_city": 2,
      "x": 878,
      "y": 613
    },
    {
      "number_of_city": 3,
      "x": 753,
      "y": -509
    }
  ],
  "distance_matrix": {
    "0": {
      "3": 908.8949334219
    },
    "1": {
      "3": 1092.1066797707997
    },
    "2": {
      "3": 1128.941539673335
    },
    "3": {
      "3": 0.0
    }
  },
  "stats": {
    "x": {
      "min": 0,
      "avg": 475.0,
      "stdev": 411.4016690940052,
      "median": 511.0,
      "q1": 201.75,
      "q3": 784.25,
      "max": 878
    },
    "y": {
      "min": -509,
      "avg": 143.5,
      "stdev": 507.7338541663995,
      "median": 235.0,
      "q1": -127.25,
      "q3": 505.75,
      "max": 613
    }
  }
}