{"cities": [{"number_of_city": 0, "x": 0, "y": 0}, {"number_of_city": 1, "x": -657, "y": -254}, {"number_of_city": 2, "x": 106, "y": -519}, {"number_of_city": 3, "x": 856, "y": 269}], "distance_matrix": {"0": {"3": 897.2719766046413}, "1": {"3": 1600.8429029733054}, "2": {"3": 1087.8621236167753}, "3": {"3": 0.0}}, "stats": {"x": {"min": -657, "avg": 76.25, "stdev": 619.7754297593067, "median": 53.0, "q1": -164.25, "q3": 293.5, "max": 856}, "y": {"min": -519, "avg": -126.0, "stdev": 338.0009861918552, "median": -127.0, "q1": -320.25, "q3": 67.25, "max": 269}}}