{
  "cities": [
    {
      "number_of_city": 0,
      "x": 0,
      "y": 0
    },
    {
      "number_of_city": 1,
      "x": -527,
      "y": 455
    },
    {
      "number_of_city": 2,
      "x": 596,
      "y": -462
    },
    {
      "number_of_city": 3,
      "x": 834,
      "y": 190
    }
  ],
  "distance_matrix": {
    "0": {
      "3": 855.3689262534617
    },
    "1": {
      "3": 1386.5590503112371
    },
    "2": {
      "3": 694.0806869521728
    },
    "3": {
      "3": 0.0
    }
  },
  "stats": {
    "x": {
      "min": -527,
      "avg": 225.75,
      "stdev": 612.2768300913131,
      "median": 298.0,
      "q1": -131.75,
      "q3": 655.5,
      "max": 834
    },
    "y": {
      "min": -462,
      "avg": 45.75,
      "stdev": 386.5215604163197,
      "median": 95.0,
      "q1": -115.5,
      "q3": 256.25,
      "max": 455
    }
  }
}