{"cities": [{"number_of_city": 0, "x": 0, "y": 0}, {"number_of_city": 1, "x": 523, "y": -312}, {"number_of_city": 2, "x": -824, "y": 472}, {"number_of_city": 3, "x": -81, "y": 834}], "distance_matrix": {"0": {"3": 837.924220917381}, "1": {"3": 1295.4273426170994}, "2": {"3": 826.4944040947888}, "3": {"3": 0.0}}, "stats": {"x": {"min": -824, "avg": -95.5, "stdev": 554.5523720383254, "median": -40.5, "q1": -266.75, "q3": 130.75, "max": 523}, "y": {"min": -312, "avg": 248.5, "stdev": 506.1867244406949, "median": 236.0, "q1": -78.0, "q3": 562.5, "max": 834}}}