{
  "cities": [
    {
      "number_of_city": 0,
      "x": 0,
      "y": 0
    },
    {
      "number_of_city": 1,
      "x": 225,
      "y": -320
    },
    {
      "number_of_city": 2,
      "x": -46,
      "y": 63
    },
    {
      "number_of_city": 3,
      "x": 539,
      "y": -604
    }
  ],
  "distance_matrix": {
    "0": {
      "3": 809.5288753342898
    },
    "1": {
      "3": 423.38162454220895
    },
    "2": {
      "3": 887.194454446149
    },
    "3": {
      "3": 0.0
    }
  },
  "stats": {
    "x": {
      "min": -46,
      "avg": 179.5,
      "stdev": 267.3206563910341,
      "median": 112.5,
      "q1": -11.5,
      "q3": 303.5,
      "max": 539
    },
    "y": {
      "min": -604,
      "avg": -215.25,
      "stdev": 308.68254998730765,
      "median": -160.0,
      "q1": -391.0,
      "q3": 15.75,
      "max": 63
    }
  }
}