{"cities": [{"number_of_city": 0, "x": 0, "y": 0}, {"number_of_city": 1, "x": 552, "y": -735}, {"number_of_city": 2, "x": 115, "y": -235}, {"number_of_city": 3, "x": 445, "y": -92}], "distance_matrix": {"0": {"3": 454.41060727056094}, "1": {"3": 651.8420053970134}, "2": {"3": 359.6512199339799}, "3": {"3": 0.0}}, "stats": {"x": {"min": 0, "avg": 278.0, "stdev": 262.56300831102106, "median": 280.0, "q1": 86.25, "q3": 471.75, "max": 552}, "y": {"min": -735, "avg": -265.5, "stdev": 327.59375248418075, "median": -163.5, "q1": -360.0, "q3": -69.0, "max": 0}}}