{
  "cities": [
    {
      "number_of_city": 0,
      "x": 0,
      "y": 0
    },
    {
      "number_of_city": 1,
      "x": -989,
      "y": 386
    },
    {
      "number_of_city": 2,
      "x": -175,
      "y": 667
    },
    {
      "number_of_city": 3,
      "x": 490,
      "y": 764
    }
  ],
  "distance_matrix": {
    "0": {
      "3": 907.6320840516822
    },
    "1": {
      "3": 1526.5402058249235
    },
    "2": {
      "3": 672.0372013512347
    },
    "3": {
      "3": 0.0
    }
  },
  "stats": {
    "x": {
      "min": -989,
      "avg": -168.5,
      "stdev": 615.1631219982767,
      "median": -87.5,
      "q1": -378.5,
      "q3": 122.5,
      "max": 490
    },
    "y": {
      "min": 0,
      "avg": 454.25,
      "stdev": 342.6410901609243,
      "median": 526.5,
      "q1": 289.5,
      "q3": 691.25,
      "max": 764
    }
  }
}