{
  "cities": [
    {
      "number_of_city": 0,
      "x": 0,
      "y": 0
    },
    {
      "number_of_city": 1,
      "x": 411,
      "y": 835
    },
    {
      "number_of_city": 2,
      "x": -496,
      "y": 280
    },
    {
      "number_of_city": 3,
      "x": -900,
      "y": -112
    }
  ],
  "distance_matrix": {
    "0": {
      "3": 906.9421150216809
    },
    "1": {
      "3": 1617.260028566835
    },
    "2": {
      "3": 562.9209535982827
    },
    "3": {
      "3": 0.0
    }
  },
  "stats": {
    "x": {
      "min": -900,
      "avg": -246.25,
      "stdev": 572.2414263228414,
      "median": -248.0,
      "q1": -597.0,
      "q3": 102.75,
      "max": 411
    },
    "y": {
      "min": -112,
      "avg": 250.75,
      "stdev": 422.952617519583,
      "median": 140.0,
      "q1": -28.0,
      "q3": 418.75,
      "max": 835
    }
  }
}