{"cities": [{"number_of_city": 0, "x": 0, "y": 0}, {"number_of_city": 1, "x": 328, "y": -213}, {"number_of_city": 2, "x": 680, "y": -752}, {"number_of_city": 3, "x": -174, "y": 365}], "distance_matrix": {"0": {"3": 404.3525689296409}, "1": {"3": 765.5638444963294}, "2": {"3": 1406.060098288832}, "3": {"3": 0.0}}, "stats": {"x": {"min": -174, "avg": 208.5, "stdev": 376.9929265472585, "median": 164.0, "q1": -43.5, "q3": 416.0, "max": 680}, "y": {"min": -752, "avg": -150.0, "stdev": 466.9396820432663, "median": -106.5, "q1": -347.75, "q3": 91.25, "max": 365}}}