{
  "cities": [
    {
      "number_of_city": 0,
      "x": 0,
      "y": 0
    },
    {
      "number_of_city": 1,
      "x": -455,
      "y": -99
    },
    {
      "number_of_city": 2,
      "x": -850,
      "y": 951
    },
    {
      "number_of_city": 3,
      "x": -138,
      "y": -636
    }
  ],
  "distance_matrix": {
    "0": {
      "3": 650.7995082972943
    },
    "1": {
      "3": 623.5847977621007
    },
    "2": {
      "3": 1739.4001839714747
    },
    "3": {
      "3": 0.0
    }
  },
  "stats": {
    "x": {
      "min": -850,
      "avg": -360.75,
      "stdev": 377.71539109052287,
      "median": -296.5,
      "q1": -553.75,
      "q3": -103.5,
      "max": 0
    },
    "y": {
      "min": -636,
      "avg": 54.0,
      "stdev": 660.0590882640735,
      "median": -49.5,
      "q1": -233.25,
      "q3": 237.75,
      "max": 951
    }
  }
}