{"cities": [{"number_of_city": 0, "x": 0, "y": 0}, {"number_of_city": 1, "x": -729, "y": 897}, {"number_of_city": 2, "x": 181, "y": -618}, {"number_of_city": 3, "x": 770, "y": 579}], "distance_matrix": {"0": {"3": 963.4007473528345}, "1": {"3": 1532.3592920721956}, "2": {"3": 1334.0652157971888}, "3": {"3": 0.0}}, "stats": {"x": {"min": -729, "avg": 55.5, "stdev": 617.7326822070099, "median": 90.5, "q1": -182.25, "q3": 328.25, "max": 770}, "y": {"min": -618, "avg": 214.5, "stdev": 667.7656774647826, "median": 289.5, "q1": -154.5, "q3": 658.5, "max": 897}}}