{
  "cities": [
    {
      "number_of_city": 0,
      "x": 0,
      "y": 0
    },
    {
      "number_of_city": 1,
      "x": 885,
      "y": -378
    },
    {
      "number_of_city": 2,
      "x": -233,
      "y": -881
    },
    {
      "number_of_city": 3,
      "x": -857,
      "y": -710
    }
  ],
  "distance_matrix": {
    "0": {
      "3": 1112.901163625953
    },
    "1": {
      "3": 1773.3550123988146
    },
    "2": {
      "3": 647.006182350679
    },
    "3": {
      "3": 0.0
    }
  },
  "stats": {
    "x": {
      "min": -857,
      "avg": -51.25,
      "stdev": 721.4468679905217,
      "median": -116.5,
      "q1": -389.0,
      "q3": 221.25,
      "max": 885
    },
    "y": {
      "min": -881,
      "avg": -492.25,
      "stdev": 388.9750420442594,
      "median": -544.0,
      "q1": -752.75,
      "q3": -283.5,
      "max": 0
    }
  }
}