{"cities": [{"number_of_city": 0, "x": 0, "y": 0}, {"number_of_city": 1, "x": 368, "y": -978}, {"number_of_city": 2, "x": 573, "y": -539}, {"number_of_city": 3, "x": -878, "y": 110}], "distance_matrix": {"0": {"3": 884.8638313322565}, "1": {"3": 1654.1644416441795}, "2": {"3": 1589.5288610151122}, "3": {"3": 0.0}}, "stats": {"x": {"min": -878, "avg": 15.75, "stdev": 641.2604125210496, "median": 184.0, "q1": -219.5, "q3": 419.25, "max": 573}, "y": {"min": -978, "avg": -351.75, "stdev": 504.7087443929089, "median": -269.5, "q1": -648.75, "q3": 27.5, "max": 110}}}