{
  "cities": [
    {
      "number_of_city": 0,
      "x": 0,
      "y": 0
    },
    {
      "number_of_city": 1,
      "x": 859,
      "y": 386
    },
    {
      "number_of_city": 2,
      "x": 288,
      "y": 770
    },
    {
      "number_of_city": 3,
      "x": 739,
      "y": 382
    }
  ],
  "distance_matrix": {
    "0": {
      "3": 831.8924209295334
    },
    "1": {
      "3": 120.06664815842908
    },
    "2": {
      "3": 594.9327693109533
    },
    "3": {
      "3": 0.0
    }
  },
  "stats": {
    "x": {
      "min": 0,
      "avg": 471.5,
      "stdev": 399.03926289694016,
      "median": 513.5,
      "q1": 216.0,
      "q3": 769.0,
      "max": 859
    },
    "y": {
      "min": 0,
      "avg": 384.5,
      "stdev": 314.3559553542237,
      "median": 384.0,
      "q1": 286.5,
      "q3": 482.0,
      "max": 770
    }
  }
}