{
  "cities": [
    {
      "number_of_city": 0,
      "x": 0,
      "y": 0
    },
    {
      "number_of_city": 1,
      "x": -163,
      "y": -987
    },
    {
      "number_of_city": 2,
      "x": 192,
      "y": -77
    },
    {
      "number_of_city": 3,
      "x": -500,
      "y": -513
    }
  ],
  "distance_matrix": {
    "0": {
      "3": 716.3581506481238
    },
    "1": {
      "3": 581.588342386606
    },
    "2": {
      "3": 817.8997493580738
    },
    "3": {
      "3": 0.0
    }
  },
  "stats": {
    "x": {
      "min": -500,
      "avg": -117.75,
      "stdev": 293.24207860855626,
      "median": -81.5,
      "q1": -247.25,
      "q3": 48.0,
      "max": 192
    },
    "y": {
      "min": -987,
      "avg": -394.25,
      "stdev": 455.16837543924333,
      "median": -295.0,
      "q1": -631.5,
      "q3": -57.75,
      "max": 0
    }
  }
}