{
  "cities": [
    {
      "number_of_city": 0,
      "x": 0,
      "y": 0
    },
    {
      "number_of_city": 1,
      "x": -660,
      "y": 748
    },
    {
      "number_of_city": 2,
      "x": -586,
      "y": 899
    },
    {
      "number_of_city": 3,
      "x": 485,
      "y": 530
    }
  ],
  "distance_matrix": {
    "0": {
      "3": 718.4184017687743
    },
    "1": {
      "3": 1165.5681018284604
    },
    "2": {
      "3": 1132.7850634608492
    },
    "3": {
      "3": 0.0
    }
  },
  "stats": {
    "x": {
      "min": -660,
      "avg": -190.25,
      "stdev": 538.3433693594947,
      "median": -293.0,
      "q1": -604.5,
      "q3": 121.25,
      "max": 485
    },
    "y": {
      "min": 0,
      "avg": 544.25,
      "stdev": 393.18051409838034,
      "median": 639.0,
      "q1": 397.5,
      "q3": 785.75,
      "max": 899
    }
  }
}