{"cities": [{"number_of_city": 0, "x": 0, "y": 0}, {"number_of_city": 1, "x": 732, "y": -161}, {"number_of_city": 2, "x": 686, "y": -774}, {"number_of_city": 3, "x": 202, "y": -497}], "distance_matrix": {"0": {"3": 536.4820593458834}, "1": {"3": 627.531672507452}, "2": {"3": 557.6602908581532}, "3": {"3": 0.0}}, "stats": {"x": {"min": 0, "avg": 405.0, "stdev": 361.0743229124257, "median": 444.0, "q1": 151.5, "q3": 697.5, "max": 732}, "y": {"min": -774, "avg": -358.0, "stdev": 346.0972888269039, "median": -329.0, "q1": -566.25, "q3": -120.75, "max": 0}}}