{
  "cities": [
    {
      "number_of_city": 0,
      "x": 0,
      "y": 0
    },
    {
      "number_of_city": 1,
      "x": 826,
      "y": 654
    },
    {
      "number_of_city": 2,
      "x": 580,
      "y": -368
    },
    {
      "number_of_city": 3,
      "x": 253,
      "y": -191
    }
  ],
  "distance_matrix": {
    "0": {
      "3": 317.00157728314224
    },
    "1": {
      "3": 1020.9573938220929
    },
    "2": {
      "3": 371.8306065939166
    },
    "3": {
      "3": 0.0
    }
  },
  "stats": {
    "x": {
      "min": 0,
      "avg": 414.75,
      "stdev": 362.68202326555974,
      "median": 416.5,
      "q1": 189.75,
      "q3": 641.5,
      "max": 826
    },
    "y": {
      "min": -368,
      "avg": 23.75,
      "stdev": 446.2304150697634,
      "median": -95.5,
      "q1": -235.25,
      "q3": 163.5,
      "max": 654
    }
  }
}