{"cities": [{"number_of_city": 0, "x": 0, "y": 0}, {"number_of_city": 1, "x": 91, "y": 811}, {"number_of_city": 2, "x": -967, "y": 453}, {"number_of_city": 3, "x": 909, "y": 668}], "distance_matrix": {"0": {"3": 1128.0536334767066}, "1": {"3": 830.405322718972}, "2": {"3": 1888.2799050988176}, "3": {"3": 0.0}}, "stats": {"x": {"min": -967, "avg": 8.25, "stdev": 767.9797631882409, "median": 45.5, "q1": -241.75, "q3": 295.5, "max": 909}, "y": {"min": 0, "avg": 483.0, "stdev": 354.02353970698994, "median": 560.5, "q1": 339.75, "q3": 703.75, "max": 811}}}