{
  "cities": [
    {
      "number_of_city": 0,
      "x": 0,
      "y": 0
    },
    {
      "number_of_city": 1,
      "x": 603,
      "y": -339
    },
    {
      "number_of_city": 2,
      "x": 78,
      "y": -488
    },
    {
      "number_of_city": 3,
      "x": 167,
      "y": -526
    }
  ],
  "distance_matrix": {
    "0": {
      "3": 551.8740798406825
    },
    "1": {
      "3": 474.4101600935629
    },
    "2": {
      "3": 96.77293009927931
    },
    "3": {
      "3": 0.0
    }
  },
  "stats": {
    "x": {
      "min": 0,
      "avg": 212.0,
      "stdev": 269.44758302868485,
      "median": 122.5,
      "q1": 58.5,
      "q3": 276.0,
      "max": 603
    },
    "y": {
      "min": -526,
      "avg": -338.25,
      "stdev": 239.50556708909016,
      "median": -413.5,
      "q1": -497.5,
      "q3": -254.25,
      "max": 0
    }
  }
}