{"cities": [{"number_of_city": 0, "x": 0, "y": 0}, {"number_of_city": 1, "x": -881, "y": -317}, {"number_of_city": 2, "x": 851, "y": -175}, {"number_of_city": 3, "x": 159, "y": -140}], "distance_matrix": {"0": {"3": 211.85136298829894}, "1": {"3": 1054.954501388567}, "2": {"3": 692.8845502679361}, "3": {"3": 0.0}}, "stats": {"x": {"min": -881, "avg": 32.25, "stdev": 712.1523128282788, "median": 79.5, "q1": -220.25, "q3": 332.0, "max": 851}, "y": {"min": -317, "avg": -158.0, "stdev": 130.20240653177908, "median": -157.5, "q1": -210.5, "q3": -105.0, "max": 0}}}