{"cities": [{"number_of_city": 0, "x": 0, "y": 0}, {"number_of_city": 1, "x": 821, "y": 267}, {"number_of_city": 2, "x": -3, "y": -853}, {"number_of_city": 3, "x": 125, "y": 810}], "distance_matrix": {"0": {"3": 819.5883112880515}, "1": {"3": 882.7598767501839}, "2": {"3": 1667.9187630097576}, "3": {"3": 0.0}}, "stats": {"x": {"min": -3, "avg": 235.75, "stdev": 394.69935816179554, "median": 62.5, "q1": -0.75, "q3": 299.0, "max": 821}, "y": {"min": -853, "avg": 56.0, "stdev": 693.410412382162, "median": 133.5, "q1": -213.25, "q3": 402.75, "max": 810}}}