{
  "cities": [
    {
      "number_of_city": 0,
      "x": 0,
      "y": 0
    },
    {
      "number_of_city": 1,
      "x": -360,
      "y": 828
    },
    {
      "number_of_city": 2,
      "x": -153,
      "y": -100
    },
    {
      "number_of_city": 3,
      "x": 403,
      "y": 705
    }
  ],
  "distance_matrix": {
    "0": {
      "3": 812.0554168281867
    },
    "1": {
      "3": 772.8505677037444
    },
    "2": {
      "3": 978.3460532960718
    },
    "3": {
      "3": 0.0
    }
  },
  "stats": {
    "x": {
      "min": -360,
      "avg": -27.5,
      "stdev": 322.69335289094505,
      "median": -76.5,
      "q1": -204.75,
      "q3": 100.75,
      "max": 403
    },
    "y": {
      "min": -100,
      "avg": 358.25,
      "stdev": 475.827962608336,
      "median": 352.5,
      "q1": -25.0,
      "q3": 735.75,
      "max": 828
    }
  }
}