{
  "cities": [
    {
      "number_of_city": 0,
      "x": 0,
      "y": 0
    },
    {
      "number_of_city": 1,
      "x": -31,
      "y": -444
    },
    {
      "number_of_city": 2,
      "x": 614,
      "y": -374
    },
    {
      "number_of_city": 3,
      "x": 650,
      "y": 384
    }
  ],
  "distance_matrix": {
    "0": {
      "3": 754.9543032528525
    },
    "1": {
      "3": 1072.0750906536352
    },
    "2": {
      "3": 758.8543997368665
    },
    "3": {
      "3": 0.0
    }
  },
  "stats": {
    "x": {
      "min": -31,
      "avg": 308.25,
      "stdev": 374.3370807173663,
      "median": 307.0,
      "q1": -7.75,
      "q3": 623.0,
      "max": 650
    },
    "y": {
      "min": -444,
      "avg": -108.5,
      "stdev": 381.8284955316981,
      "median": -187.0,
      "q1": -391.5,
      "q3": 96.0,
      "max": 384
    }
  }
}