{
  "cities": [
    {
      "number_of_city": 0,
      "x": 0,
      "y": 0
    },
    {
      "number_of_city": 1,
      "x": -265,
      "y": -83
    },
    {
      "number_of_city": 2,
      "x": 244,
      "y": -663
    },
    {
      "number_of_city": 3,
      "x": 711,
      "y": -670
    }
  ],
  "distance_matrix": {
    "0": {
      "3": 976.944727198013
    },
    "1": {
      "3": 1138.9227366243945
    },
    "2": {
      "3": 467.05245958029167
    },
    "3": {
      "3": 0.0
    }
  },
  "stats": {
    "x": {
      "min": -265,
      "avg": 172.5,
      "stdev": 414.83209454750084,
      "median": 122.0,
      "q1": -66.25,
      "q3": 360.75,
      "max": 711
    },
    "y": {
      "min": -670,
      "avg": -354.0,
      "stdev": 362.44263913985986,
      "median": -373.0,
      "q1": -664.75,
      "q3": -62.25,
      "max": 0
    }
  }
}