{"cities": [{"number_of_city": 0, "x": 0, "y": 0}, {"number_of_city": 1, "x": -163, "y": 795}, {"number_of_city": 2, "x": -736, "y": -474}, {"number_of_city": 3, "x": -89, "y": -769}], "distance_matrix": {"0": {"3": 774.1330634974843}, "1": {"3": 1565.7496607056953}, "2": {"3": 711.079461101219}, "3": {"3": 0.0}}, "stats": {"x": {"min": -736, "avg": -247.0, "stdev": 332.74114062836696, "median": -126.0, "q1": -306.25, "q3": -66.75, "max": 0}, "y": {"min": -769, "avg": -112.0, "stdev": 682.6140930276785, "median": -237.0, "q1": -547.75, "q3": 198.75, "max": 795}}}