{"cities": [{"number_of_city": 0, "x": 0, "y": 0}, {"number_of_city": 1, "x": -654, "y": 144}, {"number_of_city": 2, "x": 518, "y": -355}, {"number_of_city": 3, "x": 958, "y": 97}], "distance_matrix": {"0": {"3": 962.8982293056728}, "1": {"3": 1612.6850281440577}, "2": {"3": 630.7963221199059}, "3": {"3": 0.0}}, "stats": {"x": {"min": -654, "avg": 205.5, "stdev": 693.9939961315708, "median": 259.0, "q1": -163.5, "q3": 628.0, "max": 958}, "y": {"min": -355, "avg": -28.5, "stdev": 225.7734853047777, "median": 48.5, "q1": -88.75, "q3": 108.75, "max": 144}}}