{
  "cities": [
    {
      "number_of_city": 0,
      "x": 0,
      "y": 0
    },
    {
      "number_of_city": 1,
      "x": -968,
      "y": 68
    },
    {
      "number_of_city": 2,
      "x": -540,
      "y": -741
    },
    {
      "number_of_city": 3,
      "x": 876,
      "y": 588
    }
  ],
  "distance_matrix": {
    "0": {
      "3": 1055.0450227359968
    },
    "1": {
      "3": 1915.916490873232
    },
    "2": {
      "3": 1941.9827496659182
    },
    "3": {
      "3": 0.0
    }
  },
  "stats": {
    "x": {
      "min": -968,
      "avg": -158.0,
      "stdev": 795.0144652772049,
      "median": -270.0,
      "q1": -647.0,
      "q3": 219.0,
      "max": 876
    },
    "y": {
      "min": -741,
      "avg": -21.25,
      "stdev": 547.0047988820573,
      "median": 34.0,
      "q1": -185.25,
      "q3": 198.0,
      "max": 588
    }
  }
}