{"cities": [{"number_of_city": 0, "x": 0, "y": 0}, {"number_of_city": 1, "x": 375, "y": -716}, {"number_of_city": 2, "x": 300, "y": -193}, {"number_of_city": 3, "x": -392, "y": -109}], "distance_matrix": {"0": {"3": 406.8722158122867}, "1": {"3": 978.129848230796}, "2": {"3": 697.0796224248705}, "3": {"3": 0.0}}, "stats": {"x": {"min": -392, "avg": 70.75, "stdev": 348.45695573485114, "median": 150.0, "q1": -98.0, "q3": 318.75, "max": 375}, "y": {"min": -716, "avg": -254.5, "stdev": 317.6502269268301, "median": -151.0, "q1": -323.75, "q3": -81.75, "max": 0}}}