{
  "cities": [
    {
      "number_of_city": 0,
      "x": 0,
      "y": 0
    },
    {
      "number_of_city": 1,
      "x": 600,
      "y": 307
    },
    {
      "number_of_city": 2,
      "x": -494,
      "y": 846
    },
    {
      "number_of_city": 3,
      "x": 922,
      "y": -291
    }
  ],
  "distance_matrix": {
    "0": {
      "3": 966.8324570472383
    },
    "1": {
      "3": 679.1818607707364
    },
    "2": {
      "3": 1815.9914647376513
    },
    "3": {
      "3": 0.0
    }
  },
  "stats": {
    "x": {
      "min": -494,
      "avg": 257.0,
      "stdev": 629.7946755358712,
      "median": 300.0,
      "q1": -123.5,
      "q3": 680.5,
      "max": 922
    },
    "y": {
      "min": -291,
      "avg": 215.5,
      "stdev": 486.10184118145446,
      "median": 153.5,
      "q1": -72.75,
      "q3": 441.75,
      "max": 846
    }
  }
}