{
  "cities": [
    {
      "number_of_city": 0,
      "x": 0,
      "y": 0
    },
    {
      "number_of_city": 1,
      "x": 429,
      "y": -24
    },
    {
      "number_of_city": 2,
      "x": -27,
      "y": 80
    },
    {
      "number_of_city": 3,
      "x": -877,
      "y": -815
    }
  ],
  "distance_matrix": {
    "0": {
      "3": 1197.2276308204719
    },
    "1": {
      "3": 1526.865088997715
    },
    "2": {
      "3": 1234.3115490021148
    },
    "3": {
      "3": 0.0
    }
  },
  "stats": {
    "x": {
      "min": -877,
      "avg": -118.75,
      "stdev": 546.9590935344252,
      "median": -13.5,
      "q1": -239.5,
      "q3": 107.25,
      "max": 429
    },
    "y": {
      "min": -815,
      "avg": -189.75,
      "stdev": 419.19794449241596,
      "median": -12.0,
      "q1": -221.75,
      "q3": 20.0,
      "max": 80
    }
  }
}