{
  "cities": [
    {
      "number_of_city": 0,
      "x": 0,
      "y": 0
    },
    {
      "number_of_city": 1,
      "x": 604,
      "y": 837
    },
    {
      "number_of_city": 2,
      "x": -662,
      "y": 820
    },
    {
      "number_of_city": 3,
      "x": -751,
      "y": -165
    }
  ],
  "distance_matrix": {
    "0": {
      "3": 768.9122186569804
    },
    "1": {
      "3": 1685.238558780329
    },
    "2": {
      "3": 989.0126389485627
    },
    "3": {
      "3": 0.0
    }
  },
  "stats": {
    "x": {
      "min": -751,
      "avg": -202.25,
      "stdev": 633.361600246389,
      "median": -331.0,
      "q1": -684.25,
      "q3": 151.0,
      "max": 604
    },
    "y": {
      "min": -165,
      "avg": 373.0,
      "stdev": 530.3074579901738,
      "median": 410.0,
      "q1": -41.25,
      "q3": 824.25,
      "max": 837
    }
  }
}