{"cities": [{"number_of_city": 0, "x": 0, "y": 0}, {"number_of_city": 1, "x": 967, "y": -701}, {"number_of_city": 2, "x": -879, "y": -5}, {"number_of_city": 3, "x": 503, "y": -513}], "distance_matrix": {"0": {"3": 718.45528740486}, "1": {"3": 500.6395909234506}, "2": {"3": 1472.4089105951512}, "3": {"3": 0.0}}, "stats": {"x": {"min": -879, "avg": 147.75, "stdev": 790.2359879597149, "median": 251.5, "q1": -219.75, "q3": 619.0, "max": 967}, "y": {"min": -701, "avg": -304.75, "stdev": 357.353583070512, "median": -259.0, "q1": -560.0, "q3": -3.75, "max": 0}}}