{"cities": [{"number_of_city": 0, "x": 0, "y": 0}, {"number_of_city": 1, "x": 872, "y": -964}, {"number_of_city": 2, "x": -543, "y": 839}, {"number_of_city": 3, "x": 825, "y": -726}], "distance_matrix": {"0": {"3": 1098.954503152883}, "1": {"3": 242.5963726027246}, "2": {"3": 2078.617088354659}, "3": {"3": 0.0}}, "stats": {"x": {"min": -543, "avg": 288.5, "stdev": 683.844280520061, "median": 412.5, "q1": -135.75, "q3": 836.75, "max": 872}, "y": {"min": -964, "avg": -212.75, "stdev": 812.2484738879682, "median": -363.0, "q1": -785.5, "q3": 209.75, "max": 839}}}