{
  "cities": [
    {
      "number_of_city": 0,
      "x": 0,
      "y": 0
    },
    {
      "number_of_city": 1,
      "x": -867,
      "y": -821
    },
    {
      "number_of_city": 2,
      "x": 871,
      "y": 269
    },
    {
      "number_of_city": 3,
      "x": 425,
      "y": -347
    }
  ],
  "distance_matrix": {
    "0": {
      "3": 548.6656541100418
    },
    "1": {
      "3": 1376.2049266006861
    },
    "2": {
      "3": 760.5077251415662
    },
    "3": {
      "3": 0.0
    }
  },
  "stats": {
    "x": {
      "min": -867,
      "avg": 107.25,
      "stdev": 740.4828942431193,
      "median": 212.5,
      "q1": -216.75,
      "q3": 536.5,
      "max": 871
    },
    "y": {
      "min": -821,
      "avg": -224.75,
      "stdev": 470.7301951932409,
      "median": -173.5,
      "q1": -465.5,
      "q3": 67.25,
      "max": 269
    }
  }
}