{"cities": [{"number_of_city": 0, "x": 0, "y": 0}, {"number_of_city": 1, "x": -810, "y": -376}, {"number_of_city": 2, "x": -235, "y": 515}, {"number_of_city": 3, "x": 401, "y": -653}], "distance_matrix": {"0": {"3": 766.2962873458281}, "1": {"3": 1242.276136774751}, "2": {"3": 1329.9323291055075}, "3": {"3": 0.0}}, "stats": {"x": {"min": -810, "avg": -161.0, "stdev": 506.110001218444, "median": -117.5, "q1": -378.75, "q3": 100.25, "max": 401}, "y": {"min": -653, "avg": -128.5, "stdev": 505.62205911794103, "median": -188.0, "q1": -445.25, "q3": 128.75, "max": 515}}}