{
  "cities": [
    {
      "number_of_city": 0,
      "x": 0,
      "y": 0
    },
    {
      "number_of_city": 1,
      "x": 570,
      "y": 190
    },
    {
      "number_of_city": 2,
      "x": 223,
      "y": 272
    },
    {
      "number_of_city": 3,
      "x": -745,
      "y": -210
    }
  ],
  "distance_matrix": {
    "0": {
      "3": 774.0316530995357
    },
    "1": {
      "3": 1374.4908148110703
    },
    "2": {
      "3": 1081.3639535327595
    },
    "3": {
      "3": 0.0
    }
  },
  "stats": {
    "x": {
      "min": -745,
      "avg": 12.0,
      "stdev": 556.500374363456,
      "median": 111.5,
      "q1": -186.25,
      "q3": 309.75,
      "max": 570
    },
    "y": {
      "min": -210,
      "avg": 63.0,
      "stdev": 214.71531539847516,
      "median": 95.0,
      "q1": -52.5,
      "q3": 210.5,
      "max": 272
    }
  }
}