{
  "cities": [
    {
      "number_of_city": 0,
      "x": 0,
      "y": 0
    },
    {
      "number_of_city": 1,
      "x": -590,
      "y": 965
    },
    {
      "number_of_city": 2,
      "x": -277,
      "y": 105
    },
    {
      "number_of_city": 3,
      "x": 496,
      "y": 13
    }
  ],
  "distance_matrix": {
    "0": {
      "3": 496.17033365569125
    },
    "1": {
      "3": 1444.195277654653
    },
    "2": {
      "3": 778.4555221719479
    },
    "3": {
      "3": 0.0
    }
  },
  "stats": {
    "x": {
      "min": -590,
      "avg": -92.75,
      "stdev": 460.59191988860016,
      "median": -138.5,
      "q1": -355.25,
      "q3": 124.0,
      "max": 496
    },
    "y": {
      "min": 0,
      "avg": 270.75,
      "stdev": 465.18696957961606,
      "median": 59.0,
      "q1": 9.75,
      "q3": 320.0,
      "max": 965
    }
  }
}