{
  "cities": [
    {
      "number_of_city": 0,
      "x": 0,
      "y": 0
    },
    {
      "number_of_city": 1,
      "x": 141,
      "y": -289
    },
    {
      "number_of_city": 2,
      "x": 425,
      "y": 970
    },
    {
      "number_of_city": 3,
      "x": -911,
      "y": 535
    }
  ],
  "distance_matrix": {
    "0": {
      "3": 1056.4781114627979
    },
    "1": {
      "3": 1336.2933809609326
    },
    "2": {
      "3": 1405.034163285719
    },
    "3": {
      "3": 0.0
    }
  },
  "stats": {
    "x": {
      "min": -911,
      "avg": -86.25,
      "stdev": 577.5438655779028,
      "median": 70.5,
      "q1": -227.75,
      "q3": 212.0,
      "max": 425
    },
    "y": {
      "min": -289,
      "avg": 304.0,
      "stdev": 560.0541640472524,
      "median": 267.5,
      "q1": -72.25,
      "q3": 643.75,
      "max": 970
    }
  }
}