{
  "cities": [
    {
      "number_of_city": 0,
      "x": 0,
      "y": 0
    },
    {
      "number_of_city": 1,
      "x": 984,
      "y": -86
    },
    {
      "number_of_city": 2,
      "x": 55,
      "y": -452
    },
    {
      "number_of_city": 3,
      "x": 991,
      "y": 39
    }
  ],
  "distance_matrix": {
    "0": {
      "3": 991.767109759141
    },
    "1": {
      "3": 125.19584657647394
    },
    "2": {
      "3": 1056.965940794688
    },
    "3": {
      "3": 0.0
    }
  },
  "stats": {
    "x": {
      "min": 0,
      "avg": 507.5,
      "stdev": 554.7182468004215,
      "median": 519.5,
      "q1": 41.25,
      "q3": 985.75,
      "max": 991
    },
    "y": {
      "min": -452,
      "avg": -124.75,
      "stdev": 224.32918520186652,
      "median": -43.0,
      "q1": -177.5,
      "q3": 9.75,
      "max": 39
    }
  }
}