{"cities": [{"number_of_city": 0, "x": 0, "y": 0}, {"number_of_city": 1, "x": 404, "y": 188}, {"number_of_city": 2, "x": 208, "y": 794}, {"number_of_city": 3, "x": -6, "y": -956}], "distance_matrix": {"0": {"3": 956.018828266473}, "1": {"3": 1215.2514143172186}, "2": {"3": 1763.0360177829607}, "3": {"3": 0.0}}, "stats": {"x": {"min": -6, "avg": 151.5, "stdev": 195.53942483976644, "median": 104.0, "q1": -1.5, "q3": 257.0, "max": 404}, "y": {"min": -956, "avg": 6.5, "stdev": 725.6139928823496, "median": 94.0, "q1": -239.0, "q3": 339.5, "max": 794}}}