{"cities": [{"number_of_city": 0, "x": 0, "y": 0}, {"number_of_city": 1, "x": -806, "y": -888}, {"number_of_city": 2, "x": 306, "y": -378}, {"number_of_city": 3, "x": -613, "y": 636}], "distance_matrix": {"0": {"3": 883.3261005993201}, "1": {"3": 1536.1721908692398}, "2": {"3": 1368.4871208747272}, "3": {"3": 0.0}}, "stats": {"x": {"min": -806, "avg": -278.25, "stdev": 519.406311731641, "median": -306.5, "q1": -661.25, "q3": 76.5, "max": 306}, "y": {"min": -888, "avg": -157.5, "stdev": 642.0537360688745, "median": -189.0, "q1": -505.5, "q3": 159.0, "max": 636}}}