{"cities": [{"number_of_city": 0, "x": 0, "y": 0}, {"number_of_city": 1, "x": 762, "y": -430}, {"number_of_city": 2, "x": -387, "y": 507}, {"number_of_city": 3, "x": 337, "y": -607}], "distance_matrix": {"0": {"3": 694.275161589409}, "1": {"3": 460.3846218109376}, "2": {"3": 1328.5977570355897}, "3": {"3": 0.0}}, "stats": {"x": {"min": -387, "avg": 178.0, "stdev": 488.96012107328346, "median": 168.5, "q1": -96.75, "q3": 443.25, "max": 762}, "y": {"min": -607, "avg": -132.5, "stdev": 496.71353246447126, "median": -215.0, "q1": -474.25, "q3": 126.75, "max": 507}}}