{
  "cities": [
    {
      "number_of_city": 0,
      "x": 0,
      "y": 0
    },
    {
      "number_of_city": 1,
      "x": -777,
      "y": 682
    },
    {
      "number_of_city": 2,
      "x": 403,
      "y": 841
    },
    {
      "number_of_city": 3,
      "x": 746,
      "y": 619
    }
  ],
  "distance_matrix": {
    "0": {
      "3": 969.369382640075
    },
    "1": {
      "3": 1524.3024634238443
    },
    "2": {
      "3": 408.5743506389015
    },
    "3": {
      "3": 0.0
    }
  },
  "stats": {
    "x": {
      "min": -777,
      "avg": 93.0,
      "stdev": 655.2500794861963,
      "median": 201.5,
      "q1": -194.25,
      "q3": 488.75,
      "max": 746
    },
    "y": {
      "min": 0,
      "avg": 535.5,
      "stdev": 369.01896970210083,
      "median": 650.5,
      "q1": 464.25,
      "q3": 721.75,
      "max": 841
    }
  }
}