{
  "cities": [
    {
      "number_of_city": 0,
      "x": 0,
      "y": 0
    },
    {
      "number_of_city": 1,
      "x": 7,
      "y": 155
    },
    {
      "number_of_city": 2,
      "x": 330,
      "y": -117
    },
    {
      "number_of_city": 3,
      "x": 682,
      "y": 15
    }
  ],
  "distance_matrix": {
    "0": {
      "3": 682.1649360675174
    },
    "1": {
      "3": 689.3656504352389
    },
    "2": {
      "3": 375.9361647939714
    },
    "3": {
      "3": 0.0
    }
  },
  "stats": {
    "x": {
      "min": 0,
      "avg": 254.75,
      "stdev": 323.77088092250256,
      "median": 168.5,
      "q1": 5.25,
      "q3": 418.0,
      "max": 682
    },
    "y": {
      "min": -117,
      "avg": 13.25,
      "stdev": 111.41027780236436,
      "median": 7.5,
      "q1": -29.25,
      "q3": 50.0,
      "max": 155
    }
  }
}