{"cities": [{"number_of_city": 0, "x": 0, "y": 0}, {"number_of_city": 1, "x": 350, "y": 355}, {"number_of_city": 2, "x": 611, "y": -12}, {"number_of_city": 3, "x": 63, "y": -638}], "distance_matrix": {"0": {"3": 641.1029558503064}, "1": {"3": 1033.6430718579795}, "2": {"3": 831.9735572721047}, "3": {"3": 0.0}}, "stats": {"x": {"min": 0, "avg": 256.0, "stdev": 281.45218658474363, "median": 206.5, "q1": 47.25, "q3": 415.25, "max": 611}, "y": {"min": -638, "avg": -73.75, "stdev": 412.89899894929914, "median": -6.0, "q1": -168.5, "q3": 88.75, "max": 355}}}