{
  "cities": [
    {
      "number_of_city": 0,
      "x": 0,
      "y": 0
    },
    {
      "number_of_city": 1,
      "x": -574,
      "y": -387
    },
    {
      "number_of_city": 2,
      "x": -914,
      "y": -987
    },
    {
      "number_of_city": 3,
      "x": 560,
      "y": 491
    }
  ],
  "distance_matrix": {
    "0": {
      "3": 744.7690917324644
    },
    "1": {
      "3": 1434.1687487879522
    },
    "2": {
      "3": 2087.3811343403486
    },
    "3": {
      "3": 0.0
    }
  },
  "stats": {
    "x": {
      "min": -914,
      "avg": -232.0,
      "stdev": 648.8903348537923,
      "median": -287.0,
      "q1": -659.0,
      "q3": 140.0,
      "max": 560
    },
    "y": {
      "min": -987,
      "avg": -220.75,
      "stdev": 624.5256199708704,
      "median": -193.5,
      "q1": -537.0,
      "q3": 122.75,
      "max": 491
    }
  }
}