{
  "cities": [
    {
      "number_of_city": 0,
      "x": 0,
      "y": 0
    },
    {
      "number_of_city": 1,
      "x": 56,
      "y": -570
    },
    {
      "number_of_city": 2,
      "x": 953,
      "y": -820
    },
    {
      "number_of_city": 3,
      "x": -671,
      "y": 946
    }
  ],
  "distance_matrix": {
    "0": {
      "3": 1159.8090360054969
    },
    "1": {
      "3": 1681.3045530182806
    },
    "2": {
      "3": 2399.194031336357
    },
    "3": {
      "3": 0.0
    }
  },
  "stats": {
    "x": {
      "min": -671,
      "avg": 84.5,
      "stdev": 666.5895788764378,
      "median": 28.0,
      "q1": -167.75,
      "q3": 280.25,
      "max": 953
    },
    "y": {
      "min": -820,
      "avg": -111.0,
      "stdev": 783.7797309618734,
      "median": -285.0,
      "q1": -632.5,
      "q3": 236.5,
      "max": 946
    }
  }
}