{
  "cities": [
    {
      "number_of_city": 0,
      "x": 0,
      "y": 0
    },
    {
      "number_of_city": 1,
      "x": 646,
      "y": 904
    },
    {
      "number_of_city": 2,
      "x": 555,
      "y": 510
    },
    {
      "number_of_city": 3,
      "x": 421,
      "y": 197
    }
  ],
  "distance_matrix": {
    "0": {
      "3": 464.81178986768396
    },
    "1": {
      "3": 741.9393506210598
    },
    "2": {
      "3": 340.4776057246644
    },
    "3": {
      "3": 0.0
    }
  },
  "stats": {
    "x": {
      "min": 0,
      "avg": 405.5,
      "stdev": 285.6927253769919,
      "median": 488.0,
      "q1": 315.75,
      "q3": 577.75,
      "max": 646
    },
    "y": {
      "min": 0,
      "avg": 402.75,
      "stdev": 394.6706432795156,
      "median": 353.5,
      "q1": 147.75,
      "q3": 608.5,
      "max": 904
    }
  }
}