{
  "cities": [
    {
      "number_of_city": 0,
      "x": 0,
      "y": 0
    },
    {
      "number_of_city": 1,
      "x": -23,
      "y": -38
    },
    {
      "number_of_city": 2,
      "x": 110,
      "y": 235
    },
    {
      "number_of_city": 3,
      "x": 720,
      "y": -613
    }
  ],
  "distance_matrix": {
    "0": {
      "3": 945.6050972789857
    },
    "1": {
      "3": 939.5073176936942
    },
    "2": {
      "3": 1044.6071031732456
    },
    "3": {
      "3": 0.0
    }
  },
  "stats": {
    "x": {
      "min": -23,
      "avg": 201.75,
      "stdev": 350.34114326848146,
      "median": 55.0,
      "q1": -5.75,
      "q3": 262.5,
      "max": 720
    },
    "y": {
      "min": -613,
      "avg": -104.0,
      "stdev": 360.1731065288838,
      "median": -19.0,
      "q1": -181.75,
      "q3": 58.75,
      "max": 235
    }
  }
}