{
  "cities": [
    {
      "number_of_city": 0,
      "x": 0,
      "y": 0
    },
    {
      "number_of_city": 1,
      "x": -885,
      "y": 130
    },
    {
      "number_of_city": 2,
      "x": -798,
      "y": 402
    },
    {
      "number_of_city": 3,
      "x": -808,
      "y": -817
    }
  ],
  "distance_matrix": {
    "0": {
      "3": 1149.0661425696956
    },
    "1": {
      "3": 950.1252549006367
    },
    "2": {
      "3": 1219.0410165371795
    },
    "3": {
      "3": 0.0
    }
  },
  "stats": {
    "x": {
      "min": -885,
      "avg": -622.75,
      "stdev": 416.982313773618,
      "median": -803.0,
      "q1": -827.25,
      "q3": -598.5,
      "max": 0
    },
    "y": {
      "min": -817,
      "avg": -71.25,
      "stdev": 524.62264215974,
      "median": 65.0,
      "q1": -204.25,
      "q3": 198.0,
      "max": 402
    }
  }
}