{"cities": [{"number_of_city": 0, "x": 0, "y": 0}, {"number_of_city": 1, "x": -336, "y": 327}, {"number_of_city": 2, "x": 843, "y": 22}, {"number_of_city": 3, "x": -644, "y": -564}], "distance_matrix": {"0": {"3": 856.0560729298052}, "1": {"3": 942.7327298868964}, "2": {"3": 1598.3006600761948}, "3": {"3": 0.0}}, "stats": {"x": {"min": -644, "avg": -34.25, "stdev": 641.2458576864259, "median": -168.0, "q1": -413.0, "q3": 210.75, "max": 843}, "y": {"min": -564, "avg": -53.75, "stdev": 371.46231302784946, "median": 11.0, "q1": -141.0, "q3": 98.25, "max": 327}}}