{"cities": [{"number_of_city": 0, "x": 0, "y": 0}, {"number_of_city": 1, "x": 463, "y": -304}, {"number_of_city": 2, "x": -378, "y": 994}, {"number_of_city": 3, "x": 96, "y": -603}], "distance_matrix": {"0": {"3": 610.5939731114286}, "1": {"3": 473.38145295311267}, "2": {"3": 1665.8586374599736}, "3": {"3": 0.0}}, "stats": {"x": {"min": -378, "avg": 45.25, "stdev": 345.5810324656143, "median": 48.0, "q1": -94.5, "q3": 187.75, "max": 463}, "y": {"min": -603, "avg": 21.75, "stdev": 693.3418469028584, "median": -152.0, "q1": -378.75, "q3": 248.5, "max": 994}}}