{
  "cities": [
    {
      "number_of_city": 0,
      "x": 0,
      "y": 0
    },
    {
      "number_of_city": 1,
      "x": -967,
      "y": 267
    },
    {
      "number_of_city": 2,
      "x": -659,
      "y": 777
    },
    {
      "number_of_city": 3,
      "x": 609,
      "y": -145
    }
  ],
  "distance_matrix": {
    "0": {
      "3": 626.0239612027642
    },
    "1": {
      "3": 1628.9628602273287
    },
    "2": {
      "3": 1567.7716670484895
    },
    "3": {
      "3": 0.0
    }
  },
  "stats": {
    "x": {
      "min": -967,
      "avg": -254.25,
      "stdev": 702.7751537061243,
      "median": -329.5,
      "q1": -736.0,
      "q3": 152.25,
      "max": 609
    },
    "y": {
      "min": -145,
      "avg": 224.75,
      "stdev": 405.78843009627565,
      "median": 133.5,
      "q1": -36.25,
      "q3": 394.5,
      "max": 777
    }
  }
}