{
  "cities": [
    {
      "number_of_city": 0,
      "x": 0,
      "y": 0
    },
    {
      "number_of_city": 1,
      "x": 453,
      "y": -447
    },
    {
      "number_of_city": 2,
      "x": -624,
      "y": -276
    },
    {
      "number_of_city": 3,
      "x": 340,
      "y": -871
    }
  ],
  "distance_matrix": {
    "0": {
      "3": 935.0085561105844
    },
    "1": {
      "3": 438.79949863234805
    },
    "2": {
      "3": 1132.8375876532346
    },
    "3": {
      "3": 0.0
    }
  },
  "stats": {
    "x": {
      "min": -624,
      "avg": 42.25,
      "stdev": 484.09529020638075,
      "median": 170.0,
      "q1": -156.0,
      "q3": 368.25,
      "max": 453
    },
    "y": {
      "min": -871,
      "avg": -398.5,
      "stdev": 364.88217276266045,
      "median": -361.5,
      "q1": -553.0,
      "q3": -207.0,
      "max": 0
    }
  }
}