{
  "cities": [
    {
      "number_of_city": 0,
      "x": 0,
      "y": 0
    },
    {
      "number_of_city": 1,
      "x": -841,
      "y": -168
    },
    {
      "number_of_city": 2,
      "x": 791,
      "y": -737
    },
    {
      "number_of_city": 3,
      "x": -777,
      "y": -138
    }
  ],
  "distance_matrix": {
    "0": {
      "3": 789.1596796593196
    },
    "1": {
      "3": 70.68238818828917
    },
    "2": {
      "3": 1678.5186921806978
    },
    "3": {
      "3": 0.0
    }
  },
  "stats": {
    "x": {
      "min": -841,
      "avg": -206.75,
      "stdev": 767.1828878001212,
      "median": -388.5,
      "q1": -793.0,
      "q3": 197.75,
      "max": 791
    },
    "y": {
      "min": -737,
      "avg": -260.75,
      "stdev": 325.81935178868673,
      "median": -153.0,
      "q1": -310.25,
      "q3": -103.5,
      "max": 0
    }
  }
}