{
  "cities": [
    {
      "number_of_city": 0,
      "x": 0,
      "y": 0
    },
    {
      "number_of_city": 1,
      "x": -741,
      "y": -445
    },
    {
      "number_of_city": 2,
      "x": 617,
      "y": -724
    },
    {
      "number_of_city": 3,
      "x": -32,
      "y": -951
    }
  ],
  "distance_matrix": {
    "0": {
      "3": 951.5382283439799
    },
    "1": {
      "3": 871.0436269211779
    },
    "2": {
      "3": 687.5536342715382
    },
    "3": {
      "3": 0.0
    }
  },
  "stats": {
    "x": {
      "min": -741,
      "avg": -39.0,
      "stdev": 555.1906579425366,
      "median": -16.0,
      "q1": -209.25,
      "q3": 154.25,
      "max": 617
    },
    "y": {
      "min": -951,
      "avg": -530.0,
      "stdev": 409.47201776596813,
      "median": -584.5,
      "q1": -780.75,
      "q3": -333.75,
      "max": 0
    }
  }
}