{"cities": [{"number_of_city": 0, "x": 0, "y": 0}, {"number_of_city": 1, "x": -603, "y": 538}, {"number_of_city": 2, "x": 478, "y": 480}, {"number_of_city": 3, "x": 182, "y": 976}], "distance_matrix": {"0": {"3": 992.8242543370906}, "1": {"3": 898.9265820966693}, "2": {"3": 577.6088641979103}, "3": {"3": 0.0}}, "stats": {"x": {"min": -603, "avg": 14.25, "stdev": 456.21805824262003, "median": 91.0, "q1": -150.75, "q3": 256.0, "max": 478}, "y": {"min": 0, "avg": 498.5, "stdev": 399.33736781490074, "median": 509.0, "q1": 360.0, "q3": 647.5, "max": 976}}}