{"cities": [{"number_of_city": 0, "x": 0, "y": 0}, {"number_of_city": 1, "x": 1000, "y": -320}, {"number_of_city": 2, "x": 651, "y": -635}, {"number_of_city": 3, "x": 766, "y": 372}], "distance_matrix": {"0": {"3": 851.5515251586365}, "1": {"3": 730.4929842236679}, "2": {"3": 1013.545262926131}, "3": {"3": 0.0}}, "stats": {"x": {"min": 0, "avg": 604.25, "stdev": 428.2074069108723, "median": 708.5, "q1": 488.25, "q3": 824.5, "max": 1000}, "y": {"min": -635, "avg": -145.75, "stdev": 431.67763821320807, "median": -160.0, "q1": -398.75, "q3": 93.0, "max": 372}}}