{"cities": [{"number_of_city": 0, "x": 0, "y": 0}, {"number_of_city": 1, "x": 850, "y": 952}, {"number_of_city": 2, "x": -824, "y": 149}, {"number_of_city": 3, "x": 398, "y": -104}], "distance_matrix": {"0": {"3": 411.3635861376162}, "1": {"3": 1148.6687947358892}, "2": {"3": 1247.9154618803311}, "3": {"3": 0.0}}, "stats": {"x": {"min": -824, "avg": 106.0, "stdev": 710.6185099381149, "median": 199.0, "q1": -206.0, "q3": 511.0, "max": 850}, "y": {"min": -104, "avg": 249.25, "stdev": 479.86760326851265, "median": 74.5, "q1": -26.0, "q3": 349.75, "max": 952}}}