{
  "cities": [
    {
      "number_of_city": 0,
      "x": 0,
      "y": 0
    },
    {
      "number_of_city": 1,
      "x": -219,
      "y": 332
    },
    {
      "number_of_city": 2,
      "x": 612,
      "y": 410
    },
    {
      "number_of_city": 3,
      "x": -194,
      "y": -87
    }
  ],
  "distance_matrix": {
    "0": {
      "3": 212.61467494037188
    },
    "1": {
      "3": 419.74516078211076
    },
    "2": {
      "3": 946.9134068118373
    },
    "3": {
      "3": 0.0
    }
  },
  "stats": {
    "x": {
      "min": -219,
      "avg": 49.75,
      "stdev": 387.40192307214994,
      "median": -97.0,
      "q1": -200.25,
      "q3": 153.0,
      "max": 612
    },
    "y": {
      "min": -87,
      "avg": 163.75,
      "stdev": 244.0196371879389,
      "median": 166.0,
      "q1": -21.75,
      "q3": 351.5,
      "max": 410
    }
  }
}