{
  "cities": [
    {
      "number_of_city": 0,
      "x": 0,
      "y": 0
    },
    {
      "number_of_city": 1,
      "x": 842,
      "y": 350
    },
    {
      "number_of_city": 2,
      "x": 642,
      "y": -936
    },
    {
      "number_of_city": 3,
      "x": -213,
      "y": 231
    }
  ],
  "distance_matrix": {
    "0": {
      "3": 314.21330334662787
    },
    "1": {
      "3": 1061.6901619587516
    },
    "2": {
      "3": 1446.6907064054847
    },
    "3": {
      "3": 0.0
    }
  },
  "stats": {
    "x": {
      "min": -213,
      "avg": 317.75,
      "stdev": 504.19465487051724,
      "median": 321.0,
      "q1": -53.25,
      "q3": 692.0,
      "max": 842
    },
    "y": {
      "min": -936,
      "avg": -88.75,
      "stdev": 583.2240135659711,
      "median": 115.5,
      "q1": -234.0,
      "q3": 260.75,
      "max": 350
    }
  }
}