{
  "cities": [
    {
      "number_of_city": 0,
      "x": 0,
      "y": 0
    },
    {
      "number_of_city": 1,
      "x": -76,
      "y": 249
    },
    {
      "number_of_city": 2,
      "x": -269,
      "y": 213
    },
    {
      "number_of_city": 3,
      "x": -449,
      "y": 217
    }
  ],
  "distance_matrix": {
    "0": {
      "3": 498.68827938903877
    },
    "1": {
      "3": 374.370137697974
    },
    "2": {
      "3": 180.0444389588304
    },
    "3": {
      "3": 0.0
    }
  },
  "stats": {
    "x": {
      "min": -449,
      "avg": -198.5,
      "stdev": 201.76636653978449,
      "median": -172.5,
      "q1": -314.0,
      "q3": -57.0,
      "max": 0
    },
    "y": {
      "min": 0,
      "avg": 169.75,
      "stdev": 114.30769877834126,
      "median": 215.0,
      "q1": 159.75,
      "q3": 225.0,
      "max": 249
    }
  }
}