{"cities": [{"number_of_city": 0, "x": 0, "y": 0}, {"number_of_city": 1, "x": -891, "y": -923}, {"number_of_city": 2, "x": -346, "y": -172}, {"number_of_city": 3, "x": -39, "y": -586}], "distance_matrix": {"0": {"3": 587.296347681475}, "1": {"3": 916.2275918133005}, "2": {"3": 515.4076056869941}, "3": {"3": 0.0}}, "stats": {"x": {"min": -891, "avg": -319.0, "stdev": 411.5312867814548, "median": -192.5, "q1": -482.25, "q3": -29.25, "max": 0}, "y": {"min": -923, "avg": -420.25, "stdev": 415.71975736867097, "median": -379.0, "q1": -670.25, "q3": -129.0, "max": 0}}}