{"cities": [{"number_of_city": 0, "x": 0, "y": 0}, {"number_of_city": 1, "x": 231, "y": 294}, {"number_of_city": 2, "x": -715, "y": 918}, {"number_of_city": 3, "x": -672, "y": -130}], "distance_matrix": {"0": {"3": 684.4589103810396}, "1": {"3": 997.5895949738049}, "2": {"3": 1048.8817855220864}, "3": {"3": 0.0}}, "stats": {"x": {"min": -715, "avg": -289.0, "stdev": 476.82491545639687, "median": -336.0, "q1": -682.75, "q3": 57.75, "max": 231}, "y": {"min": -130, "avg": 270.5, "stdev": 466.68297590548553, "median": 147.0, "q1": -32.5, "q3": 450.0, "max": 918}}}