{
  "cities": [
    {
      "number_of_city": 0,
      "x": 0,
      "y": 0
    },
    {
      "number_of_city": 1,
      "x": -991,
      "y": 652
    },
    {
      "number_of_city": 2,
      "x": 708,
      "y": -315
    },
    {
      "number_of_city": 3,
      "x": 4,
      "y": 349
    }
  ],
  "distance_matrix": {
    "0": {
      "3": 349.02292188336287
    },
    "1": {
      "3": 1040.1124939159226
    },
    "2": {
      "3": 967.7355010538779
    },
    "3": {
      "3": 0.0
    }
  },
  "stats": {
    "x": {
      "min": -991,
      "avg": -69.75,
      "stdev": 698.546288134628,
      "median": 2.0,
      "q1": -247.75,
      "q3": 180.0,
      "max": 708
    },
    "y": {
      "min": -315,
      "avg": 171.5,
      "stdev": 419.7145855618236,
      "median": 174.5,
      "q1": -78.75,
      "q3": 424.75,
      "max": 652
    }
  }
}