{
  "cities": [
    {
      "number_of_city": 0,
      "x": 0,
      "y": 0
    },
    {
      "number_of_city": 1,
      "x": 569,
      "y": -983
    },
    {
      "number_of_city": 2,
      "x": -820,
      "y": 904
    },
    {
      "number_of_city": 3,
      "x": -889,
      "y": 496
    }
  ],
  "distance_matrix": {
    "0": {
      "3": 1018.0063850487383
    },
    "1": {
      "3": 2076.825702845571
    },
    "2": {
      "3": 413.7934267240116
    },
    "3": {
      "3": 0.0
    }
  },
  "stats": {
    "x": {
      "min": -889,
      "avg": -285.0,
      "stdev": 697.99283663946,
      "median": -410.0,
      "q1": -837.25,
      "q3": 142.25,
      "max": 569
    },
    "y": {
      "min": -983,
      "avg": 104.25,
      "stdev": 813.6438102757251,
      "median": 248.0,
      "q1": -245.75,
      "q3": 598.0,
      "max": 904
    }
  }
}