{
  "cities": [
    {
      "number_of_city": 0,
      "x": 0,
      "y": 0
    },
    {
      "number_of_city": 1,
      "x": -199,
      "y": -87
    },
    {
      "number_of_city": 2,
      "x": -629,
      "y": 462
    },
    {
      "number_of_city": 3,
      "x": -897,
      "y": -600
    }
  ],
  "distance_matrix": {
    "0": {
      "3": 1079.1705147936539
    },
    "1": {
      "3": 866.2407286661139
    },
    "2": {
      "3": 1095.2935679533593
    },
    "3": {
      "3": 0.0
    }
  },
  "stats": {
    "x": {
      "min": -897,
      "avg": -431.25,
      "stdev": 406.5893710694694,
      "median": -414.0,
      "q1": -696.0,
      "q3": -149.25,
      "max": 0
    },
    "y": {
      "min": -600,
      "avg": -56.25,
      "stdev": 435.2611285194211,
      "median": -43.5,
      "q1": -215.25,
      "q3": 115.5,
      "max": 462
    }
  }
}