{
  "cities": [
    {
      "number_of_city": 0,
      "x": 0,
      "y": 0
    },
    {
      "number_of_city": 1,
      "x": -826,
      "y": 895
    },
    {
      "number_of_city": 2,
      "x": -544,
      "y": 467
    },
    {
      "number_of_city": 3,
      "x": 209,
      "y": -360
    }
  ],
  "distance_matrix": {
    "0": {
      "3": 416.2703448481527
    },
    "1": {
      "3": 1626.7298484997439
    },
    "2": {
      "3": 1118.4533964363468
    },
    "3": {
      "3": 0.0
    }
  },
  "stats": {
    "x": {
      "min": -826,
      "avg": -290.25,
      "stdev": 477.8119399931316,
      "median": -272.0,
      "q1": -614.5,
      "q3": 52.25,
      "max": 209
    },
    "y": {
      "min": -360,
      "avg": 250.5,
      "stdev": 547.0262029068322,
      "median": 233.5,
      "q1": -90.0,
      "q3": 574.0,
      "max": 895
    }
  }
}