{
  "cities": [
    {
      "number_of_city": 0,
      "x": 0,
      "y": 0
    },
    {
      "number_of_city": 1,
      "x": 874,
      "y": 472
    },
    {
      "number_of_city": 2,
      "x": 673,
      "y": -298
    },
    {
      "number_of_city": 3,
      "x": 947,
      "y": -575
    }
  ],
  "distance_matrix": {
    "0": {
      "3": 1107.8962045245935
    },
    "1": {
      "3": 1049.5418047891185
    },
    "2": {
      "3": 389.62161131025573
    },
    "3": {
      "3": 0.0
    }
  },
  "stats": {
    "x": {
      "min": 0,
      "avg": 623.5,
      "stdev": 431.51091141090126,
      "median": 773.5,
      "q1": 504.75,
      "q3": 892.25,
      "max": 947
    },
    "y": {
      "min": -575,
      "avg": -100.25,
      "stdev": 447.96307511520035,
      "median": -149.0,
      "q1": -367.25,
      "q3": 118.0,
      "max": 472
    }
  }
}