{"cities": [{"number_of_city": 0, "x": 0, "y": 0}, {"number_of_city": 1, "x": -921, "y": -731}, {"number_of_city": 2, "x": -450, "y": -256}, {"number_of_city": 3, "x": -536, "y": 464}], "distance_matrix": {"0": {"3": 708.9372327646503}, "1": {"3": 1255.487952948972}, "2": {"3": 725.1179214445054}, "3": {"3": 0.0}}, "stats": {"x": {"min": -921, "avg": -476.75, "stdev": 378.09820152970843, "median": -493.0, "q1": -632.25, "q3": -337.5, "max": 0}, "y": {"min": -731, "avg": -130.75, "stdev": 498.9357841112087, "median": -128.0, "q1": -374.75, "q3": 116.0, "max": 464}}}