{
  "cities": [
    {
      "number_of_city": 0,
      "x": 0,
      "y": 0
    },
    {
      "number_of_city": 1,
      "x": 485,
      "y": 122
    },
    {
      "number_of_city": 2,
      "x": -743,
      "y": 544
    },
    {
      "number_of_city": 3,
      "x": 149,
      "y": 27
    }
  ],
  "distance_matrix": {
    "0": {
      "3": 151.42654985173505
    },
    "1": {
      "3": 349.1718774471965
    },
    "2": {
      "3": 1030.9961202642812
    },
    "3": {
      "3": 0.0
    }
  },
  "stats": {
    "x": {
      "min": -743,
      "avg": -27.25,
      "stdev": 518.4929282706436,
      "median": 74.5,
      "q1": -185.75,
      "q3": 233.0,
      "max": 485
    },
    "y": {
      "min": 0,
      "avg": 173.25,
      "stdev": 252.64385341160917,
      "median": 74.5,
      "q1": 20.25,
      "q3": 227.5,
      "max": 544
    }
  }
}