{
  "cities": [
    {
      "number_of_city": 0,
      "x": 0,
      "y": 0
    },
    {
      "number_of_city": 1,
      "x": -257,
      "y": 197
    },
    {
      "number_of_city": 2,
      "x": 852,
      "y": -985
    },
    {
      "number_of_city": 3,
      "x": -882,
      "y": 92
    }
  ],
  "distance_matrix": {
    "0": {
      "3": 886.785205108881
    },
    "1": {
      "3": 633.7586291325745
    },
    "2": {
      "3": 2041.2459430455704
    },
    "3": {
      "3": 0.0
    }
  },
  "stats": {
    "x": {
      "min": -882,
      "avg": -71.75,
      "stdev": 718.6294246689318,
      "median": -128.5,
      "q1": -413.25,
      "q3": 213.0,
      "max": 852
    },
    "y": {
      "min": -985,
      "avg": -174.0,
      "stdev": 546.6241853412635,
      "median": 46.0,
      "q1": -246.25,
      "q3": 118.25,
      "max": 197
    }
  }
}