{"cities": [{"number_of_city": 0, "x": 0, "y": 0}, {"number_of_city": 1, "x": 578, "y": -741}, {"number_of_city": 2, "x": -275, "y": -267}, {"number_of_city": 3, "x": -7, "y": -738}], "distance_matrix": {"0": {"3": 738.0331970853343}, "1": {"3": 585.007692257119}, "2": {"3": 541.9086638908811}, "3": {"3": 0.0}}, "stats": {"x": {"min": -275, "avg": 74.0, "stdev": 359.56177030750456, "median": -3.5, "q1": -74.0, "q3": 144.5, "max": 578}, "y": {"min": -741, "avg": -436.5, "stdev": 366.4628221252464, "median": -502.5, "q1": -738.75, "q3": -200.25, "max": 0}}}