{
  "cities": [
    {
      "number_of_city": 0,
      "x": 0,
      "y": 0
    },
    {
      "number_of_city": 1,
      "x": 871,
      "y": -201
    },
    {
      "number_of_city": 2,
      "x": 402,
      "y": -283
    },
    {
      "number_of_city": 3,
      "x": 339,
      "y": -660
    }
  ],
  "distance_matrix": {
    "0": {
      "3": 741.9710236929742
    },
    "1": {
      "3": 702.6414448351306
    },
    "2": {
      "3": 382.227680839575
    },
    "3": {
      "3": 0.0
    }
  },
  "stats": {
    "x": {
      "min": 0,
      "avg": 403.0,
      "stdev": 358.4829145161593,
      "median": 370.5,
      "q1": 254.25,
      "q3": 519.25,
      "max": 871
    },
    "y": {
      "min": -660,
      "avg": -286.0,
      "stdev": 276.2281665580105,
      "median": -242.0,
      "q1": -377.25,
      "q3": -150.75,
      "max": 0
    }
  }
}