{"cities": [{"number_of_city": 0, "x": 0, "y": 0}, {"number_of_city": 1, "x": -768, "y": -520}, {"number_of_city": 2, "x": 957, "y": -828}, {"number_of_city": 3, "x": 162, "y": -947}], "distance_matrix": {"0": {"3": 960.756472785898}, "1": {"3": 1023.3420737954635}, "2": {"3": 803.8569524486306}, "3": {"3": 0.0}}, "stats": {"x": {"min": -768, "avg": 87.75, "stdev": 707.3699527121576, "median": 81.0, "q1": -192.0, "q3": 360.75, "max": 957}, "y": {"min": -947, "avg": -573.75, "stdev": 422.70428986073307, "median": -674.0, "q1": -857.75, "q3": -390.0, "max": 0}}}