{"cities": [{"number_of_city": 0, "x": 0, "y": 0}, {"number_of_city": 1, "x": -513, "y": 296}, {"number_of_city": 2, "x": -461, "y": -446}, {"number_of_city": 3, "x": 117, "y": -514}], "distance_matrix": {"0": {"3": 527.1479868120526}, "1": {"3": 1026.157882589224}, "2": {"3": 581.9862541332054}, "3": {"3": 0.0}}, "stats": {"x": {"min": -513, "avg": -214.25, "stdev": 319.25264290213795, "median": -230.5, "q1": -474.0, "q3": 29.25, "max": 117}, "y": {"min": -514, "avg": -166.0, "stdev": 383.1901181746036, "median": -223.0, "q1": -463.0, "q3": 74.0, "max": 296}}}