{"cities": [{"number_of_city": 0, "x": 0, "y": 0}, {"number_of_city": 1, "x": 754, "y": 26}, {"number_of_city": 2, "x": -151, "y": -634}, {"number_of_city": 3, "x": 706, "y": 946}], "distance_matrix": {"0": {"3": 1180.4033209034953}, "1": {"3": 921.2513229298506}, "2": {"3": 1797.4562581604036}, "3": {"3": 0.0}}, "stats": {"x": {"min": -151, "avg": 327.25, "stdev": 469.53265772112877, "median": 353.0, "q1": -37.75, "q3": 718.0, "max": 754}, "y": {"min": -634, "avg": 84.5, "stdev": 650.3811702891364, "median": 13.0, "q1": -158.5, "q3": 256.0, "max": 946}}}