{
  "cities": [
    {
      "number_of_city": 0,
      "x": 0,
      "y": 0
    },
    {
      "number_of_city": 1,
      "x": 701,
      "y": 733
    },
    {
      "number_of_city": 2,
      "x": 283,
      "y": 10
    },
    {
      "number_of_city": 3,
      "x": -889,
      "y": 22
    }
  ],
  "distance_matrix": {
    "0": {
      "3": 889.2721743088558
    },
    "1": {
      "3": 1741.729313067906
    },
    "2": {
      "3": 1172.0614318370858
    },
    "3": {
      "3": 0.0
    }
  },
  "stats": {
    "x": {
      "min": -889,
      "avg": 23.75,
      "stdev": 673.1901044034046,
      "median": 141.5,
      "q1": -222.25,
      "q3": 387.5,
      "max": 701
    },
    "y": {
      "min": 0,
      "avg": 191.25,
      "stdev": 361.27863208332707,
      "median": 16.0,
      "q1": 7.5,
      "q3": 199.75,
      "max": 733
    }
  }
}