{"cities": [{"number_of_city": 0, "x": 0, "y": 0}, {"number_of_city": 1, "x": -750, "y": -640}, {"number_of_city": 2, "x": -486, "y": 465}, {"number_of_city": 3, "x": -113, "y": -913}], "distance_matrix": {"0": {"3": 919.9663037307399}, "1": {"3": 693.0353526336156}, "2": {"3": 1427.589927114926}, "3": {"3": 0.0}}, "stats": {"x": {"min": -750, "avg": -337.25, "stdev": 344.729241579533, "median": -299.5, "q1": -552.0, "q3": -84.75, "max": 0}, "y": {"min": -913, "avg": -272.0, "stdev": 622.7514217834699, "median": -320.0, "q1": -708.25, "q3": 116.25, "max": 465}}}