{
  "cities": [
    {
      "number_of_city": 0,
      "x": 0,
      "y": 0
    },
    {
      "number_of_city": 1,
      "x": -399,
      "y": 782
    },
    {
      "number_of_city": 2,
      "x": 441,
      "y": -212
    },
    {
      "number_of_city": 3,
      "x": -209,
      "y": 654
    }
  ],
  "distance_matrix": {
    "0": {
      "3": 686.5835710239504
    },
    "1": {
      "3": 229.09386722476881
    },
    "2": {
      "3": 1082.8000738825242
    },
    "3": {
      "3": 0.0
    }
  },
  "stats": {
    "x": {
      "min": -399,
      "avg": -41.75,
      "stdev": 360.73570657754414,
      "median": -104.5,
      "q1": -256.5,
      "q3": 110.25,
      "max": 441
    },
    "y": {
      "min": -212,
      "avg": 306.0,
      "stdev": 486.3606343719305,
      "median": 327.0,
      "q1": -53.0,
      "q3": 686.0,
      "max": 782
    }
  }
}