{
  "cities": [
    {
      "number_of_city": 0,
      "x": 0,
      "y": 0
    },
    {
      "number_of_city": 1,
      "x": -245,
      "y": -778
    },
    {
      "number_of_city": 2,
      "x": -751,
      "y": -123
    },
    {
      "number_of_city": 3,
      "x": -712,
      "y": -178
    }
  ],
  "distance_matrix": {
    "0": {
      "3": 733.9128013599436
    },
    "1": {
      "3": 760.3216424645559
    },
    "2": {
      "3": 67.42403132415029
    },
    "3": {
      "3": 0.0
    }
  },
  "stats": {
    "x": {
      "min": -751,
      "avg": -427.0,
      "stdev": 365.9025371142795,
      "median": -478.5,
      "q1": -721.75,
      "q3": -183.75,
      "max": 0
    },
    "y": {
      "min": -778,
      "avg": -269.75,
      "stdev": 346.9086094828627,
      "median": -150.5,
      "q1": -328.0,
      "q3": -92.25,
      "max": 0
    }
  }
}