{"cities": [{"number_of_city": 0, "x": 0, "y": 0}, {"number_of_city": 1, "x": -21, "y": 281}, {"number_of_city": 2, "x": 38, "y": -192}, {"number_of_city": 3, "x": -52, "y": 713}], "distance_matrix": {"0": {"3": 714.8936983915861}, "1": {"3": 433.110840316887}, "2": {"3": 909.4641279346866}, "3": {"3": 0.0}}, "stats": {"x": {"min": -52, "avg": -8.75, "stdev": 37.78337376854181, "median": -10.5, "q1": -28.75, "q3": 9.5, "max": 38}, "y": {"min": -192, "avg": 200.5, "stdev": 393.01950757352154, "median": 140.5, "q1": -48.0, "q3": 389.0, "max": 713}}}