{
  "cities": [
    {
      "number_of_city": 0,
      "x": 0,
      "y": 0
    },
    {
      "number_of_city": 1,
      "x": -951,
      "y": 759
    },
    {
      "number_of_city": 2,
      "x": -851,
      "y": 5
    },
    {
      "number_of_city": 3,
      "x": -379,
      "y": -994
    }
  ],
  "distance_matrix": {
    "0": {
      "3": 1063.8030832818638
    },
    "1": {
      "3": 1843.9612251888595
    },
    "2": {
      "3": 1104.891397378041
    },
    "3": {
      "3": 0.0
    }
  },
  "stats": {
    "x": {
      "min": -951,
      "avg": -545.25,
      "stdev": 440.8524885567356,
      "median": -615.0,
      "q1": -876.0,
      "q3": -284.25,
      "max": 0
    },
    "y": {
      "min": -994,
      "avg": -57.5,
      "stdev": 719.0078812734484,
      "median": 2.5,
      "q1": -248.5,
      "q3": 193.5,
      "max": 759
    }
  }
}