{
  "cities": [
    {
      "number_of_city": 0,
      "x": 0,
      "y": 0
    },
    {
      "number_of_city": 1,
      "x": -678,
      "y": -807
    },
    {
      "number_of_city": 2,
      "x": -161,
      "y": -650
    },
    {
      "number_of_city": 3,
      "x": -644,
      "y": 926
    }
  ],
  "distance_matrix": {
    "0": {
      "3": 1127.923756288518
    },
    "1": {
      "3": 1733.3334935897362
    },
    "2": {
      "3": 1648.3522075090627
    },
    "3": {
      "3": 0.0
    }
  },
  "stats": {
    "x": {
      "min": -678,
      "avg": -370.75,
      "stdev": 341.8180558913372,
      "median": -402.5,
      "q1": -652.5,
      "q3": -120.75,
      "max": 0
    },
    "y": {
      "min": -807,
      "avg": -132.75,
      "stdev": 787.5562942842033,
      "median": -325.0,
      "q1": -689.25,
      "q3": 231.5,
      "max": 926
    }
  }
}