{
  "cities": [
    {
      "number_of_city": 0,
      "x": 0,
      "y": 0
    },
    {
      "number_of_city": 1,
      "x": -944,
      "y": 596
    },
    {
      "number_of_city": 2,
      "x": 56,
      "y": 286
    },
    {
      "number_of_city": 3,
      "x": 871,
      "y": 344
    }
  ],
  "distance_matrix": {
    "0": {
      "3": 936.4705014040752
    },
    "1": {
      "3": 1832.4107072378724
    },
    "2": {
      "3": 817.0611972184213
    },
    "3": {
      "3": 0.0
    }
  },
  "stats": {
    "x": {
      "min": -944,
      "avg": -4.25,
      "stdev": 742.2579852495132,
      "median": 28.0,
      "q1": -236.0,
      "q3": 259.75,
      "max": 871
    },
    "y": {
      "min": 0,
      "avg": 306.5,
      "stdev": 244.66235236886502,
      "median": 315.0,
      "q1": 214.5,
      "q3": 407.0,
      "max": 596
    }
  }
}