{
  "cities": [
    {
      "number_of_city": 0,
      "x": 0,
      "y": 0
    },
    {
      "number_of_city": 1,
      "x": -766,
      "y": 399
    },
    {
      "number_of_city": 2,
      "x": -745,
      "y": 122
    },
    {
      "number_of_city": 3,
      "x": 400,
      "y": 384
    }
  ],
  "distance_matrix": {
    "0": {
      "3": 554.4871504372306
    },
    "1": {
      "3": 1166.096479713407
    },
    "2": {
      "3": 1174.5931210423464
    },
    "3": {
      "3": 0.0
    }
  },
  "stats": {
    "x": {
      "min": -766,
      "avg": -277.75,
      "stdev": 575.3841470414932,
      "median": -372.5,
      "q1": -750.25,
      "q3": 100.0,
      "max": 400
    },
    "y": {
      "min": 0,
      "avg": 226.25,
      "stdev": 197.30243282838657,
      "median": 253.0,
      "q1": 91.5,
      "q3": 387.75,
      "max": 399
    }
  }
}