{"cities": [{"number_of_city": 0, "x": 0, "y": 0}, {"number_of_city": 1, "x": -335, "y": -776}, {"number_of_city": 2, "x": -398, "y": -426}, {"number_of_city": 3, "x": -537, "y": -970}], "distance_matrix": {"0": {"3": 1108.724041409764}, "1": {"3": 280.07141946296485}, "2": {"3": 561.4775151330639}, "3": {"3": 0.0}}, "stats": {"x": {"min": -537, "avg": -317.5, "stdev": 227.86911447875804, "median": -366.5, "q1": -432.75, "q3": -251.25, "max": 0}, "y": {"min": -970, "avg": -543.0, "stdev": 426.28472488076164, "median": -601.0, "q1": -824.5, "q3": -319.5, "max": 0}}}