{
  "cities": [
    {
      "number_of_city": 0,
      "x": 0,
      "y": 0
    },
    {
      "number_of_city": 1,
      "x": -892,
      "y": -404
    },
    {
      "number_of_city": 2,
      "x": -341,
      "y": -655
    },
    {
      "number_of_city": 3,
      "x": -103,
      "y": 346
    }
  ],
  "distance_matrix": {
    "0": {
      "3": 361.00554012369395
    },
    "1": {
      "3": 1088.5866984305844
    },
    "2": {
      "3": 1028.9047574970193
    },
    "3": {
      "3": 0.0
    }
  },
  "stats": {
    "x": {
      "min": -892,
      "avg": -334.0,
      "stdev": 398.4678991671307,
      "median": -222.0,
      "q1": -478.75,
      "q3": -77.25,
      "max": 0
    },
    "y": {
      "min": -655,
      "avg": -178.25,
      "stdev": 441.53699354263244,
      "median": -202.0,
      "q1": -466.75,
      "q3": 86.5,
      "max": 346
    }
  }
}