{
  "cities": [
    {
      "number_of_city": 0,
      "x": 0,
      "y": 0
    },
    {
      "number_of_city": 1,
      "x": -857,
      "y": 633
    },
    {
      "number_of_city": 2,
      "x": 985,
      "y": 567
    },
    {
      "number_of_city": 3,
      "x": 319,
      "y": 985
    }
  ],
  "distance_matrix": {
    "0": {
      "3": 1035.3675675816778
    },
    "1": {
      "3": 1227.5504062970285
    },
    "2": {
      "3": 786.3078277621303
    },
    "3": {
      "3": 0.0
    }
  },
  "stats": {
    "x": {
      "min": -857,
      "avg": 111.75,
      "stdev": 765.175960155571,
      "median": 159.5,
      "q1": -214.25,
      "q3": 485.5,
      "max": 985
    },
    "y": {
      "min": 0,
      "avg": 546.25,
      "stdev": 407.7772063271806,
      "median": 600.0,
      "q1": 425.25,
      "q3": 721.0,
      "max": 985
    }
  }
}