{
  "cities": [
    {
      "number_of_city": 0,
      "x": 0,
      "y": 0
    },
    {
      "number_of_city": 1,
      "x": -114,
      "y": -720
    },
    {
      "number_of_city": 2,
      "x": -765,
      "y": 204
    },
    {
      "number_of_city": 3,
      "x": 128,
      "y": -111
    }
  ],
  "distance_matrix": {
    "0": {
      "3": 169.42549985170473
    },
    "1": {
      "3": 655.3205322588328
    },
    "2": {
      "3": 946.9287195982599
    },
    "3": {
      "3": 0.0
    }
  },
  "stats": {
    "x": {
      "min": -765,
      "avg": -187.75,
      "stdev": 397.3263771762454,
      "median": -57.0,
      "q1": -276.75,
      "q3": 32.0,
      "max": 128
    },
    "y": {
      "min": -720,
      "avg": -156.75,
      "stdev": 397.51509405304347,
      "median": -55.5,
      "q1": -263.25,
      "q3": 51.0,
      "max": 204
    }
  }
}