{"cities": [{"number_of_city": 0, "x": 0, "y": 0}, {"number_of_city": 1, "x": -943, "y": 514}, {"number_of_city": 2, "x": -677, "y": -403}, {"number_of_city": 3, "x": 612, "y": 880}], "distance_matrix": {"0": {"3": 1071.8880538563717}, "1": {"3": 1597.4920970070557}, "2": {"3": 1818.6835898528363}, "3": {"3": 0.0}}, "stats": {"x": {"min": -943, "avg": -252.0, "stdev": 699.548902269646, "median": -338.5, "q1": -743.5, "q3": 153.0, "max": 612}, "y": {"min": -403, "avg": 247.75, "stdev": 564.3535387207797, "median": 257.0, "q1": -100.75, "q3": 605.5, "max": 880}}}