{"cities": [{"number_of_city": 0, "x": 0, "y": 0}, {"number_of_city": 1, "x": -151, "y": -829}, {"number_of_city": 2, "x": -42, "y": 962}, {"number_of_city": 3, "x": 505, "y": 30}], "distance_matrix": {"0": {"3": 505.8903043150758}, "1": {"3": 1080.840876355072}, "2": {"3": 1080.663222285278}, "3": {"3": 0.0}}, "stats": {"x": {"min": -151, "avg": 78.0, "stdev": 291.6927607375039, "median": -21.0, "q1": -69.25, "q3": 126.25, "max": 505}, "y": {"min": -829, "avg": 40.75, "stdev": 731.8794868920247, "median": 15.0, "q1": -207.25, "q3": 263.0, "max": 962}}}