{
  "cities": [
    {
      "number_of_city": 0,
      "x": 0,
      "y": 0
    },
    {
      "number_of_city": 1,
      "x": 453,
      "y": 311
    },
    {
      "number_of_city": 2,
      "x": -601,
      "y": -970
    },
    {
      "number_of_city": 3,
      "x": -360,
      "y": -763
    }
  ],
  "distance_matrix": {
    "0": {
      "3": 843.6640326575503
    },
    "1": {
      "3": 1347.0133629626694
    },
    "2": {
      "3": 317.6948221170751
    },
    "3": {
      "3": 0.0
    }
  },
  "stats": {
    "x": {
      "min": -601,
      "avg": -127.0,
      "stdev": 458.80061028730114,
      "median": -180.0,
      "q1": -420.25,
      "q3": 113.25,
      "max": 453
    },
    "y": {
      "min": -970,
      "avg": -355.5,
      "stdev": 609.4448293324015,
      "median": -381.5,
      "q1": -814.75,
      "q3": 77.75,
      "max": 311
    }
  }
}