{
  "cities": [
    {
      "number_of_city": 0,
      "x": 0,
      "y": 0
    },
    {
      "number_of_city": 1,
      "x": 887,
      "y": -778
    },
    {
      "number_of_city": 2,
      "x": 349,
      "y": 350
    },
    {
      "number_of_city": 3,
      "x": -228,
      "y": 24
    }
  ],
  "distance_matrix": {
    "0": {
      "3": 229.2596780945136
    },
    "1": {
      "3": 1373.4733342879285
    },
    "2": {
      "3": 662.7254333432511
    },
    "3": {
      "3": 0.0
    }
  },
  "stats": {
    "x": {
      "min": -228,
      "avg": 252.0,
      "stdev": 485.29647295922797,
      "median": 174.5,
      "q1": -57.0,
      "q3": 483.5,
      "max": 887
    },
    "y": {
      "min": -778,
      "avg": -101.0,
      "stdev": 478.7330501786286,
      "median": 12.0,
      "q1": -194.5,
      "q3": 105.5,
      "max": 350
    }
  }
}