{"cities": [{"number_of_city": 0, "x": 0, "y": 0}, {"number_of_city": 1, "x": -974, "y": 339}, {"number_of_city": 2, "x": -759, "y": -434}, {"number_of_city": 3, "x": 595, "y": -58}], "distance_matrix": {"0": {"3": 597.8202070857091}, "1": {"3": 1618.4467862738027}, "2": {"3": 1405.237346500583}, "3": {"3": 0.0}}, "stats": {"x": {"min": -974, "avg": -284.5, "stdev": 719.9585636224722, "median": -379.5, "q1": -812.75, "q3": 148.75, "max": 595}, "y": {"min": -434, "avg": -38.25, "stdev": 316.6432008849498, "median": -29.0, "q1": -152.0, "q3": 84.75, "max": 339}}}