{
  "cities": [
    {
      "number_of_city": 0,
      "x": 0,
      "y": 0
    },
    {
      "number_of_city": 1,
      "x": 59,
      "y": -842
    },
    {
      "number_of_city": 2,
      "x": 441,
      "y": 409
    },
    {
      "number_of_city": 3,
      "x": 241,
      "y": -382
    }
  ],
  "distance_matrix": {
    "0": {
      "3": 451.66912668456763
    },
    "1": {
      "3": 494.6958661642525
    },
    "2": {
      "3": 815.8927625613552
    },
    "3": {
      "3": 0.0
    }
  },
  "stats": {
    "x": {
      "min": 0,
      "avg": 185.25,
      "stdev": 198.9746633786992,
      "median": 150.0,
      "q1": 44.25,
      "q3": 291.0,
      "max": 441
    },
    "y": {
      "min": -842,
      "avg": -203.75,
      "stdev": 534.201194931897,
      "median": -191.0,
      "q1": -497.0,
      "q3": 102.25,
      "max": 409
    }
  }
}