{
  "cities": [
    {
      "number_of_city": 0,
      "x": 0,
      "y": 0
    },
    {
      "number_of_city": 1,
      "x": 25,
      "y": 815
    },
    {
      "number_of_city": 2,
      "x": -667,
      "y": 404
    },
    {
      "number_of_city": 3,
      "x": 483,
      "y": -284
    }
  ],
  "distance_matrix": {
    "0": {
      "3": 560.3079510412109
    },
    "1": {
      "3": 1190.6153871003012
    },
    "2": {
      "3": 1340.0910416833626
    },
    "3": {
      "3": 0.0
    }
  },
  "stats": {
    "x": {
      "min": -667,
      "avg": -39.75,
      "stdev": 473.4563513848628,
      "median": 12.5,
      "q1": -166.75,
      "q3": 139.5,
      "max": 483
    },
    "y": {
      "min": -284,
      "avg": 233.75,
      "stdev": 479.42352535797266,
      "median": 202.0,
      "q1": -71.0,
      "q3": 506.75,
      "max": 815
    }
  }
}