{
  "cities": [
    {
      "number_of_city": 0,
      "x": 0,
      "y": 0
    },
    {
      "number_of_city": 1,
      "x": -168,
      "y": 976
    },
    {
      "number_of_city": 2,
      "x": 228,
      "y": -988
    },
    {
      "number_of_city": 3,
      "x": 822,
      "y": 655
    }
  ],
  "distance_matrix": {
    "0": {
      "3": 1051.0513783826175
    },
    "1": {
      "3": 1040.740601687087
    },
    "2": {
      "3": 1747.0789907728843
    },
    "3": {
      "3": 0.0
    }
  },
  "stats": {
    "x": {
      "min": -168,
      "avg": 220.5,
      "stdev": 432.59334252852295,
      "median": 114.0,
      "q1": -42.0,
      "q3": 376.5,
      "max": 822
    },
    "y": {
      "min": -988,
      "avg": 160.75,
      "stdev": 866.868454072858,
      "median": 327.5,
      "q1": -247.0,
      "q3": 735.25,
      "max": 976
    }
  }
}