{
  "cities": [
    {
      "number_of_city": 0,
      "x": 0,
      "y": 0
    },
    {
      "number_of_city": 1,
      "x": -430,
      "y": 282
    },
    {
      "number_of_city": 2,
      "x": 288,
      "y": -156
    },
    {
      "number_of_city": 3,
      "x": -613,
      "y": -32
    }
  ],
  "distance_matrix": {
    "0": {
      "3": 613.8346682943218
    },
    "1": {
      "3": 363.4350010662154
    },
    "2": {
      "3": 909.4927157487299
    },
    "3": {
      "3": 0.0
    }
  },
  "stats": {
    "x": {
      "min": -613,
      "avg": -188.75,
      "stdev": 408.6998695049135,
      "median": -215.0,
      "q1": -475.75,
      "q3": 72.0,
      "max": 288
    },
    "y": {
      "min": -156,
      "avg": 23.5,
      "stdev": 185.0,
      "median": -16.0,
      "q1": -63.0,
      "q3": 70.5,
      "max": 282
    }
  }
}