{"cities": [{"number_of_city": 0, "x": 0, "y": 0}, {"number_of_city": 1, "x": 751, "y": -529}, {"number_of_city": 2, "x": -966, "y": 442}, {"number_of_city": 3, "x": -714, "y": 546}], "distance_matrix": {"0": {"3": 898.8392514793733}, "1": {"3": 1817.099336855308}, "2": {"3": 272.6169473822198}, "3": {"3": 0.0}}, "stats": {"x": {"min": -966, "avg": -232.25, "stdev": 772.6993270347788, "median": -357.0, "q1": -777.0, "q3": 187.75, "max": 751}, "y": {"min": -529, "avg": 114.75, "stdev": 490.119288201012, "median": 221.0, "q1": -132.25, "q3": 468.0, "max": 546}}}