{
  "cities": [
    {
      "number_of_city": 0,
      "x": 0,
      "y": 0
    },
    {
      "number_of_city": 1,
      "x": -479,
      "y": 435
    },
    {
      "number_of_city": 2,
      "x": 738,
      "y": 595
    },
    {
      "number_of_city": 3,
      "x": -170,
      "y": -11
    }
  ],
  "distance_matrix": {
    "0": {
      "3": 170.35551062410633
    },
    "1": {
      "3": 542.5836341063007
    },
    "2": {
      "3": 1091.6501271011698
    },
    "3": {
      "3": 0.0
    }
  },
  "stats": {
    "x": {
      "min": -479,
      "avg": 22.25,
      "stdev": 516.7219594069264,
      "median": -85.0,
      "q1": -247.25,
      "q3": 184.5,
      "max": 738
    },
    "y": {
      "min": -11,
      "avg": 254.75,
      "stdev": 307.56069861627856,
      "median": 217.5,
      "q1": -2.75,
      "q3": 475.0,
      "max": 595
    }
  }
}