{
  "cities": [
    {
      "number_of_city": 0,
      "x": 0,
      "y": 0
    },
    {
      "number_of_city": 1,
      "x": -665,
      "y": 961
    },
    {
      "number_of_city": 2,
      "x": 506,
      "y": -970
    },
    {
      "number_of_city": 3,
      "x": 595,
      "y": 752
    }
  ],
  "distance_matrix": {
    "0": {
      "3": 958.9207475073214
    },
    "1": {
      "3": 1277.2161132713602
    },
    "2": {
      "3": 1724.2984080489084
    },
    "3": {
      "3": 0.0
    }
  },
  "stats": {
    "x": {
      "min": -665,
      "avg": 109.0,
      "stdev": 578.7233075198084,
      "median": 253.0,
      "q1": -166.25,
      "q3": 528.25,
      "max": 595
    },
    "y": {
      "min": -970,
      "avg": 185.75,
      "stdev": 874.0542984658714,
      "median": 376.0,
      "q1": -242.5,
      "q3": 804.25,
      "max": 961
    }
  }
}