{"cities": [{"number_of_city": 0, "x": 0, "y": 0}, {"number_of_city": 1, "x": 884, "y": 590}, {"number_of_city": 2, "x": 676, "y": -376}, {"number_of_city": 3, "x": 129, "y": -235}], "distance_matrix": {"0": {"3": 268.0783467570628}, "1": {"3": 1118.324639807243}, "2": {"3": 564.8805183399406}, "3": {"3": 0.0}}, "stats": {"x": {"min": 0, "avg": 422.25, "stdev": 425.0069607273117, "median": 402.5, "q1": 96.75, "q3": 728.0, "max": 884}, "y": {"min": -376, "avg": -5.25, "stdev": 426.0636689510149, "median": -117.5, "q1": -270.25, "q3": 147.5, "max": 590}}}