{
  "cities": [
    {
      "number_of_city": 0,
      "x": 0,
      "y": 0
    },
    {
      "number_of_city": 1,
      "x": -928,
      "y": 742
    },
    {
      "number_of_city": 2,
      "x": 944,
      "y": 166
    },
    {
      "number_of_city": 3,
      "x": 41,
      "y": 133
    }
  ],
  "distance_matrix": {
    "0": {
      "3": 139.17614738165446
    },
    "1": {
      "3": 1144.4832895241416
    },
    "2": {
      "3": 903.6027888403178
    },
    "3": {
      "3": 0.0
    }
  },
  "stats": {
    "x": {
      "min": -928,
      "avg": 14.25,
      "stdev": 764.4581414309092,
      "median": 20.5,
      "q1": -232.0,
      "q3": 266.75,
      "max": 944
    },
    "y": {
      "min": 0,
      "avg": 260.25,
      "stdev": 329.08395585321387,
      "median": 149.5,
      "q1": 99.75,
      "q3": 310.0,
      "max": 742
    }
  }
}