{"cities": [{"number_of_city": 0, "x": 0, "y": 0}, {"number_of_city": 1, "x": -482, "y": -418}, {"number_of_city": 2, "x": 875, "y": -953}, {"number_of_city": 3, "x": -964, "y": -319}], "distance_matrix": {"0": {"3": 1015.4097695019484}, "1": {"3": 492.0619879649311}, "2": {"3": 1945.219010805724}, "3": {"3": 0.0}}, "stats": {"x": {"min": -964, "avg": -142.75, "stdev": 784.375494687759, "median": -241.0, "q1": -602.5, "q3": 218.75, "max": 875}, "y": {"min": -953, "avg": -422.5, "stdev": 396.09300254696075, "median": -368.5, "q1": -551.75, "q3": -239.25, "max": 0}}}