{
  "cities": [
    {
      "number_of_city": 0,
      "x": 0,
      "y": 0
    },
    {
      "number_of_city": 1,
      "x": -223,
      "y": -770
    },
    {
      "number_of_city": 2,
      "x": 692,
      "y": -32
    },
    {
      "number_of_city": 3,
      "x": 244,
      "y": -669
    }
  ],
  "distance_matrix": {
    "0": {
      "3": 712.1074357145837
    },
    "1": {
      "3": 477.7970280359642
    },
    "2": {
      "3": 778.7637639233094
    },
    "3": {
      "3": 0.0
    }
  },
  "stats": {
    "x": {
      "min": -223,
      "avg": 178.25,
      "stdev": 392.0190258988289,
      "median": 122.0,
      "q1": -55.75,
      "q3": 356.0,
      "max": 692
    },
    "y": {
      "min": -770,
      "avg": -367.75,
      "stdev": 408.4624625756121,
      "median": -350.5,
      "q1": -694.25,
      "q3": -24.0,
      "max": 0
    }
  }
}