{"cities": [{"number_of_city": 0, "x": 0, "y": 0}, {"number_of_city": 1, "x": 556, "y": 453}, {"number_of_city": 2, "x": 348, "y": -708}, {"number_of_city": 3, "x": -211, "y": 695}], "distance_matrix": {"0": {"3": 726.3236193323194}, "1": {"3": 804.2717202537958}, "2": {"3": 1510.2615667492832}, "3": {"3": 0.0}}, "stats": {"x": {"min": -211, "avg": 173.25, "stdev": 343.85013692983557, "median": 174.0, "q1": -52.75, "q3": 400.0, "max": 556}, "y": {"min": -708, "avg": 110.0, "stdev": 616.738194049955, "median": 226.5, "q1": -177.0, "q3": 513.5, "max": 695}}}