{
  "cities": [
    {
      "number_of_city": 0,
      "x": 0,
      "y": 0
    },
    {
      "number_of_city": 1,
      "x": 2,
      "y": 280
    },
    {
      "number_of_city": 2,
      "x": 115,
      "y": 288
    },
    {
      "number_of_city": 3,
      "x": -45,
      "y": -668
    }
  ],
  "distance_matrix": {
    "0": {
      "3": 669.5140028408666
    },
    "1": {
      "3": 949.1643693270413
    },
    "2": {
      "3": 969.2966522174726
    },
    "3": {
      "3": 0.0
    }
  },
  "stats": {
    "x": {
      "min": -45,
      "avg": 18.0,
      "stdev": 68.21045863111219,
      "median": 1.0,
      "q1": -11.25,
      "q3": 30.25,
      "max": 115
    },
    "y": {
      "min": -668,
      "avg": -25.0,
      "stdev": 449.0983559681925,
      "median": 140.0,
      "q1": -167.0,
      "q3": 282.0,
      "max": 288
    }
  }
}