{
  "cities": [
    {
      "number_of_city": 0,
      "x": 0,
      "y": 0
    },
    {
      "number_of_city": 1,
      "x": -668,
      "y": 219
    },
    {
      "number_of_city": 2,
      "x": 115,
      "y": -507
    },
    {
      "number_of_city": 3,
      "x": -668,
      "y": -486
    }
  ],
  "distance_matrix": {
    "0": {
      "3": 826.0871624713702
    },
    "1": {
      "3": 705.0
    },
    "2": {
      "3": 783.2815585726502
    },
    "3": {
      "3": 0.0
    }
  },
  "stats": {
    "x": {
      "min": -668,
      "avg": -305.25,
      "stdev": 421.4905099762034,
      "median": -334.0,
      "q1": -668.0,
      "q3": 28.75,
      "max": 115
    },
    "y": {
      "min": -507,
      "avg": -193.5,
      "stdev": 361.21877027640744,
      "median": -243.0,
      "q1": -491.25,
      "q3": 54.75,
      "max": 219
    }
  }
}