{
  "cities": [
    {
      "number_of_city": 0,
      "x": 0,
      "y": 0
    },
    {
      "number_of_city": 1,
      "x": -516,
      "y": -49
    },
    {
      "number_of_city": 2,
      "x": 257,
      "y": 382
    },
    {
      "number_of_city": 3,
      "x": 222,
      "y": 467
    }
  ],
  "distance_matrix": {
    "0": {
      "3": 517.0812315294378
    },
    "1": {
      "3": 900.4998611882181
    },
    "2": {
      "3": 91.92388155425118
    },
    "3": {
      "3": 0.0
    }
  },
  "stats": {
    "x": {
      "min": -516,
      "avg": -9.25,
      "stdev": 356.48597447866024,
      "median": 111.0,
      "q1": -129.0,
      "q3": 230.75,
      "max": 257
    },
    "y": {
      "min": -49,
      "avg": 200.0,
      "stdev": 262.30643657117275,
      "median": 191.0,
      "q1": -12.25,
      "q3": 403.25,
      "max": 467
    }
  }
}