{"cities": [{"number_of_city": 0, "x": 0, "y": 0}, {"number_of_city": 1, "x": 114, "y": 462}, {"number_of_city": 2, "x": 257, "y": -337}, {"number_of_city": 3, "x": 658, "y": -457}], "distance_matrix": {"0": {"3": 801.132323651967}, "1": {"3": 1067.9405414160472}, "2": {"3": 418.57018527362885}, "3": {"3": 0.0}}, "stats": {"x": {"min": 0, "avg": 257.25, "stdev": 287.1113314842636, "median": 185.5, "q1": 85.5, "q3": 357.25, "max": 658}, "y": {"min": -457, "avg": -83.0, "stdev": 411.62523408233045, "median": -168.5, "q1": -367.0, "q3": 115.5, "max": 462}}}