{"cities": [{"number_of_city": 0, "x": 0, "y": 0}, {"number_of_city": 1, "x": -414, "y": 580}, {"number_of_city": 2, "x": 11, "y": -393}, {"number_of_city": 3, "x": -622, "y": -598}], "distance_matrix": {"0": {"3": 862.8371804691775}, "1": {"3": 1196.2223873511145}, "2": {"3": 665.3675675895241}, "3": {"3": 0.0}}, "stats": {"x": {"min": -622, "avg": -256.25, "stdev": 313.97704268518316, "median": -207.0, "q1": -466.0, "q3": 2.75, "max": 11}, "y": {"min": -598, "avg": -102.75, "stdev": 518.4022730145641, "median": -196.5, "q1": -444.25, "q3": 145.0, "max": 580}}}