{
  "cities": [
    {
      "number_of_city": 0,
      "x": 0,
      "y": 0
    },
    {
      "number_of_city": 1,
      "x": -914,
      "y": 365
    },
    {
      "number_of_city": 2,
      "x": 868,
      "y": 617
    },
    {
      "number_of_city": 3,
      "x": -604,
      "y": -446
    }
  ],
  "distance_matrix": {
    "0": {
      "3": 750.8208840995301
    },
    "1": {
      "3": 868.2286565185464
    },
    "2": {
      "3": 1815.6962851754695
    },
    "3": {
      "3": 0.0
    }
  },
  "stats": {
    "x": {
      "min": -914,
      "avg": -162.5,
      "stdev": 784.8590106934281,
      "median": -302.0,
      "q1": -681.5,
      "q3": 217.0,
      "max": 868
    },
    "y": {
      "min": -446,
      "avg": 134.0,
      "stdev": 462.24308179427265,
      "median": 182.5,
      "q1": -111.5,
      "q3": 428.0,
      "max": 617
    }
  }
}