{
  "cities": [
    {
      "number_of_city": 0,
      "x": 0,
      "y": 0
    },
    {
      "number_of_city": 1,
      "x": -669,
      "y": 31
    },
    {
      "number_of_city": 2,
      "x": 181,
      "y": -351
    },
    {
      "number_of_city": 3,
      "x": -15,
      "y": -241
    }
  ],
  "distance_matrix": {
    "0": {
      "3": 241.46635376383188
    },
    "1": {
      "3": 708.3078426785912
    },
    "2": {
      "3": 224.75764725588314
    },
    "3": {
      "3": 0.0
    }
  },
  "stats": {
    "x": {
      "min": -669,
      "avg": -125.75,
      "stdev": 372.95877788302556,
      "median": -7.5,
      "q1": -178.5,
      "q3": 45.25,
      "max": 181
    },
    "y": {
      "min": -351,
      "avg": -140.25,
      "stdev": 185.7980534523079,
      "median": -120.5,
      "q1": -268.5,
      "q3": 7.75,
      "max": 31
    }
  }
}