{
  "cities": [
    {
      "number_of_city": 0,
      "x": 0,
      "y": 0
    },
    {
      "number_of_city": 1,
      "x": 973,
      "y": -707
    },
    {
      "number_of_city": 2,
      "x": -508,
      "y": -419
    },
    {
      "number_of_city": 3,
      "x": -525,
      "y": -540
    }
  ],
  "distance_matrix": {
    "0": {
      "3": 753.1434126379916
    },
    "1": {
      "3": 1507.2800005307574
    },
    "2": {
      "3": 122.18837915284743
    },
    "3": {
      "3": 0.0
    }
  },
  "stats": {
    "x": {
      "min": -525,
      "avg": -15.0,
      "stdev": 702.2625340046745,
      "median": -254.0,
      "q1": -512.25,
      "q3": 243.25,
      "max": 973
    },
    "y": {
      "min": -707,
      "avg": -416.5,
      "stdev": 301.7289070230649,
      "median": -479.5,
      "q1": -581.75,
      "q3": -314.25,
      "max": 0
    }
  }
}