{"cities": [{"number_of_city": 0, "x": 0, "y": 0}, {"number_of_city": 1, "x": -954, "y": -573}, {"number_of_city": 2, "x": -900, "y": -702}, {"number_of_city": 3, "x": -150, "y": 286}], "distance_matrix": {"0": {"3": 322.9489123685045}, "1": {"3": 1176.561515603838}, "2": {"3": 1240.4208963089907}, "3": {"3": 0.0}}, "stats": {"x": {"min": -954, "avg": -501.0, "stdev": 496.18947993684833, "median": -525.0, "q1": -913.5, "q3": -112.5, "max": 0}, "y": {"min": -702, "avg": -247.25, "stdev": 468.47225104588637, "median": -286.5, "q1": -605.25, "q3": 71.5, "max": 286}}}