{"cities": [{"number_of_city": 0, "x": 0, "y": 0}, {"number_of_city": 1, "x": -470, "y": -299}, {"number_of_city": 2, "x": 268, "y": 242}, {"number_of_city": 3, "x": -95, "y": -760}], "distance_matrix": {"0": {"3": 765.9144860883622}, "1": {"3": 594.2608854703462}, "2": {"3": 1065.7265127601922}, "3": {"3": 0.0}}, "stats": {"x": {"min": -470, "avg": -74.25, "stdev": 305.3395650746886, "median": -47.5, "q1": -188.75, "q3": 67.0, "max": 268}, "y": {"min": -760, "avg": -204.25, "stdev": 431.5448026180673, "median": -149.5, "q1": -414.25, "q3": 60.5, "max": 242}}}