{"cities": [{"number_of_city": 0, "x": 0, "y": 0}, {"number_of_city": 1, "x": -930, "y": -297}, {"number_of_city": 2, "x": -444, "y": 163}, {"number_of_city": 3, "x": 224, "y": 16}], "distance_matrix": {"0": {"3": 224.57070156189118}, "1": {"3": 1195.694358939608}, "2": {"3": 683.983186927866}, "3": {"3": 0.0}}, "stats": {"x": {"min": -930, "avg": -287.5, "stdev": 510.4204149522235, "median": -222.0, "q1": -565.5, "q3": 56.0, "max": 224}, "y": {"min": -297, "avg": -29.5, "stdev": 192.83239700147206, "median": 8.0, "q1": -74.25, "q3": 52.75, "max": 163}}}