{"cities": [{"number_of_city": 0, "x": 0, "y": 0}, {"number_of_city": 1, "x": -906, "y": 424}, {"number_of_city": 2, "x": 57, "y": -472}, {"number_of_city": 3, "x": 121, "y": -907}], "distance_matrix": {"0": {"3": 915.0355184363063}, "1": {"3": 1681.1573394539846}, "2": {"3": 439.682840238279}, "3": {"3": 0.0}}, "stats": {"x": {"min": -906, "avg": -182.0, "stdev": 485.1906841644839, "median": 28.5, "q1": -226.5, "q3": 73.0, "max": 121}, "y": {"min": -907, "avg": -238.75, "stdev": 576.5422071857937, "median": -236.0, "q1": -580.75, "q3": 106.0, "max": 424}}}