{"cities": [{"number_of_city": 0, "x": 0, "y": 0}, {"number_of_city": 1, "x": -142, "y": -781}, {"number_of_city": 2, "x": 223, "y": 869}, {"number_of_city": 3, "x": 962, "y": 11}], "distance_matrix": {"0": {"3": 962.062887757344}, "1": {"3": 1358.7052660529434}, "2": {"3": 1132.3802364930254}, "3": {"3": 0.0}}, "stats": {"x": {"min": -142, "avg": 260.75, "stdev": 491.04471961998195, "median": 111.5, "q1": -35.5, "q3": 407.75, "max": 962}, "y": {"min": -781, "avg": 24.75, "stdev": 673.9912833264241, "median": 5.5, "q1": -195.25, "q3": 225.5, "max": 869}}}