{
  "cities": [
    {
      "number_of_city": 0,
      "x": 0,
      "y": 0
    },
    {
      "number_of_city": 1,
      "x": 355,
      "y": 98
    },
    {
      "number_of_city": 2,
      "x": 119,
      "y": -494
    },
    {
      "number_of_city": 3,
      "x": -662,
      "y": -366
    }
  ],
  "distance_matrix": {
    "0": {
      "3": 756.4390259630977
    },
    "1": {
      "3": 1117.8483797009324
    },
    "2": {
      "3": 791.4196105733039
    },
    "3": {
      "3": 0.0
    }
  },
  "stats": {
    "x": {
      "min": -662,
      "avg": -47.0,
      "stdev": 435.73462872104466,
      "median": 59.5,
      "q1": -165.5,
      "q3": 178.0,
      "max": 355
    },
    "y": {
      "min": -494,
      "avg": -190.5,
      "stdev": 284.2739289253706,
      "median": -183.0,
      "q1": -398.0,
      "q3": 24.5,
      "max": 98
    }
  }
}