{
  "cities": [
    {
      "number_of_city": 0,
      "x": 0,
      "y": 0
    },
    {
      "number_of_city": 1,
      "x": 782,
      "y": -733
    },
    {
      "number_of_city": 2,
      "x": 882,
      "y": -824
    },
    {
      "number_of_city": 3,
      "x": -16,
      "y": -244
    }
  ],
  "distance_matrix": {
    "0": {
      "3": 244.5240274492468
    },
    "1": {
      "3": 935.9086493883898
    },
    "2": {
      "3": 1069.0201120652503
    },
    "3": {
      "3": 0.0
    }
  },
  "stats": {
    "x": {
      "min": -16,
      "avg": 412.0,
      "stdev": 486.7333287677487,
      "median": 391.0,
      "q1": -4.0,
      "q3": 807.0,
      "max": 882
    },
    "y": {
      "min": -824,
      "avg": -450.25,
      "stdev": 393.6583755830259,
      "median": -488.5,
      "q1": -755.75,
      "q3": -183.0,
      "max": 0
    }
  }
}