{"cities": [{"number_of_city": 0, "x": 0, "y": 0}, {"number_of_city": 1, "x": -48, "y": 211}, {"number_of_city": 2, "x": -174, "y": -828}, {"number_of_city": 3, "x": -983, "y": -366}], "distance_matrix": {"0": {"3": 1048.9256408344684}, "1": {"3": 1098.705602060898}, "2": {"3": 931.624924527033}, "3": {"3": 0.0}}, "stats": {"x": {"min": -983, "avg": -301.25, "stdev": 460.38489332296734, "median": -111.0, "q1": -376.25, "q3": -36.0, "max": 0}, "y": {"min": -828, "avg": -245.75, "stdev": 455.51756277886807, "median": -183.0, "q1": -481.5, "q3": 52.75, "max": 211}}}