{
  "cities": [
    {
      "number_of_city": 0,
      "x": 0,
      "y": 0
    },
    {
      "number_of_city": 1,
      "x": -946,
      "y": 892
    },
    {
      "number_of_city": 2,
      "x": 952,
      "y": -843
    },
    {
      "number_of_city": 3,
      "x": 1,
      "y": -356
    }
  ],
  "distance_matrix": {
    "0": {
      "3": 356.00140449161154
    },
    "1": {
      "3": 1566.624715750393
    },
    "2": {
      "3": 1068.4427921044721
    },
    "3": {
      "3": 0.0
    }
  },
  "stats": {
    "x": {
      "min": -946,
      "avg": 1.75,
      "stdev": 774.8567071831195,
      "median": 0.5,
      "q1": -236.5,
      "q3": 238.75,
      "max": 952
    },
    "y": {
      "min": -843,
      "avg": -76.75,
      "stdev": 732.4585881354204,
      "median": -178.0,
      "q1": -477.75,
      "q3": 223.0,
      "max": 892
    }
  }
}