{"cities": [{"number_of_city": 0, "x": 0, "y": 0}, {"number_of_city": 1, "x": 686, "y": -500}, {"number_of_city": 2, "x": 11, "y": -545}, {"number_of_city": 3, "x": -82, "y": -739}], "distance_matrix": {"0": {"3": 743.5354732627086}, "1": {"3": 804.328912821117}, "2": {"3": 215.13948963405113}, "3": {"3": 0.0}}, "stats": {"x": {"min": -82, "avg": 153.75, "stdev": 357.2509622100408, "median": 5.5, "q1": -20.5, "q3": 179.75, "max": 686}, "y": {"min": -739, "avg": -446.0, "stdev": 314.8978670405163, "median": -522.5, "q1": -593.5, "q3": -375.0, "max": 0}}}