{
  "cities": [
    {
      "number_of_city": 0,
      "x": 0,
      "y": 0
    },
    {
      "number_of_city": 1,
      "x": 997,
      "y": 825
    },
    {
      "number_of_city": 2,
      "x": -384,
      "y": 64
    },
    {
      "number_of_city": 3,
      "x": -425,
      "y": -672
    }
  ],
  "distance_matrix": {
    "0": {
      "3": 795.1157148491029
    },
    "1": {
      "3": 2064.725889797481
    },
    "2": {
      "3": 737.1410991119678
    },
    "3": {
      "3": 0.0
    }
  },
  "stats": {
    "x": {
      "min": -425,
      "avg": 47.0,
      "stdev": 661.6277906295452,
      "median": -192.0,
      "q1": -394.25,
      "q3": 249.25,
      "max": 997
    },
    "y": {
      "min": -672,
      "avg": 54.25,
      "stdev": 612.2452531461555,
      "median": 32.0,
      "q1": -168.0,
      "q3": 254.25,
      "max": 825
    }
  }
}