{
  "cities": [
    {
      "number_of_city": 0,
      "x": 0,
      "y": 0
    },
    {
      "number_of_city": 1,
      "x": -152,
      "y": -897
    },
    {
      "number_of_city": 2,
      "x": 642,
      "y": 356
    },
    {
      "number_of_city": 3,
      "x": -761,
      "y": 557
    }
  ],
  "distance_matrix": {
    "0": {
      "3": 943.0641547636088
    },
    "1": {
      "3": 1576.387325500938
    },
    "2": {
      "3": 1417.324945099041
    },
    "3": {
      "3": 0.0
    }
  },
  "stats": {
    "x": {
      "min": -761,
      "avg": -67.75,
      "stdev": 576.2027276344094,
      "median": -76.0,
      "q1": -304.25,
      "q3": 160.5,
      "max": 642
    },
    "y": {
      "min": -897,
      "avg": 4.0,
      "stdev": 643.3065624827196,
      "median": 178.0,
      "q1": -224.25,
      "q3": 406.25,
      "max": 557
    }
  }
}