{
  "cities": [
    {
      "number_of_city": 0,
      "x": 0,
      "y": 0
    },
    {
      "number_of_city": 1,
      "x": 407,
      "y": 17
    },
    {
      "number_of_city": 2,
      "x": -432,
      "y": 688
    },
    {
      "number_of_city": 3,
      "x": -880,
      "y": -676
    }
  ],
  "distance_matrix": {
    "0": {
      "3": 1109.673825950671
    },
    "1": {
      "3": 1461.7174829631067
    },
    "2": {
      "3": 1435.687988387449
    },
    "3": {
      "3": 0.0
    }
  },
  "stats": {
    "x": {
      "min": -880,
      "avg": -226.25,
      "stdev": 554.3514979986375,
      "median": -216.0,
      "q1": -544.0,
      "q3": 101.75,
      "max": 407
    },
    "y": {
      "min": -676,
      "avg": 7.25,
      "stdev": 556.8957861814603,
      "median": 8.5,
      "q1": -169.0,
      "q3": 184.75,
      "max": 688
    }
  }
}