{
  "cities": [
    {
      "number_of_city": 0,
      "x": 0,
      "y": 0
    },
    {
      "number_of_city": 1,
      "x": 717,
      "y": -473
    },
    {
      "number_of_city": 2,
      "x": 448,
      "y": -836
    },
    {
      "number_of_city": 3,
      "x": 308,
      "y": 260
    }
  ],
  "distance_matrix": {
    "0": {
      "3": 403.0682324371396
    },
    "1": {
      "3": 839.3866808569219
    },
    "2": {
      "3": 1104.9054258170697
    },
    "3": {
      "3": 0.0
    }
  },
  "stats": {
    "x": {
      "min": 0,
      "avg": 368.25,
      "stdev": 298.45421201026244,
      "median": 378.0,
      "q1": 231.0,
      "q3": 515.25,
      "max": 717
    },
    "y": {
      "min": -836,
      "avg": -262.25,
      "stdev": 488.23653761948896,
      "median": -236.5,
      "q1": -563.75,
      "q3": 65.0,
      "max": 260
    }
  }
}