{
  "cities": [
    {
      "number_of_city": 0,
      "x": 0,
      "y": 0
    },
    {
      "number_of_city": 1,
      "x": -103,
      "y": -345
    },
    {
      "number_of_city": 2,
      "x": -260,
      "y": 264
    },
    {
      "number_of_city": 3,
      "x": 426,
      "y": 791
    }
  ],
  "distance_matrix": {
    "0": {
      "3": 898.4191672042622
    },
    "1": {
      "3": 1253.1308790385783
    },
    "2": {
      "3": 865.057801536984
    },
    "3": {
      "3": 0.0
    }
  },
  "stats": {
    "x": {
      "min": -260,
      "avg": 15.75,
      "stdev": 293.6510116901807,
      "median": -51.5,
      "q1": -142.25,
      "q3": 106.5,
      "max": 426
    },
    "y": {
      "min": -345,
      "avg": 177.5,
      "stdev": 479.0187887755552,
      "median": 132.0,
      "q1": -86.25,
      "q3": 395.75,
      "max": 791
    }
  }
}