{
  "cities": [
    {
      "number_of_city": 0,
      "x": 0,
      "y": 0
    },
    {
      "number_of_city": 1,
      "x": 805,
      "y": -218
    },
    {
      "number_of_city": 2,
      "x": 413,
      "y": -300
    },
    {
      "number_of_city": 3,
      "x": 728,
      "y": 373
    }
  ],
  "distance_matrix": {
    "0": {
      "3": 817.9932762559849
    },
    "1": {
      "3": 595.9949664216972
    },
    "2": {
      "3": 743.0706561290117
    },
    "3": {
      "3": 0.0
    }
  },
  "stats": {
    "x": {
      "min": 0,
      "avg": 486.5,
      "stdev": 365.99134780301387,
      "median": 570.5,
      "q1": 309.75,
      "q3": 747.25,
      "max": 805
    },
    "y": {
      "min": -300,
      "avg": -36.25,
      "stdev": 300.77497125481256,
      "median": -109.0,
      "q1": -238.5,
      "q3": 93.25,
      "max": 373
    }
  }
}