{
  "cities": [
    {
      "number_of_city": 0,
      "x": 0,
      "y": 0
    },
    {
      "number_of_city": 1,
      "x": -386,
      "y": -102
    },
    {
      "number_of_city": 2,
      "x": -27,
      "y": 78
    },
    {
      "number_of_city": 3,
      "x": 853,
      "y": 116
    }
  ],
  "distance_matrix": {
    "0": {
      "3": 860.8513228194518
    },
    "1": {
      "3": 1258.0321935467312
    },
    "2": {
      "3": 880.8200724325031
    },
    "3": {
      "3": 0.0
    }
  },
  "stats": {
    "x": {
      "min": -386,
      "avg": 110.0,
      "stdev": 525.653244385815,
      "median": -13.5,
      "q1": -116.75,
      "q3": 213.25,
      "max": 853
    },
    "y": {
      "min": -102,
      "avg": 23.0,
      "stdev": 96.31199302267605,
      "median": 39.0,
      "q1": -25.5,
      "q3": 87.5,
      "max": 116
    }
  }
}