{"cities": [{"number_of_city": 0, "x": 0, "y": 0}, {"number_of_city": 1, "x": -211, "y": 796}, {"number_of_city": 2, "x": 976, "y": 867}, {"number_of_city": 3, "x": 715, "y": 945}], "distance_matrix": {"0": {"3": 1185.0105484762573}, "1": {"3": 937.9109765857312}, "2": {"3": 272.40594707164524}, "3": {"3": 0.0}}, "stats": {"x": {"min": -211, "avg": 370.0, "stdev": 565.8981062582438, "median": 357.5, "q1": -52.75, "q3": 780.25, "max": 976}, "y": {"min": 0, "avg": 652.0, "stdev": 438.9054567899561, "median": 831.5, "q1": 597.0, "q3": 886.5, "max": 945}}}