{
  "cities": [
    {
      "number_of_city": 0,
      "x": 0,
      "y": 0
    },
    {
      "number_of_city": 1,
      "x": 957,
      "y": -466
    },
    {
      "number_of_city": 2,
      "x": -948,
      "y": -71
    },
    {
      "number_of_city": 3,
      "x": 701,
      "y": 263
    }
  ],
  "distance_matrix": {
    "0": {
      "3": 748.712227761775
    },
    "1": {
      "3": 772.6428670479007
    },
    "2": {
      "3": 1682.4853639779456
    },
    "3": {
      "3": 0.0
    }
  },
  "stats": {
    "x": {
      "min": -948,
      "avg": 177.5,
      "stdev": 852.4335751247718,
      "median": 350.5,
      "q1": -237.0,
      "q3": 765.0,
      "max": 957
    },
    "y": {
      "min": -466,
      "avg": -68.5,
      "stdev": 301.4393250169372,
      "median": -35.5,
      "q1": -169.75,
      "q3": 65.75,
      "max": 263
    }
  }
}