{
  "cities": [
    {
      "number_of_city": 0,
      "x": 0,
      "y": 0
    },
    {
      "number_of_city": 1,
      "x": -981,
      "y": -314
    },
    {
      "number_of_city": 2,
      "x": 644,
      "y": -837
    },
    {
      "number_of_city": 3,
      "x": -48,
      "y": -255
    }
  ],
  "distance_matrix": {
    "0": {
      "3": 259.47832279402456
    },
    "1": {
      "3": 934.8636264183135
    },
    "2": {
      "3": 904.2057288029091
    },
    "3": {
      "3": 0.0
    }
  },
  "stats": {
    "x": {
      "min": -981,
      "avg": -96.25,
      "stdev": 668.9157271286123,
      "median": -24.0,
      "q1": -281.25,
      "q3": 161.0,
      "max": 644
    },
    "y": {
      "min": -837,
      "avg": -351.5,
      "stdev": 351.1794413117032,
      "median": -284.5,
      "q1": -444.75,
      "q3": -191.25,
      "max": 0
    }
  }
}