{"cities": [{"number_of_city": 0, "x": 0, "y": 0}, {"number_of_city": 1, "x": -333, "y": -523}, {"number_of_city": 2, "x": 481, "y": 254}, {"number_of_city": 3, "x": -412, "y": -207}], "distance_matrix": {"0": {"3": 461.07808449328843}, "1": {"3": 325.7253444237952}, "2": {"3": 1004.9726364434009}, "3": {"3": 0.0}}, "stats": {"x": {"min": -412, "avg": -66.0, "stdev": 406.02545076222333, "median": -166.5, "q1": -352.75, "q3": 120.25, "max": 481}, "y": {"min": -523, "avg": -119.0, "stdev": 328.76029768409285, "median": -103.5, "q1": -286.0, "q3": 63.5, "max": 254}}}