{
  "cities": [
    {
      "number_of_city": 0,
      "x": 0,
      "y": 0
    },
    {
      "number_of_city": 1,
      "x": 426,
      "y": 379
    },
    {
      "number_of_city": 2,
      "x": 617,
      "y": 718
    },
    {
      "number_of_city": 3,
      "x": 629,
      "y": 844
    }
  ],
  "distance_matrix": {
    "0": {
      "3": 1052.6048641346856
    },
    "1": {
      "3": 507.37954235463616
    },
    "2": {
      "3": 126.57013865837392
    },
    "3": {
      "3": 0.0
    }
  },
  "stats": {
    "x": {
      "min": 0,
      "avg": 418.0,
      "stdev": 293.77428977589807,
      "median": 521.5,
      "q1": 319.5,
      "q3": 620.0,
      "max": 629
    },
    "y": {
      "min": 0,
      "avg": 485.25,
      "stdev": 378.4313015594772,
      "median": 548.5,
      "q1": 284.25,
      "q3": 749.5,
      "max": 844
    }
  }
}