{
  "cities": [
    {
      "number_of_city": 0,
      "x": 0,
      "y": 0
    },
    {
      "number_of_city": 1,
      "x": -526,
      "y": 311
    },
    {
      "number_of_city": 2,
      "x": -313,
      "y": -398
    },
    {
      "number_of_city": 3,
      "x": 214,
      "y": 914
    }
  ],
  "distance_matrix": {
    "0": {
      "3": 938.718275096421
    },
    "1": {
      "3": 954.5726792654397
    },
    "2": {
      "3": 1413.885780393876
    },
    "3": {
      "3": 0.0
    }
  },
  "stats": {
    "x": {
      "min": -526,
      "avg": -156.25,
      "stdev": 328.0166408380323,
      "median": -156.5,
      "q1": -366.25,
      "q3": 53.5,
      "max": 214
    },
    "y": {
      "min": -398,
      "avg": 206.75,
      "stdev": 553.6360868536901,
      "median": 155.5,
      "q1": -99.5,
      "q3": 461.75,
      "max": 914
    }
  }
}