{"cities": [{"number_of_city": 0, "x": 0, "y": 0}, {"number_of_city": 1, "x": -802, "y": 307}, {"number_of_city": 2, "x": 42, "y": 603}, {"number_of_city": 3, "x": -139, "y": -552}], "distance_matrix": {"0": {"3": 569.2319386682374}, "1": {"3": 1085.1036816820779}, "2": {"3": 1169.0962321383129}, "3": {"3": 0.0}}, "stats": {"x": {"min": -802, "avg": -224.75, "stdev": 392.52972286609497, "median": -69.5, "q1": -304.75, "q3": 10.5, "max": 42}, "y": {"min": -552, "avg": 89.5, "stdev": 493.4642844218819, "median": 153.5, "q1": -138.0, "q3": 381.0, "max": 603}}}