{"cities": [{"number_of_city": 0, "x": 0, "y": 0}, {"number_of_city": 1, "x": 807, "y": -406}, {"number_of_city": 2, "x": 780, "y": -892}, {"number_of_city": 3, "x": -871, "y": -805}], "distance_matrix": {"0": {"3": 1186.029510594066}, "1": {"3": 1724.7854939093152}, "2": {"3": 1653.2906580513907}, "3": {"3": 0.0}}, "stats": {"x": {"min": -871, "avg": 179.0, "stdev": 793.7518503915439, "median": 390.0, "q1": -217.75, "q3": 786.75, "max": 807}, "y": {"min": -892, "avg": -525.75, "stdev": 409.4194059885291, "median": -605.5, "q1": -826.75, "q3": -304.5, "max": 0}}}