{
  "cities": [
    {
      "number_of_city": 0,
      "x": 0,
      "y": 0
    },
    {
      "number_of_city": 1,
      "x": -765,
      "y": -48
    },
    {
      "number_of_city": 2,
      "x": 812,
      "y": -786
    },
    {
      "number_of_city": 3,
      "x": -675,
      "y": 892
    }
  ],
  "distance_matrix": {
    "0": {
      "3": 1118.6102985401126
    },
    "1": {
      "3": 944.2986815621422
    },
    "2": {
      "3": 2242.06445045632
    },
    "3": {
      "3": 0.0
    }
  },
  "stats": {
    "x": {
      "min": -765,
      "avg": -157.0,
      "stdev": 730.6613442628534,
      "median": -337.5,
      "q1": -697.5,
      "q3": 203.0,
      "max": 812
    },
    "y": {
      "min": -786,
      "avg": 14.5,
      "stdev": 686.761239442064,
      "median": -24.0,
      "q1": -232.5,
      "q3": 223.0,
      "max": 892
    }
  }
}