{
  "cities": [
    {
      "number_of_city": 0,
      "x": 0,
      "y": 0
    },
    {
      "number_of_city": 1,
      "x": -73,
      "y": -183
    },
    {
      "number_of_city": 2,
      "x": 47,
      "y": -858
    },
    {
      "number_of_city": 3,
      "x": -325,
      "y": -736
    }
  ],
  "distance_matrix": {
    "0": {
      "3": 804.5626140953854
    },
    "1": {
      "3": 607.711280132268
    },
    "2": {
      "3": 391.4945721207383
    },
    "3": {
      "3": 0.0
    }
  },
  "stats": {
    "x": {
      "min": -325,
      "avg": -87.75,
      "stdev": 165.6932406587547,
      "median": -36.5,
      "q1": -136.0,
      "q3": 11.75,
      "max": 47
    },
    "y": {
      "min": -858,
      "avg": -444.25,
      "stdev": 417.0998081994284,
      "median": -459.5,
      "q1": -766.5,
      "q3": -137.25,
      "max": 0
    }
  }
}