{
  "cities": [
    {
      "number_of_city": 0,
      "x": 0,
      "y": 0
    },
    {
      "number_of_city": 1,
      "x": 679,
      "y": 209
    },
    {
      "number_of_city": 2,
      "x": -960,
      "y": -442
    },
    {
      "number_of_city": 3,
      "x": -46,
      "y": 112
    }
  ],
  "distance_matrix": {
    "0": {
      "3": 121.07848694132248
    },
    "1": {
      "3": 731.460183468656
    },
    "2": {
      "3": 1068.7899700128178
    },
    "3": {
      "3": 0.0
    }
  },
  "stats": {
    "x": {
      "min": -960,
      "avg": -81.75,
      "stdev": 672.8112043260477,
      "median": -23.0,
      "q1": -274.5,
      "q3": 169.75,
      "max": 679
    },
    "y": {
      "min": -442,
      "avg": -30.25,
      "stdev": 287.47681065899326,
      "median": 56.0,
      "q1": -110.5,
      "q3": 136.25,
      "max": 209
    }
  }
}