{"cities": [{"number_of_city": 0, "x": 0, "y": 0}, {"number_of_city": 1, "x": -955, "y": -40}, {"number_of_city": 2, "x": 654, "y": 670}, {"number_of_city": 3, "x": -917, "y": -847}], "distance_matrix": {"0": {"3": 1248.3180684424945}, "1": {"3": 807.8941762384477}, "2": {"3": 2183.8795754345065}, "3": {"3": 0.0}}, "stats": {"x": {"min": -955, "avg": -304.5, "stdev": 776.6914874431588, "median": -458.5, "q1": -926.5, "q3": 163.5, "max": 654}, "y": {"min": -847, "avg": -54.25, "stdev": 620.7889469591631, "median": -20.0, "q1": -241.75, "q3": 167.5, "max": 670}}}