{"cities": [{"number_of_city": 0, "x": 0, "y": 0}, {"number_of_city": 1, "x": -766, "y": -819}, {"number_of_city": 2, "x": -325, "y": 487}, {"number_of_city": 3, "x": -194, "y": 358}], "distance_matrix": {"0": {"3": 407.18546143004664}, "1": {"3": 1308.6301998654928}, "2": {"3": 183.85320231097418}, "3": {"3": 0.0}}, "stats": {"x": {"min": -766, "avg": -321.25, "stdev": 325.17213390244046, "median": -259.5, "q1": -435.25, "q3": -145.5, "max": 0}, "y": {"min": -819, "avg": 6.5, "stdev": 587.629418369548, "median": 179.0, "q1": -204.75, "q3": 390.25, "max": 487}}}