{
  "cities": [
    {
      "number_of_city": 0,
      "x": 0,
      "y": 0
    },
    {
      "number_of_city": 1,
      "x": 309,
      "y": 593
    },
    {
      "number_of_city": 2,
      "x": 909,
      "y": 419
    },
    {
      "number_of_city": 3,
      "x": -998,
      "y": 42
    }
  ],
  "distance_matrix": {
    "0": {
      "3": 998.8833765760645
    },
    "1": {
      "3": 1418.3969825123008
    },
    "2": {
      "3": 1943.9079196299397
    },
    "3": {
      "3": 0.0
    }
  },
  "stats": {
    "x": {
      "min": -998,
      "avg": 55.0,
      "stdev": 797.0081555417108,
      "median": 154.5,
      "q1": -249.5,
      "q3": 459.0,
      "max": 909
    },
    "y": {
      "min": 0,
      "avg": 263.5,
      "stdev": 289.3930429940107,
      "median": 230.5,
      "q1": 31.5,
      "q3": 462.5,
      "max": 593
    }
  }
}