{
  "cities": [
    {
      "number_of_city": 0,
      "x": 0,
      "y": 0
    },
    {
      "number_of_city": 1,
      "x": 73,
      "y": 914
    },
    {
      "number_of_city": 2,
      "x": 531,
      "y": 680
    },
    {
      "number_of_city": 3,
      "x": 547,
      "y": -528
    }
  ],
  "distance_matrix": {
    "0": {
      "3": 760.2585086666245
    },
    "1": {
      "3": 1517.9064529805519
    },
    "2": {
      "3": 1208.105955618132
    },
    "3": {
      "3": 0.0
    }
  },
  "stats": {
    "x": {
      "min": 0,
      "avg": 287.75,
      "stdev": 291.7183287579533,
      "median": 302.0,
      "q1": 54.75,
      "q3": 535.0,
      "max": 547
    },
    "y": {
      "min": -528,
      "avg": 266.5,
      "stdev": 656.3766703146398,
      "median": 340.0,
      "q1": -132.0,
      "q3": 738.5,
      "max": 914
    }
  }
}