{"cities": [{"number_of_city": 0, "x": 0, "y": 0}, {"number_of_city": 1, "x": -150, "y": 204}, {"number_of_city": 2, "x": 428, "y": 218}, {"number_of_city": 3, "x": -164, "y": -213}], "distance_matrix": {"0": {"3": 268.8215021161812}, "1": {"3": 417.2349458039199}, "2": {"3": 732.2738558763381}, "3": {"3": 0.0}}, "stats": {"x": {"min": -164, "avg": 28.5, "stdev": 276.4844781658939, "median": -75.0, "q1": -153.5, "q3": 107.0, "max": 428}, "y": {"min": -213, "avg": 52.25, "stdev": 202.96859362965492, "median": 102.0, "q1": -53.25, "q3": 207.5, "max": 218}}}