{"cities": [{"number_of_city": 0, "x": 0, "y": 0}, {"number_of_city": 1, "x": 621, "y": -608}, {"number_of_city": 2, "x": -828, "y": -755}, {"number_of_city": 3, "x": 931, "y": 507}], "distance_matrix": {"0": {"3": 1060.0990519758047}, "1": {"3": 1157.2920979597156}, "2": {"3": 2164.8845234792548}, "3": {"3": 0.0}}, "stats": {"x": {"min": -828, "avg": 181.0, "stdev": 776.0889124320744, "median": 310.5, "q1": -207.0, "q3": 698.5, "max": 931}, "y": {"min": -755, "avg": -214.0, "stdev": 581.24980286735, "median": -304.0, "q1": -644.75, "q3": 126.75, "max": 507}}}