{"cities": [{"number_of_city": 0, "x": 0, "y": 0}, {"number_of_city": 1, "x": -471, "y": -134}, {"number_of_city": 2, "x": 831, "y": 803}, {"number_of_city": 3, "x": 9, "y": 579}], "distance_matrix": {"0": {"3": 579.0699439618672}, "1": {"3": 859.5167246773037}, "2": {"3": 851.9741780124559}, "3": {"3": 0.0}}, "stats": {"x": {"min": -471, "avg": 92.25, "stdev": 541.1231375574325, "median": 4.5, "q1": -117.75, "q3": 214.5, "max": 831}, "y": {"min": -134, "avg": 312.0, "stdev": 450.4183240795901, "median": 289.5, "q1": -33.5, "q3": 635.0, "max": 803}}}