{
  "cities": [
    {
      "number_of_city": 0,
      "x": 0,
      "y": 0
    },
    {
      "number_of_city": 1,
      "x": -796,
      "y": 368
    },
    {
      "number_of_city": 2,
      "x": 706,
      "y": 956
    },
    {
      "number_of_city": 3,
      "x": -429,
      "y": 582
    }
  ],
  "distance_matrix": {
    "0": {
      "3": 723.0248958369276
    },
    "1": {
      "3": 424.8352621899458
    },
    "2": {
      "3": 1195.0317987401004
    },
    "3": {
      "3": 0.0
    }
  },
  "stats": {
    "x": {
      "min": -796,
      "avg": -129.75,
      "stdev": 645.1751054300427,
      "median": -214.5,
      "q1": -520.75,
      "q3": 176.5,
      "max": 706
    },
    "y": {
      "min": 0,
      "avg": 476.5,
      "stdev": 399.9479132753831,
      "median": 475.0,
      "q1": 276.0,
      "q3": 675.5,
      "max": 956
    }
  }
}