{
  "cities": [
    {
      "number_of_city": 0,
      "x": 0,
      "y": 0
    },
    {
      "number_of_city": 1,
      "x": -643,
      "y": 114
    },
    {
      "number_of_city": 2,
      "x": 266,
      "y": 852
    },
    {
      "number_of_city": 3,
      "x": -492,
      "y": -416
    }
  ],
  "distance_matrix": {
    "0": {
      "3": 644.2980676674423
    },
    "1": {
      "3": 551.090736630548
    },
    "2": {
      "3": 1477.29076352626
    },
    "3": {
      "3": 0.0
    }
  },
  "stats": {
    "x": {
      "min": -643,
      "avg": -217.25,
      "stdev": 423.27246937798037,
      "median": -246.0,
      "q1": -529.75,
      "q3": 66.5,
      "max": 266
    },
    "y": {
      "min": -416,
      "avg": 137.5,
      "stdev": 527.99337117051,
      "median": 57.0,
      "q1": -104.0,
      "q3": 298.5,
      "max": 852
    }
  }
}