{
  "cities": [
    {
      "number_of_city": 0,
      "x": 0,
      "y": 0
    },
    {
      "number_of_city": 1,
      "x": -505,
      "y": 982
    },
    {
      "number_of_city": 2,
      "x": -750,
      "y": 571
    },
    {
      "number_of_city": 3,
      "x": 965,
      "y": 518
    }
  ],
  "distance_matrix": {
    "0": {
      "3": 1095.23924327062
    },
    "1": {
      "3": 1541.4914855424925
    },
    "2": {
      "3": 1715.8187549971587
    },
    "3": {
      "3": 0.0
    }
  },
  "stats": {
    "x": {
      "min": -750,
      "avg": -72.5,
      "stdev": 758.8862453183174,
      "median": -252.5,
      "q1": -566.25,
      "q3": 241.25,
      "max": 965
    },
    "y": {
      "min": 0,
      "avg": 517.75,
      "stdev": 402.6697364673271,
      "median": 544.5,
      "q1": 388.5,
      "q3": 673.75,
      "max": 982
    }
  }
}