{"cities": [{"number_of_city": 0, "x": 0, "y": 0}, {"number_of_city": 1, "x": -134, "y": 100}, {"number_of_city": 2, "x": -207, "y": -953}, {"number_of_city": 3, "x": -993, "y": 494}], "distance_matrix": {"0": {"3": 1109.0919709383888}, "1": {"3": 945.0486759950516}, "2": {"3": 1646.6951751918143}, "3": {"3": 0.0}}, "stats": {"x": {"min": -993, "avg": -333.5, "stdev": 447.9453091617324, "median": -170.5, "q1": -403.5, "q3": -100.5, "max": 0}, "y": {"min": -953, "avg": -89.75, "stdev": 613.7384757913314, "median": 50.0, "q1": -238.25, "q3": 198.5, "max": 494}}}