{
  "cities": [
    {
      "number_of_city": 0,
      "x": 0,
      "y": 0
    },
    {
      "number_of_city": 1,
      "x": -127,
      "y": 601
    },
    {
      "number_of_city": 2,
      "x": -506,
      "y": 23
    },
    {
      "number_of_city": 3,
      "x": -197,
      "y": -789
    }
  ],
  "distance_matrix": {
    "0": {
      "3": 813.2219869137823
    },
    "1": {
      "3": 1391.7614738165444
    },
    "2": {
      "3": 868.80665282904
    },
    "3": {
      "3": 0.0
    }
  },
  "stats": {
    "x": {
      "min": -506,
      "avg": -207.5,
      "stdev": 215.057356690411,
      "median": -162.0,
      "q1": -274.25,
      "q3": -95.25,
      "max": 0
    },
    "y": {
      "min": -789,
      "avg": -41.25,
      "stdev": 570.8019942735543,
      "median": 11.5,
      "q1": -197.25,
      "q3": 167.5,
      "max": 601
    }
  }
}