{
  "cities": [
    {
      "number_of_city": 0,
      "x": 0,
      "y": 0
    },
    {
      "number_of_city": 1,
      "x": -747,
      "y": 962
    },
    {
      "number_of_city": 2,
      "x": 754,
      "y": -203
    },
    {
      "number_of_city": 3,
      "x": -851,
      "y": 633
    }
  ],
  "distance_matrix": {
    "0": {
      "3": 1060.6083160149178
    },
    "1": {
      "3": 345.04637369489916
    },
    "2": {
      "3": 1809.6742800846787
    },
    "3": {
      "3": 0.0
    }
  },
  "stats": {
    "x": {
      "min": -851,
      "avg": -211.0,
      "stdev": 746.6909222250753,
      "median": -373.5,
      "q1": -773.0,
      "q3": 188.5,
      "max": 754
    },
    "y": {
      "min": -203,
      "avg": 348.0,
      "stdev": 542.5022273379776,
      "median": 316.5,
      "q1": -50.75,
      "q3": 715.25,
      "max": 962
    }
  }
}