{"cities": [{"number_of_city": 0, "x": 0, "y": 0}, {"number_of_city": 1, "x": 451, "y": -157}, {"number_of_city": 2, "x": -447, "y": 996}, {"number_of_city": 3, "x": 458, "y": 562}], "distance_matrix": {"0": {"3": 724.9882757672706}, "1": {"3": 719.0340742969}, "2": {"3": 1003.683715121452}, "3": {"3": 0.0}}, "stats": {"x": {"min": -447, "avg": 115.5, "stdev": 431.9000656016003, "median": 225.5, "q1": -111.75, "q3": 452.75, "max": 458}, "y": {"min": -157, "avg": 350.25, "stdev": 529.7196585616459, "median": 281.0, "q1": -39.25, "q3": 670.5, "max": 996}}}