{
  "cities": [
    {
      "number_of_city": 0,
      "x": 0,
      "y": 0
    },
    {
      "number_of_city": 1,
      "x": -491,
      "y": -959
    },
    {
      "number_of_city": 2,
      "x": 460,
      "y": 978
    },
    {
      "number_of_city": 3,
      "x": -52,
      "y": 251
    }
  ],
  "distance_matrix": {
    "0": {
      "3": 256.3298656028985
    },
    "1": {
      "3": 1287.1755901973902
    },
    "2": {
      "3": 889.1979532140186
    },
    "3": {
      "3": 0.0
    }
  },
  "stats": {
    "x": {
      "min": -491,
      "avg": -20.75,
      "stdev": 388.87133690549456,
      "median": -26.0,
      "q1": -161.75,
      "q3": 115.0,
      "max": 460
    },
    "y": {
      "min": -959,
      "avg": 67.5,
      "stdev": 800.1960176523417,
      "median": 125.5,
      "q1": -239.75,
      "q3": 432.75,
      "max": 978
    }
  }
}