{
  "cities": [
    {
      "number_of_city": 0,
      "x": 0,
      "y": 0
    },
    {
      "number_of_city": 1,
      "x": -108,
      "y": 708
    },
    {
      "number_of_city": 2,
      "x": 317,
      "y": 19
    },
    {
      "number_of_city": 3,
      "x": 664,
      "y": 762
    }
  ],
  "distance_matrix": {
    "0": {
      "3": 1010.7126198875721
    },
    "1": {
      "3": 773.8862965578342
    },
    "2": {
      "3": 820.0353650910429
    },
    "3": {
      "3": 0.0
    }
  },
  "stats": {
    "x": {
      "min": -108,
      "avg": 218.25,
      "stdev": 347.61892449443354,
      "median": 158.5,
      "q1": -27.0,
      "q3": 403.75,
      "max": 664
    },
    "y": {
      "min": 0,
      "avg": 372.25,
      "stdev": 419.51906988836635,
      "median": 363.5,
      "q1": 14.25,
      "q3": 721.5,
      "max": 762
    }
  }
}