{"cities": [{"number_of_city": 0, "x": 0, "y": 0}, {"number_of_city": 1, "x": -791, "y": 11}, {"number_of_city": 2, "x": 814, "y": 763}, {"number_of_city": 3, "x": -337, "y": -192}], "distance_matrix": {"0": {"3": 387.85693238615704}, "1": {"3": 497.31780583445834}, "2": {"3": 1495.6022198432308}, "3": {"3": 0.0}}, "stats": {"x": {"min": -791, "avg": -78.5, "stdev": 677.5438485195381, "median": -168.5, "q1": -450.5, "q3": 203.5, "max": 814}, "y": {"min": -192, "avg": 145.5, "stdev": 422.08727375587466, "median": 5.5, "q1": -48.0, "q3": 199.0, "max": 763}}}