{
  "cities": [
    {
      "number_of_city": 0,
      "x": 0,
      "y": 0
    },
    {
      "number_of_city": 1,
      "x": 219,
      "y": -732
    },
    {
      "number_of_city": 2,
      "x": -749,
      "y": -5
    },
    {
      "number_of_city": 3,
      "x": 689,
      "y": 681
    }
  ],
  "distance_matrix": {
    "0": {
      "3": 968.7528064475478
    },
    "1": {
      "3": 1489.1168523658578
    },
    "2": {
      "3": 1593.2482543533508
    },
    "3": {
      "3": 0.0
    }
  },
  "stats": {
    "x": {
      "min": -749,
      "avg": 39.75,
      "stdev": 599.2669827937017,
      "median": 109.5,
      "q1": -187.25,
      "q3": 336.5,
      "max": 689
    },
    "y": {
      "min": -732,
      "avg": -14.0,
      "stdev": 577.0112650546781,
      "median": -2.5,
      "q1": -186.75,
      "q3": 170.25,
      "max": 681
    }
  }
}