{
  "cities": [
    {
      "number_of_city": 0,
      "x": 0,
      "y": 0
    },
    {
      "number_of_city": 1,
      "x": 994,
      "y": 837
    },
    {
      "number_of_city": 2,
      "x": 802,
      "y": -886
    },
    {
      "number_of_city": 3,
      "x": 21,
      "y": -969
    }
  ],
  "distance_matrix": {
    "0": {
      "3": 969.2275274671061
    },
    "1": {
      "3": 2051.4299890564143
    },
    "2": {
      "3": 785.3979882836472
    },
    "3": {
      "3": 0.0
    }
  },
  "stats": {
    "x": {
      "min": 0,
      "avg": 454.25,
      "stdev": 518.429921332993,
      "median": 411.5,
      "q1": 15.75,
      "q3": 850.0,
      "max": 994
    },
    "y": {
      "min": -969,
      "avg": -254.5,
      "stdev": 849.5969632714091,
      "median": -443.0,
      "q1": -906.75,
      "q3": 209.25,
      "max": 837
    }
  }
}