{
  "cities": [
    {
      "number_of_city": 0,
      "x": 0,
      "y": 0
    },
    {
      "number_of_city": 1,
      "x": -41,
      "y": -29
    },
    {
      "number_of_city": 2,
      "x": 574,
      "y": -881
    },
    {
      "number_of_city": 3,
      "x": -319,
      "y": 639
    }
  ],
  "distance_matrix": {
    "0": {
      "3": 714.2002520301992
    },
    "1": {
      "3": 723.5385269631466
    },
    "2": {
      "3": 1762.9092432680702
    },
    "3": {
      "3": 0.0
    }
  },
  "stats": {
    "x": {
      "min": -319,
      "avg": 53.5,
      "stdev": 374.8195121210563,
      "median": -20.5,
      "q1": -110.5,
      "q3": 143.5,
      "max": 574
    },
    "y": {
      "min": -881,
      "avg": -67.75,
      "stdev": 623.6886910417194,
      "median": -14.5,
      "q1": -242.0,
      "q3": 159.75,
      "max": 639
    }
  }
}