{
  "cities": [
    {
      "number_of_city": 0,
      "x": 0,
      "y": 0
    },
    {
      "number_of_city": 1,
      "x": -239,
      "y": 280
    },
    {
      "number_of_city": 2,
      "x": 599,
      "y": 198
    },
    {
      "number_of_city": 3,
      "x": 693,
      "y": 39
    }
  ],
  "distance_matrix": {
    "0": {
      "3": 694.096535072752
    },
    "1": {
      "3": 962.6551822953014
    },
    "2": {
      "3": 184.70787747142785
    },
    "3": {
      "3": 0.0
    }
  },
  "stats": {
    "x": {
      "min": -239,
      "avg": 263.25,
      "stdev": 454.22782462841997,
      "median": 299.5,
      "q1": -59.75,
      "q3": 622.5,
      "max": 693
    },
    "y": {
      "min": 0,
      "avg": 129.25,
      "stdev": 132.0388200492567,
      "median": 118.5,
      "q1": 29.25,
      "q3": 218.5,
      "max": 280
    }
  }
}