{
  "cities": [
    {
      "number_of_city": 0,
      "x": 0,
      "y": 0
    },
    {
      "number_of_city": 1,
      "x": 838,
      "y": -389
    },
    {
      "number_of_city": 2,
      "x": -70,
      "y": -848
    },
    {
      "number_of_city": 3,
      "x": -742,
      "y": 371
    }
  ],
  "distance_matrix": {
    "0": {
      "3": 829.581219652422
    },
    "1": {
      "3": 1753.2826355154493
    },
    "2": {
      "3": 1391.9572550908308
    },
    "3": {
      "3": 0.0
    }
  },
  "stats": {
    "x": {
      "min": -742,
      "avg": 6.5,
      "stdev": 647.4408595900221,
      "median": -35.0,
      "q1": -238.0,
      "q3": 209.5,
      "max": 838
    },
    "y": {
      "min": -848,
      "avg": -216.5,
      "stdev": 522.9968132471428,
      "median": -194.5,
      "q1": -503.75,
      "q3": 92.75,
      "max": 371
    }
  }
}