{
  "cities": [
    {
      "number_of_city": 0,
      "x": 0,
      "y": 0
    },
    {
      "number_of_city": 1,
      "x": 848,
      "y": -521
    },
    {
      "number_of_city": 2,
      "x": 159,
      "y": -582
    },
    {
      "number_of_city": 3,
      "x": 424,
      "y": 420
    }
  ],
  "distance_matrix": {
    "0": {
      "3": 596.8048257177551
    },
    "1": {
      "3": 1032.112881423345
    },
    "2": {
      "3": 1036.450191760318
    },
    "3": {
      "3": 0.0
    }
  },
  "stats": {
    "x": {
      "min": 0,
      "avg": 357.75,
      "stdev": 370.684389564312,
      "median": 291.5,
      "q1": 119.25,
      "q3": 530.0,
      "max": 848
    },
    "y": {
      "min": -582,
      "avg": -170.75,
      "stdev": 472.5613716756798,
      "median": -260.5,
      "q1": -536.25,
      "q3": 105.0,
      "max": 420
    }
  }
}