{"cities": [{"number_of_city": 0, "x": 0, "y": 0}, {"number_of_city": 1, "x": -54, "y": 598}, {"number_of_city": 2, "x": 697, "y": 564}, {"number_of_city": 3, "x": -133, "y": 935}], "distance_matrix": {"0": {"3": 944.4119863703552}, "1": {"3": 346.13581149600805}, "2": {"3": 909.1430030528751}, "3": {"3": 0.0}}, "stats": {"x": {"min": -133, "avg": 127.5, "stdev": 383.57485145231647, "median": -27.0, "q1": -73.75, "q3": 174.25, "max": 697}, "y": {"min": 0, "avg": 524.25, "stdev": 387.54472860131466, "median": 581.0, "q1": 423.0, "q3": 682.25, "max": 935}}}