{"cities": [{"number_of_city": 0, "x": 0, "y": 0}, {"number_of_city": 1, "x": -181, "y": 712}, {"number_of_city": 2, "x": -538, "y": -893}, {"number_of_city": 3, "x": 289, "y": -800}], "distance_matrix": {"0": {"3": 850.6003762049486}, "1": {"3": 1583.364771617709}, "2": {"3": 832.2127131929673}, "3": {"3": 0.0}}, "stats": {"x": {"min": -538, "avg": -107.5, "stdev": 346.1699967742246, "median": -90.5, "q1": -270.25, "q3": 72.25, "max": 289}, "y": {"min": -893, "avg": -245.25, "stdev": 753.6141253984031, "median": -400.0, "q1": -823.25, "q3": 178.0, "max": 712}}}