{
  "cities": [
    {
      "number_of_city": 0,
      "x": 0,
      "y": 0
    },
    {
      "number_of_city": 1,
      "x": 620,
      "y": 921
    },
    {
      "number_of_city": 2,
      "x": 897,
      "y": -346
    },
    {
      "number_of_city": 3,
      "x": 481,
      "y": 265
    }
  ],
  "distance_matrix": {
    "0": {
      "3": 549.1684623137057
    },
    "1": {
      "3": 670.5646874090522
    },
    "2": {
      "3": 739.173186743134
    },
    "3": {
      "3": 0.0
    }
  },
  "stats": {
    "x": {
      "min": 0,
      "avg": 499.5,
      "stdev": 375.2194913203026,
      "median": 550.5,
      "q1": 360.75,
      "q3": 689.25,
      "max": 897
    },
    "y": {
      "min": -346,
      "avg": 210.0,
      "stdev": 535.9670387875235,
      "median": 132.5,
      "q1": -86.5,
      "q3": 429.0,
      "max": 921
    }
  }
}