{
  "cities": [
    {
      "number_of_city": 0,
      "x": 0,
      "y": 0
    },
    {
      "number_of_city": 1,
      "x": 822,
      "y": 722
    },
    {
      "number_of_city": 2,
      "x": -16,
      "y": -140
    },
    {
      "number_of_city": 3,
      "x": -210,
      "y": 679
    }
  ],
  "distance_matrix": {
    "0": {
      "3": 710.7327205075055
    },
    "1": {
      "3": 1032.895444853931
    },
    "2": {
      "3": 841.6632343164337
    },
    "3": {
      "3": 0.0
    }
  },
  "stats": {
    "x": {
      "min": -210,
      "avg": 149.0,
      "stdev": 458.70687808228905,
      "median": -8.0,
      "q1": -64.5,
      "q3": 205.5,
      "max": 822
    },
    "y": {
      "min": -140,
      "avg": 315.25,
      "stdev": 448.84843395813095,
      "median": 339.5,
      "q1": -35.0,
      "q3": 689.75,
      "max": 722
    }
  }
}