{
  "cities": [
    {
      "number_of_city": 0,
      "x": 0,
      "y": 0
    },
    {
      "number_of_city": 1,
      "x": -84,
      "y": -821
    },
    {
      "number_of_city": 2,
      "x": 268,
      "y": 642
    },
    {
      "number_of_city": 3,
      "x": -380,
      "y": 857
    }
  ],
  "distance_matrix": {
    "0": {
      "3": 937.469466169432
    },
    "1": {
      "3": 1703.907274472411
    },
    "2": {
      "3": 682.7364059430257
    },
    "3": {
      "3": 0.0
    }
  },
  "stats": {
    "x": {
      "min": -380,
      "avg": -49.0,
      "stdev": 266.8807474010318,
      "median": -42.0,
      "q1": -158.0,
      "q3": 67.0,
      "max": 268
    },
    "y": {
      "min": -821,
      "avg": 169.5,
      "stdev": 754.0408919061795,
      "median": 321.0,
      "q1": -205.25,
      "q3": 695.75,
      "max": 857
    }
  }
}