{"cities": [{"number_of_city": 0, "x": 0, "y": 0}, {"number_of_city": 1, "x": -815, "y": -187}, {"number_of_city": 2, "x": 221, "y": 252}, {"number_of_city": 3, "x": -971, "y": -996}], "distance_matrix": {"0": {"3": 1390.9913730861165}, "1": {"3": 823.9035137684509}, "2": {"3": 1725.794889319122}, "3": {"3": 0.0}}, "stats": {"x": {"min": -971, "avg": -391.25, "stdev": 589.8024386747368, "median": -407.5, "q1": -854.0, "q3": 55.25, "max": 221}, "y": {"min": -996, "avg": -232.75, "stdev": 539.6908837473541, "median": -93.5, "q1": -389.25, "q3": 63.0, "max": 252}}}