{
  "cities": [
    {
      "number_of_city": 0,
      "x": 0,
      "y": 0
    },
    {
      "number_of_city": 1,
      "x": 451,
      "y": 225
    },
    {
      "number_of_city": 2,
      "x": 748,
      "y": 316
    },
    {
      "number_of_city": 3,
      "x": 6,
      "y": -734
    }
  ],
  "distance_matrix": {
    "0": {
      "3": 734.0245227511135
    },
    "1": {
      "3": 1057.2161557600225
    },
    "2": {
      "3": 1285.715365078912
    },
    "3": {
      "3": 0.0
    }
  },
  "stats": {
    "x": {
      "min": 0,
      "avg": 301.25,
      "stdev": 365.11858804138325,
      "median": 228.5,
      "q1": 4.5,
      "q3": 525.25,
      "max": 748
    },
    "y": {
      "min": -734,
      "avg": -48.25,
      "stdev": 476.0688850716179,
      "median": 112.5,
      "q1": -183.5,
      "q3": 247.75,
      "max": 316
    }
  }
}