{"cities": [{"number_of_city": 0, "x": 0, "y": 0}, {"number_of_city": 1, "x": 266, "y": 788}, {"number_of_city": 2, "x": 169, "y": 617}, {"number_of_city": 3, "x": -963, "y": 80}], "distance_matrix": {"0": {"3": 966.3172356943655}, "1": {"3": 1418.345867551353}, "2": {"3": 1252.913803898736}, "3": {"3": 0.0}}, "stats": {"x": {"min": -963, "avg": -132.0, "stdev": 564.7978989573763, "median": 84.5, "q1": -240.75, "q3": 193.25, "max": 266}, "y": {"min": 0, "avg": 371.25, "stdev": 390.18232917445147, "median": 348.5, "q1": 60.0, "q3": 659.75, "max": 788}}}