{
  "cities": [
    {
      "number_of_city": 0,
      "x": 0,
      "y": 0
    },
    {
      "number_of_city": 1,
      "x": 212,
      "y": 176
    },
    {
      "number_of_city": 2,
      "x": -426,
      "y": 784
    },
    {
      "number_of_city": 3,
      "x": 526,
      "y": 497
    }
  ],
  "distance_matrix": {
    "0": {
      "3": 723.6608321582701
    },
    "1": {
      "3": 449.040087297337
    },
    "2": {
      "3": 994.3203709066812
    },
    "3": {
      "3": 0.0
    }
  },
  "stats": {
    "x": {
      "min": -426,
      "avg": 78.0,
      "stdev": 399.48299922107657,
      "median": 106.0,
      "q1": -106.5,
      "q3": 290.5,
      "max": 526
    },
    "y": {
      "min": 0,
      "avg": 364.25,
      "stdev": 347.33689217626545,
      "median": 336.5,
      "q1": 132.0,
      "q3": 568.75,
      "max": 784
    }
  }
}