{
  "cities": [
    {
      "number_of_city": 0,
      "x": 0,
      "y": 0
    },
    {
      "number_of_city": 1,
      "x": -939,
      "y": 60
    },
    {
      "number_of_city": 2,
      "x": -703,
      "y": -155
    },
    {
      "number_of_city": 3,
      "x": 342,
      "y": 85
    }
  ],
  "distance_matrix": {
    "0": {
      "3": 352.40459701882435
    },
    "1": {
      "3": 1281.2439268148746
    },
    "2": {
      "3": 1072.2056705688512
    },
    "3": {
      "3": 0.0
    }
  },
  "stats": {
    "x": {
      "min": -939,
      "avg": -325.0,
      "stdev": 597.3257067965517,
      "median": -351.5,
      "q1": -762.0,
      "q3": 85.5,
      "max": 342
    },
    "y": {
      "min": -155,
      "avg": -2.5,
      "stdev": 107.7419757259599,
      "median": 30.0,
      "q1": -38.75,
      "q3": 66.25,
      "max": 85
    }
  }
}