{
  "cities": [
    {
      "number_of_city": 0,
      "x": 0,
      "y": 0
    },
    {
      "number_of_city": 1,
      "x": 0,
      "y": -759
    },
    {
      "number_of_city": 2,
      "x": 947,
      "y": 276
    },
    {
      "number_of_city": 3,
      "x": 260,
      "y": -151
    }
  ],
  "distance_matrix": {
    "0": {
      "3": 300.66759053812234
    },
    "1": {
      "3": 661.2594044699856
    },
    "2": {
      "3": 808.8868894969185
    },
    "3": {
      "3": 0.0
    }
  },
  "stats": {
    "x": {
      "min": 0,
      "avg": 301.75,
      "stdev": 447.28691388563266,
      "median": 130.0,
      "q1": 0.0,
      "q3": 431.75,
      "max": 947
    },
    "y": {
      "min": -759,
      "avg": -158.5,
      "stdev": 437.63340823113583,
      "median": -75.5,
      "q1": -303.0,
      "q3": 69.0,
      "max": 276
    }
  }
}