{"cities": [{"number_of_city": 0, "x": 0, "y": 0}, {"number_of_city": 1, "x": -337, "y": -486}, {"number_of_city": 2, "x": -307, "y": -188}, {"number_of_city": 3, "x": -639, "y": 729}], "distance_matrix": {"0": {"3": 969.4132245848516}, "1": {"3": 1251.9700475650366}, "2": {"3": 975.2502243014354}, "3": {"3": 0.0}}, "stats": {"x": {"min": -639, "avg": -320.75, "stdev": 261.1619867693867, "median": -322.0, "q1": -412.5, "q3": -230.25, "max": 0}, "y": {"min": -486, "avg": 13.75, "stdev": 517.115315959603, "median": -94.0, "q1": -262.5, "q3": 182.25, "max": 729}}}