{"cities": [{"number_of_city": 0, "x": 0, "y": 0}, {"number_of_city": 1, "x": -141, "y": 433}, {"number_of_city": 2, "x": -917, "y": 428}, {"number_of_city": 3, "x": -999, "y": -855}], "distance_matrix": {"0": {"3": 1314.924332423733}, "1": {"3": 1547.6136468770235}, "2": {"3": 1285.6177503441681}, "3": {"3": 0.0}}, "stats": {"x": {"min": -999, "avg": -514.25, "stdev": 516.707122072069, "median": -529.0, "q1": -937.5, "q3": -105.75, "max": 0}, "y": {"min": -855, "avg": 1.5, "stdev": 605.9947744549178, "median": 214.0, "q1": -213.75, "q3": 429.25, "max": 433}}}