{
  "cities": [
    {
      "number_of_city": 0,
      "x": 0,
      "y": 0
    },
    {
      "number_of_city": 1,
      "x": 145,
      "y": 978
    },
    {
      "number_of_city": 2,
      "x": 473,
      "y": -745
    },
    {
      "number_of_city": 3,
      "x": 258,
      "y": -437
    }
  ],
  "distance_matrix": {
    "0": {
      "3": 507.47709307908667
    },
    "1": {
      "3": 1419.5048432464048
    },
    "2": {
      "3": 375.6181571756083
    },
    "3": {
      "3": 0.0
    }
  },
  "stats": {
    "x": {
      "min": 0,
      "avg": 219.0,
      "stdev": 199.56118527075014,
      "median": 201.5,
      "q1": 108.75,
      "q3": 311.75,
      "max": 473
    },
    "y": {
      "min": -745,
      "avg": -51.0,
      "stdev": 751.0157566034594,
      "median": -218.5,
      "q1": -514.0,
      "q3": 244.5,
      "max": 978
    }
  }
}