{"cities": [{"number_of_city": 0, "x": 0, "y": 0}, {"number_of_city": 1, "x": -701, "y": 906}, {"number_of_city": 2, "x": -723, "y": 250}, {"number_of_city": 3, "x": 305, "y": -485}], "distance_matrix": {"0": {"3": 572.9310604252487}, "1": {"3": 1716.658673120548}, "2": {"3": 1263.7282144511928}, "3": {"3": 0.0}}, "stats": {"x": {"min": -723, "avg": -279.75, "stdev": 514.494816948302, "median": -350.5, "q1": -706.5, "q3": 76.25, "max": 305}, "y": {"min": -485, "avg": 167.75, "stdev": 579.0799455458057, "median": 125.0, "q1": -121.25, "q3": 414.0, "max": 906}}}