{
  "cities": [
    {
      "number_of_city": 0,
      "x": 0,
      "y": 0
    },
    {
      "number_of_city": 1,
      "x": -183,
      "y": 591
    },
    {
      "number_of_city": 2,
      "x": 596,
      "y": 735
    },
    {
      "number_of_city": 3,
      "x": -550,
      "y": -135
    }
  ],
  "distance_matrix": {
    "0": {
      "3": 566.325877918359
    },
    "1": {
      "3": 813.4893975953221
    },
    "2": {
      "3": 1438.8245202247563
    },
    "3": {
      "3": 0.0
    }
  },
  "stats": {
    "x": {
      "min": -550,
      "avg": -34.25,
      "stdev": 478.36971406364484,
      "median": -91.5,
      "q1": -274.75,
      "q3": 149.0,
      "max": 596
    },
    "y": {
      "min": -135,
      "avg": 297.75,
      "stdev": 429.38356978347457,
      "median": 295.5,
      "q1": -33.75,
      "q3": 627.0,
      "max": 735
    }
  }
}