{
  "cities": [
    {
      "number_of_city": 0,
      "x": 0,
      "y": 0
    },
    {
      "number_of_city": 1,
      "x": 634,
      "y": 965
    },
    {
      "number_of_city": 2,
      "x": -790,
      "y": 216
    },
    {
      "number_of_city": 3,
      "x": 531,
      "y": -736
    }
  ],
  "distance_matrix": {
    "0": {
      "3": 907.55550794428
    },
    "1": {
      "3": 1704.11560640703
    },
    "2": {
      "3": 1628.295120670697
    },
    "3": {
      "3": 0.0
    }
  },
  "stats": {
    "x": {
      "min": -790,
      "avg": 93.75,
      "stdev": 651.373100969534,
      "median": 265.5,
      "q1": -197.5,
      "q3": 556.75,
      "max": 634
    },
    "y": {
      "min": -736,
      "avg": 111.25,
      "stdev": 700.0168450354129,
      "median": 108.0,
      "q1": -184.0,
      "q3": 403.25,
      "max": 965
    }
  }
}