{"cities": [{"number_of_city": 0, "x": 0, "y": 0}, {"number_of_city": 1, "x": -49, "y": 414}, {"number_of_city": 2, "x": 651, "y": -602}, {"number_of_city": 3, "x": -429, "y": 751}], "distance_matrix": {"0": {"3": 864.8942131844796}, "1": {"3": 507.90648745610645}, "2": {"3": 1731.1871649246941}, "3": {"3": 0.0}}, "stats": {"x": {"min": -429, "avg": 43.25, "stdev": 448.2412854702253, "median": -24.5, "q1": -144.0, "q3": 162.75, "max": 651}, "y": {"min": -602, "avg": 140.75, "stdev": 582.6830899668647, "median": 207.0, "q1": -150.5, "q3": 498.25, "max": 751}}}