{"cities": [{"number_of_city": 0, "x": 0, "y": 0}, {"number_of_city": 1, "x": 32, "y": -389}, {"number_of_city": 2, "x": -183, "y": -295}, {"number_of_city": 3, "x": 476, "y": 626}], "distance_matrix": {"0": {"3": 786.4171920806411}, "1": {"3": 1107.8632587102074}, "2": {"3": 1132.4848784862427}, "3": {"3": 0.0}}, "stats": {"x": {"min": -183, "avg": 81.25, "stdev": 279.69194363322896, "median": 16.0, "q1": -45.75, "q3": 143.0, "max": 476}, "y": {"min": -389, "avg": -14.5, "stdev": 458.0323860456449, "median": -147.5, "q1": -318.5, "q3": 156.5, "max": 626}}}