{
  "cities": [
    {
      "number_of_city": 0,
      "x": 0,
      "y": 0
    },
    {
      "number_of_city": 1,
      "x": -913,
      "y": -210
    },
    {
      "number_of_city": 2,
      "x": 57,
      "y": -839
    },
    {
      "number_of_city": 3,
      "x": 43,
      "y": -148
    }
  ],
  "distance_matrix": {
    "0": {
      "3": 154.12008305214476
    },
    "1": {
      "3": 958.0083506942933
    },
    "2": {
      "3": 691.1418088930809
    },
    "3": {
      "3": 0.0
    }
  },
  "stats": {
    "x": {
      "min": -913,
      "avg": -203.25,
      "stdev": 473.78783929799914,
      "median": 21.5,
      "q1": -228.25,
      "q3": 46.5,
      "max": 57
    },
    "y": {
      "min": -839,
      "avg": -299.25,
      "stdev": 370.46041174013,
      "median": -179.0,
      "q1": -367.25,
      "q3": -111.0,
      "max": 0
    }
  }
}