{
  "cities": [
    {
      "number_of_city": 0,
      "x": 0,
      "y": 0
    },
    {
      "number_of_city": 1,
      "x": -523,
      "y": 291
    },
    {
      "number_of_city": 2,
      "x": -409,
      "y": 305
    },
    {
      "number_of_city": 3,
      "x": -976,
      "y": 924
    }
  ],
  "distance_matrix": {
    "0": {
      "3": 1344.0059523677712
    },
    "1": {
      "3": 778.3945015222038
    },
    "2": {
      "3": 839.4343333459741
    },
    "3": {
      "3": 0.0
    }
  },
  "stats": {
    "x": {
      "min": -976,
      "avg": -477.0,
      "stdev": 401.3601873629222,
      "median": -466.0,
      "q1": -636.25,
      "q3": -306.75,
      "max": 0
    },
    "y": {
      "min": 0,
      "avg": 380.0,
      "stdev": 388.96529408161854,
      "median": 298.0,
      "q1": 218.25,
      "q3": 459.75,
      "max": 924
    }
  }
}