{"cities": [{"number_of_city": 0, "x": 0, "y": 0}, {"number_of_city": 1, "x": -710, "y": -598}, {"number_of_city": 2, "x": 391, "y": 406}, {"number_of_city": 3, "x": -413, "y": 162}], "distance_matrix": {"0": {"3": 443.6361121459794}, "1": {"3": 815.9712004721736}, "2": {"3": 840.2094976849523}, "3": {"3": 0.0}}, "stats": {"x": {"min": -710, "avg": -183.0, "stdev": 480.8305314765276, "median": -206.5, "q1": -487.25, "q3": 97.75, "max": 391}, "y": {"min": -598, "avg": -7.5, "stdev": 427.5741651066709, "median": 81.0, "q1": -149.5, "q3": 223.0, "max": 406}}}