{
  "cities": [
    {
      "number_of_city": 0,
      "x": 0,
      "y": 0
    },
    {
      "number_of_city": 1,
      "x": -105,
      "y": 643
    },
    {
      "number_of_city": 2,
      "x": 678,
      "y": -152
    },
    {
      "number_of_city": 3,
      "x": -503,
      "y": -673
    }
  ],
  "distance_matrix": {
    "0": {
      "3": 840.2011663881455
    },
    "1": {
      "3": 1374.8672663206437
    },
    "2": {
      "3": 1290.8144715643684
    },
    "3": {
      "3": 0.0
    }
  },
  "stats": {
    "x": {
      "min": -503,
      "avg": 17.5,
      "stdev": 490.7453514807858,
      "median": -52.5,
      "q1": -204.5,
      "q3": 169.5,
      "max": 678
    },
    "y": {
      "min": -673,
      "avg": -45.5,
      "stdev": 541.9720164977771,
      "median": -76.0,
      "q1": -282.25,
      "q3": 160.75,
      "max": 643
    }
  }
}