{
  "cities": [
    {
      "number_of_city": 0,
      "x": 0,
      "y": 0
    },
    {
      "number_of_city": 1,
      "x": 381,
      "y": 142
    },
    {
      "number_of_city": 2,
      "x": 231,
      "y": 344
    },
    {
      "number_of_city": 3,
      "x": -616,
      "y": -930
    }
  ],
  "distance_matrix": {
    "0": {
      "3": 1115.5070595921839
    },
    "1": {
      "3": 1463.9648219817304
    },
    "2": {
      "3": 1529.8643730736394
    },
    "3": {
      "3": 0.0
    }
  },
  "stats": {
    "x": {
      "min": -616,
      "avg": -1.0,
      "stdev": 438.9282401486603,
      "median": 115.5,
      "q1": -154.0,
      "q3": 268.5,
      "max": 381
    },
    "y": {
      "min": -930,
      "avg": -111.0,
      "stdev": 563.9491702863536,
      "median": 71.0,
      "q1": -232.5,
      "q3": 192.5,
      "max": 344
    }
  }
}