{
  "cities": [
    {
      "number_of_city": 0,
      "x": 0,
      "y": 0
    },
    {
      "number_of_city": 1,
      "x": -393,
      "y": -688
    },
    {
      "number_of_city": 2,
      "x": -154,
      "y": 637
    },
    {
      "number_of_city": 3,
      "x": -836,
      "y": 758
    }
  ],
  "distance_matrix": {
    "0": {
      "3": 1128.4768495631622
    },
    "1": {
      "3": 1512.3375945866055
    },
    "2": {
      "3": 692.6507056229713
    },
    "3": {
      "3": 0.0
    }
  },
  "stats": {
    "x": {
      "min": -836,
      "avg": -345.75,
      "stdev": 364.6408049939922,
      "median": -273.5,
      "q1": -503.75,
      "q3": -115.5,
      "max": 0
    },
    "y": {
      "min": -688,
      "avg": 176.75,
      "stdev": 665.5110191925199,
      "median": 318.5,
      "q1": -172.0,
      "q3": 667.25,
      "max": 758
    }
  }
}