{
  "cities": [
    {
      "number_of_city": 0,
      "x": 0,
      "y": 0
    },
    {
      "number_of_city": 1,
      "x": 449,
      "y": -601
    },
    {
      "number_of_city": 2,
      "x": 213,
      "y": -87
    },
    {
      "number_of_city": 3,
      "x": 212,
      "y": 224
    }
  ],
  "distance_matrix": {
    "0": {
      "3": 308.41530441921975
    },
    "1": {
      "3": 858.3670543537887
    },
    "2": {
      "3": 311.00160771288625
    },
    "3": {
      "3": 0.0
    }
  },
  "stats": {
    "x": {
      "min": 0,
      "avg": 218.5,
      "stdev": 183.43482039496573,
      "median": 212.5,
      "q1": 159.0,
      "q3": 272.0,
      "max": 449
    },
    "y": {
      "min": -601,
      "avg": -116.0,
      "stdev": 348.8657812588293,
      "median": -43.5,
      "q1": -215.5,
      "q3": 56.0,
      "max": 224
    }
  }
}