{"cities": [{"number_of_city": 0, "x": 0, "y": 0}, {"number_of_city": 1, "x": -187, "y": 737}, {"number_of_city": 2, "x": -957, "y": -419}, {"number_of_city": 3, "x": -77, "y": 116}], "distance_matrix": {"0": {"3": 139.2300254973761}, "1": {"3": 630.6671071175347}, "2": {"3": 1029.866496202299}, "3": {"3": 0.0}}, "stats": {"x": {"min": -957, "avg": -305.25, "stdev": 441.22433825285145, "median": -132.0, "q1": -379.5, "q3": -57.75, "max": 0}, "y": {"min": -419, "avg": 108.5, "stdev": 477.87620433190295, "median": 58.0, "q1": -104.75, "q3": 271.25, "max": 737}}}