{"cities": [{"number_of_city": 0, "x": 0, "y": 0}, {"number_of_city": 1, "x": -153, "y": -738}, {"number_of_city": 2, "x": -897, "y": 752}, {"number_of_city": 3, "x": 653, "y": -56}], "distance_matrix": {"0": {"3": 655.3968263578944}, "1": {"3": 1055.8219546874368}, "2": {"3": 1747.9599537746853}, "3": {"3": 0.0}}, "stats": {"x": {"min": -897, "avg": -99.25, "stdev": 636.4025848470447, "median": -76.5, "q1": -339.0, "q3": 163.25, "max": 653}, "y": {"min": -738, "avg": -10.5, "stdev": 609.0547320780512, "median": -28.0, "q1": -226.5, "q3": 188.0, "max": 752}}}