{"cities": [{"number_of_city": 0, "x": 0, "y": 0}, {"number_of_city": 1, "x": 793, "y": -794}, {"number_of_city": 2, "x": 119, "y": -811}, {"number_of_city": 3, "x": 276, "y": 443}], "distance_matrix": {"0": {"3": 521.9434835305448}, "1": {"3": 1340.6931043307413}, "2": {"3": 1263.7899350762373}, "3": {"3": 0.0}}, "stats": {"x": {"min": 0, "avg": 297.0, "stdev": 349.4519518713076, "median": 197.5, "q1": 89.25, "q3": 405.25, "max": 793}, "y": {"min": -811, "avg": -290.5, "stdev": 618.2893066086997, "median": -397.0, "q1": -798.25, "q3": 110.75, "max": 443}}}