{"cities": [{"number_of_city": 0, "x": 0, "y": 0}, {"number_of_city": 1, "x": 134, "y": -580}, {"number_of_city": 2, "x": -437, "y": 54}, {"number_of_city": 3, "x": -981, "y": 459}], "distance_matrix": {"0": {"3": 1083.0706348156616}, "1": {"3": 1524.0557732576588}, "2": {"3": 678.2042465216507}, "3": {"3": 0.0}}, "stats": {"x": {"min": -981, "avg": -321.0, "stdev": 503.03147681498683, "median": -218.5, "q1": -573.0, "q3": 33.5, "max": 134}, "y": {"min": -580, "avg": -16.75, "stdev": 427.7361920623505, "median": 27.0, "q1": -145.0, "q3": 155.25, "max": 459}}}