{"cities": [{"number_of_city": 0, "x": 0, "y": 0}, {"number_of_city": 1, "x": -62, "y": 485}, {"number_of_city": 2, "x": 140, "y": 444}, {"number_of_city": 3, "x": -442, "y": 303}], "distance_matrix": {"0": {"3": 535.8852489106226}, "1": {"3": 421.33597045588215}, "2": {"3": 598.8363716408682}, "3": {"3": 0.0}}, "stats": {"x": {"min": -442, "avg": -91.0, "stdev": 248.78638762333173, "median": -31.0, "q1": -157.0, "q3": 35.0, "max": 140}, "y": {"min": 0, "avg": 308.0, "stdev": 219.631509579113, "median": 373.5, "q1": 227.25, "q3": 454.25, "max": 485}}}