{
  "cities": [
    {
      "number_of_city": 0,
      "x": 0,
      "y": 0
    },
    {
      "number_of_city": 1,
      "x": -116,
      "y": 300
    },
    {
      "number_of_city": 2,
      "x": -379,
      "y": -981
    },
    {
      "number_of_city": 3,
      "x": 187,
      "y": 618
    }
  ],
  "distance_matrix": {
    "0": {
      "3": 645.6725176124503
    },
    "1": {
      "3": 439.2413914921953
    },
    "2": {
      "3": 1696.218441121308
    },
    "3": {
      "3": 0.0
    }
  },
  "stats": {
    "x": {
      "min": -379,
      "avg": -77.0,
      "stdev": 236.88956639469512,
      "median": -58.0,
      "q1": -181.75,
      "q3": 46.75,
      "max": 187
    },
    "y": {
      "min": -981,
      "avg": -15.75,
      "stdev": 691.2049261977232,
      "median": 150.0,
      "q1": -245.25,
      "q3": 379.5,
      "max": 618
    }
  }
}