{
  "cities": [
    {
      "number_of_city": 0,
      "x": 0,
      "y": 0
    },
    {
      "number_of_city": 1,
      "x": 307,
      "y": 498
    },
    {
      "number_of_city": 2,
      "x": 772,
      "y": -95
    },
    {
      "number_of_city": 3,
      "x": -652,
      "y": -519
    }
  ],
  "distance_matrix": {
    "0": {
      "3": 833.3456665754013
    },
    "1": {
      "3": 1397.8447696364572
    },
    "2": {
      "3": 1485.7832951006012
    },
    "3": {
      "3": 0.0
    }
  },
  "stats": {
    "x": {
      "min": -652,
      "avg": 106.75,
      "stdev": 597.1473157158681,
      "median": 153.5,
      "q1": -163.0,
      "q3": 423.25,
      "max": 772
    },
    "y": {
      "min": -519,
      "avg": -29.0,
      "stdev": 417.5428121761887,
      "median": -47.5,
      "q1": -201.0,
      "q3": 124.5,
      "max": 498
    }
  }
}