{
  "cities": [
    {
      "number_of_city": 0,
      "x": 0,
      "y": 0
    },
    {
      "number_of_city": 1,
      "x": 462,
      "y": -491
    },
    {
      "number_of_city": 2,
      "x": -282,
      "y": 663
    },
    {
      "number_of_city": 3,
      "x": 649,
      "y": -668
    }
  ],
  "distance_matrix": {
    "0": {
      "3": 931.3565375300697
    },
    "1": {
      "3": 257.48398008419866
    },
    "2": {
      "3": 1624.2912300446617
    },
    "3": {
      "3": 0.0
    }
  },
  "stats": {
    "x": {
      "min": -282,
      "avg": 207.25,
      "stdev": 425.1896635620391,
      "median": 231.0,
      "q1": -70.5,
      "q3": 508.75,
      "max": 649
    },
    "y": {
      "min": -668,
      "avg": -124.0,
      "stdev": 595.9222544370476,
      "median": -245.5,
      "q1": -535.25,
      "q3": 165.75,
      "max": 663
    }
  }
}