{
  "cities": [
    {
      "number_of_city": 0,
      "x": 0,
      "y": 0
    },
    {
      "number_of_city": 1,
      "x": 629,
      "y": 966
    },
    {
      "number_of_city": 2,
      "x": 396,
      "y": -483
    },
    {
      "number_of_city": 3,
      "x": 236,
      "y": 229
    }
  ],
  "distance_matrix": {
    "0": {
      "3": 328.8419073050149
    },
    "1": {
      "3": 835.235296189044
    },
    "2": {
      "3": 729.7561236467975
    },
    "3": {
      "3": 0.0
    }
  },
  "stats": {
    "x": {
      "min": 0,
      "avg": 315.25,
      "stdev": 264.96713632700437,
      "median": 316.0,
      "q1": 177.0,
      "q3": 454.25,
      "max": 629
    },
    "y": {
      "min": -483,
      "avg": 178.0,
      "stdev": 603.365560833563,
      "median": 114.5,
      "q1": -120.75,
      "q3": 413.25,
      "max": 966
    }
  }
}