{"cities": [{"number_of_city": 0, "x": 0, "y": 0}, {"number_of_city": 1, "x": 255, "y": 849}, {"number_of_city": 2, "x": -236, "y": 915}, {"number_of_city": 3, "x": 686, "y": 213}], "distance_matrix": {"0": {"3": 718.3070374150598}, "1": {"3": 768.2818493235409}, "2": {"3": 1158.8304448882934}, "3": {"3": 0.0}}, "stats": {"x": {"min": -236, "avg": 176.25, "stdev": 394.5718143337999, "median": 127.5, "q1": -59.0, "q3": 362.75, "max": 686}, "y": {"min": 0, "avg": 494.25, "stdev": 456.89632303182304, "median": 531.0, "q1": 159.75, "q3": 865.5, "max": 915}}}