{
  "cities": [
    {
      "number_of_city": 0,
      "x": 0,
      "y": 0
    },
    {
      "number_of_city": 1,
      "x": 125,
      "y": -744
    },
    {
      "number_of_city": 2,
      "x": -273,
      "y": -423
    },
    {
      "number_of_city": 3,
      "x": -204,
      "y": -526
    }
  ],
  "distance_matrix": {
    "0": {
      "3": 564.1737321074067
    },
    "1": {
      "3": 394.6707488527621
    },
    "2": {
      "3": 123.97580409095961
    },
    "3": {
      "3": 0.0
    }
  },
  "stats": {
    "x": {
      "min": -273,
      "avg": -88.0,
      "stdev": 183.29757226979302,
      "median": -102.0,
      "q1": -221.25,
      "q3": 31.25,
      "max": 125
    },
    "y": {
      "min": -744,
      "avg": -423.25,
      "stdev": 312.2919307314872,
      "median": -474.5,
      "q1": -580.5,
      "q3": -317.25,
      "max": 0
    }
  }
}