{
  "cities": [
    {
      "number_of_city": 0,
      "x": 0,
      "y": 0
    },
    {
      "number_of_city": 1,
      "x": -896,
      "y": 496
    },
    {
      "number_of_city": 2,
      "x": -240,
      "y": 689
    },
    {
      "number_of_city": 3,
      "x": 285,
      "y": 292
    }
  ],
  "distance_matrix": {
    "0": {
      "3": 408.0306361046925
    },
    "1": {
      "3": 1198.4894659528718
    },
    "2": {
      "3": 658.2051351972272
    },
    "3": {
      "3": 0.0
    }
  },
  "stats": {
    "x": {
      "min": -896,
      "avg": -212.75,
      "stdev": 503.51787455859005,
      "median": -120.0,
      "q1": -404.0,
      "q3": 71.25,
      "max": 285
    },
    "y": {
      "min": 0,
      "avg": 369.25,
      "stdev": 294.74211892206154,
      "median": 394.0,
      "q1": 219.0,
      "q3": 544.25,
      "max": 689
    }
  }
}