{
  "cities": [
    {
      "number_of_city": 0,
      "x": 0,
      "y": 0
    },
    {
      "number_of_city": 1,
      "x": -31,
      "y": 199
    },
    {
      "number_of_city": 2,
      "x": 294,
      "y": -553
    },
    {
      "number_of_city": 3,
      "x": 544,
      "y": -544
    }
  ],
  "distance_matrix": {
    "0": {
      "3": 769.3321779309637
    },
    "1": {
      "3": 939.5073176936942
    },
    "2": {
      "3": 250.1619475459847
    },
    "3": {
      "3": 0.0
    }
  },
  "stats": {
    "x": {
      "min": -31,
      "avg": 201.75,
      "stdev": 271.1215901891007,
      "median": 147.0,
      "q1": -7.75,
      "q3": 356.5,
      "max": 544
    },
    "y": {
      "min": -553,
      "avg": -224.5,
      "stdev": 382.85985251351,
      "median": -272.0,
      "q1": -546.25,
      "q3": 49.75,
      "max": 199
    }
  }
}