{
  "cities": [
    {
      "number_of_city": 0,
      "x": 0,
      "y": 0
    },
    {
      "number_of_city": 1,
      "x": 270,
      "y": 528
    },
    {
      "number_of_city": 2,
      "x": 429,
      "y": -939
    },
    {
      "number_of_city": 3,
      "x": -698,
      "y": 825
    }
  ],
  "distance_matrix": {
    "0": {
      "3": 1080.661371568356
    },
    "1": {
      "3": 1012.5379005252099
    },
    "2": {
      "3": 2093.280917602795
    },
    "3": {
      "3": 0.0
    }
  },
  "stats": {
    "x": {
      "min": -698,
      "avg": 0.25,
      "stdev": 498.04442572927167,
      "median": 135.0,
      "q1": -174.5,
      "q3": 309.75,
      "max": 429
    },
    "y": {
      "min": -939,
      "avg": 103.5,
      "stdev": 774.2267109832882,
      "median": 264.0,
      "q1": -234.75,
      "q3": 602.25,
      "max": 825
    }
  }
}