{
  "cities": [
    {
      "number_of_city": 0,
      "x": 0,
      "y": 0
    },
    {
      "number_of_city": 1,
      "x": 437,
      "y": -673
    },
    {
      "number_of_city": 2,
      "x": 846,
      "y": -790
    },
    {
      "number_of_city": 3,
      "x": 880,
      "y": 713
    }
  ],
  "distance_matrix": {
    "0": {
      "3": 1132.5939254649038
    },
    "1": {
      "3": 1455.0755994105598
    },
    "2": {
      "3": 1503.3845150193613
    },
    "3": {
      "3": 0.0
    }
  },
  "stats": {
    "x": {
      "min": 0,
      "avg": 540.75,
      "stdev": 412.89334781111046,
      "median": 641.5,
      "q1": 327.75,
      "q3": 854.5,
      "max": 880
    },
    "y": {
      "min": -790,
      "avg": -187.5,
      "stdev": 693.9675784934049,
      "median": -336.5,
      "q1": -702.25,
      "q3": 178.25,
      "max": 713
    }
  }
}