{
  "cities": [
    {
      "number_of_city": 0,
      "x": 0,
      "y": 0
    },
    {
      "number_of_city": 1,
      "x": -679,
      "y": -904
    },
    {
      "number_of_city": 2,
      "x": -736,
      "y": -43
    },
    {
      "number_of_city": 3,
      "x": 565,
      "y": 863
    }
  ],
  "distance_matrix": {
    "0": {
      "3": 1031.5008482788562
    },
    "1": {
      "3": 2160.9777879469284
    },
    "2": {
      "3": 1585.3822882825455
    },
    "3": {
      "3": 0.0
    }
  },
  "stats": {
    "x": {
      "min": -736,
      "avg": -212.5,
      "stdev": 616.8027777715229,
      "median": -339.5,
      "q1": -693.25,
      "q3": 141.25,
      "max": 565
    },
    "y": {
      "min": -904,
      "avg": -21.0,
      "stdev": 721.5885254076592,
      "median": -21.5,
      "q1": -258.25,
      "q3": 215.75,
      "max": 863
    }
  }
}