{
  "cities": [
    {
      "number_of_city": 0,
      "x": 0,
      "y": 0
    },
    {
      "number_of_city": 1,
      "x": 440,
      "y": -730
    },
    {
      "number_of_city": 2,
      "x": -788,
      "y": -38
    },
    {
      "number_of_city": 3,
      "x": 546,
      "y": 243
    }
  ],
  "distance_matrix": {
    "0": {
      "3": 597.6328304234968
    },
    "1": {
      "3": 978.756864599171
    },
    "2": {
      "3": 1363.2743671029687
    },
    "3": {
      "3": 0.0
    }
  },
  "stats": {
    "x": {
      "min": -788,
      "avg": 49.5,
      "stdev": 606.3164740188631,
      "median": 220.0,
      "q1": -197.0,
      "q3": 466.5,
      "max": 546
    },
    "y": {
      "min": -730,
      "avg": -131.25,
      "stdev": 418.12547957122473,
      "median": -19.0,
      "q1": -211.0,
      "q3": 60.75,
      "max": 243
    }
  }
}