{
  "cities": [
    {
      "number_of_city": 0,
      "x": 0,
      "y": 0
    },
    {
      "number_of_city": 1,
      "x": 404,
      "y": 417
    },
    {
      "number_of_city": 2,
      "x": 44,
      "y": -233
    },
    {
      "number_of_city": 3,
      "x": -490,
      "y": 359
    }
  ],
  "distance_matrix": {
    "0": {
      "3": 607.4380626862297
    },
    "1": {
      "3": 895.8794561770015
    },
    "2": {
      "3": 797.2578002127041
    },
    "3": {
      "3": 0.0
    }
  },
  "stats": {
    "x": {
      "min": -490,
      "avg": -10.5,
      "stdev": 367.3377192720617,
      "median": 22.0,
      "q1": -122.5,
      "q3": 134.0,
      "max": 404
    },
    "y": {
      "min": -233,
      "avg": 135.75,
      "stdev": 307.3254246994002,
      "median": 179.5,
      "q1": -58.25,
      "q3": 373.5,
      "max": 417
    }
  }
}