{
  "cities": [
    {
      "number_of_city": 0,
      "x": 0,
      "y": 0
    },
    {
      "number_of_city": 1,
      "x": -581,
      "y": 445
    },
    {
      "number_of_city": 2,
      "x": 574,
      "y": -145
    },
    {
      "number_of_city": 3,
      "x": 960,
      "y": 840
    }
  ],
  "distance_matrix": {
    "0": {
      "3": 1275.6174975281579
    },
    "1": {
      "3": 1590.8192857769861
    },
    "2": {
      "3": 1057.9324175012316
    },
    "3": {
      "3": 0.0
    }
  },
  "stats": {
    "x": {
      "min": -581,
      "avg": 238.25,
      "stdev": 673.6924990923777,
      "median": 287.0,
      "q1": -145.25,
      "q3": 670.5,
      "max": 960
    },
    "y": {
      "min": -145,
      "avg": 285.0,
      "stdev": 447.12041629371686,
      "median": 222.5,
      "q1": -36.25,
      "q3": 543.75,
      "max": 840
    }
  }
}