{"cities": [{"number_of_city": 0, "x": 0, "y": 0}, {"number_of_city": 1, "x": 209, "y": 699}, {"number_of_city": 2, "x": -662, "y": 765}, {"number_of_city": 3, "x": 469, "y": -776}], "distance_matrix": {"0": {"3": 906.7177068966945}, "1": {"3": 1497.7399640792123}, "2": {"3": 1911.5025503514244}, "3": {"3": 0.0}}, "stats": {"x": {"min": -662, "avg": 4.0, "stdev": 483.674132724365, "median": 104.5, "q1": -165.5, "q3": 274.0, "max": 469}, "y": {"min": -776, "avg": 172.0, "stdev": 720.5706072273556, "median": 349.5, "q1": -194.0, "q3": 715.5, "max": 765}}}