{
  "cities": [
    {
      "number_of_city": 0,
      "x": 0,
      "y": 0
    },
    {
      "number_of_city": 1,
      "x": 149,
      "y": -628
    },
    {
      "number_of_city": 2,
      "x": 217,
      "y": 964
    },
    {
      "number_of_city": 3,
      "x": -25,
      "y": -18
    }
  ],
  "distance_matrix": {
    "0": {
      "3": 30.805843601498726
    },
    "1": {
      "3": 634.3311438042437
    },
    "2": {
      "3": 1011.3792562634454
    },
    "3": {
      "3": 0.0
    }
  },
  "stats": {
    "x": {
      "min": -25,
      "avg": 85.25,
      "stdev": 116.6829750506331,
      "median": 74.5,
      "q1": -6.25,
      "q3": 166.0,
      "max": 217
    },
    "y": {
      "min": -628,
      "avg": 79.5,
      "stdev": 657.957192123216,
      "median": -9.0,
      "q1": -170.5,
      "q3": 241.0,
      "max": 964
    }
  }
}