{"cities": [{"number_of_city": 0, "x": 0, "y": 0}, {"number_of_city": 1, "x": -68, "y": 255}, {"number_of_city": 2, "x": 131, "y": 274}, {"number_of_city": 3, "x": 273, "y": -734}], "distance_matrix": {"0": {"3": 783.1251496408477}, "1": {"3": 1046.136702348216}, "2": {"3": 1017.9528476309696}, "3": {"3": 0.0}}, "stats": {"x": {"min": -68, "avg": 84.0, "stdev": 150.6541292718745, "median": 65.5, "q1": -17.0, "q3": 166.5, "max": 273}, "y": {"min": -734, "avg": -51.25, "stdev": 471.99955861561284, "median": 127.5, "q1": -183.5, "q3": 259.75, "max": 274}}}