{
  "cities": [
    {
      "number_of_city": 0,
      "x": 0,
      "y": 0
    },
    {
      "number_of_city": 1,
      "x": 24,
      "y": 466
    },
    {
      "number_of_city": 2,
      "x": 915,
      "y": -565
    },
    {
      "number_of_city": 3,
      "x": -898,
      "y": 138
    }
  ],
  "distance_matrix": {
    "0": {
      "3": 908.5416886417486
    },
    "1": {
      "3": 978.6051297637878
    },
    "2": {
      "3": 1944.5251348336951
    },
    "3": {
      "3": 0.0
    }
  },
  "stats": {
    "x": {
      "min": -898,
      "avg": 10.25,
      "stdev": 740.2217573133067,
      "median": 12.0,
      "q1": -224.5,
      "q3": 246.75,
      "max": 915
    },
    "y": {
      "min": -565,
      "avg": 9.75,
      "stdev": 430.13360327538544,
      "median": 69.0,
      "q1": -141.25,
      "q3": 220.0,
      "max": 466
    }
  }
}