{
  "cities": [
    {
      "number_of_city": 0,
      "x": 0,
      "y": 0
    },
    {
      "number_of_city": 1,
      "x": 6,
      "y": 326
    },
    {
      "number_of_city": 2,
      "x": -18,
      "y": 545
    },
    {
      "number_of_city": 3,
      "x": 592,
      "y": 177
    }
  ],
  "distance_matrix": {
    "0": {
      "3": 617.8940038550302
    },
    "1": {
      "3": 604.6461775286436
    },
    "2": {
      "3": 712.4071869373582
    },
    "3": {
      "3": 0.0
    }
  },
  "stats": {
    "x": {
      "min": -18,
      "avg": 145.0,
      "stdev": 298.17444558513057,
      "median": 3.0,
      "q1": -4.5,
      "q3": 152.5,
      "max": 592
    },
    "y": {
      "min": 0,
      "avg": 262.0,
      "stdev": 230.97907553138518,
      "median": 251.5,
      "q1": 132.75,
      "q3": 380.75,
      "max": 545
    }
  }
}