{
  "cities": [
    {
      "number_of_city": 0,
      "x": 0,
      "y": 0
    },
    {
      "number_of_city": 1,
      "x": -906,
      "y": -164
    },
    {
      "number_of_city": 2,
      "x": -179,
      "y": 995
    },
    {
      "number_of_city": 3,
      "x": 479,
      "y": 780
    }
  ],
  "distance_matrix": {
    "0": {
      "3": 915.3365501278751
    },
    "1": {
      "3": 1676.1148528665929
    },
    "2": {
      "3": 692.2347867595214
    },
    "3": {
      "3": 0.0
    }
  },
  "stats": {
    "x": {
      "min": -906,
      "avg": -151.5,
      "stdev": 574.6039215552455,
      "median": -89.5,
      "q1": -360.75,
      "q3": 119.75,
      "max": 479
    },
    "y": {
      "min": -164,
      "avg": 402.75,
      "stdev": 570.5233708330156,
      "median": 390.0,
      "q1": -41.0,
      "q3": 833.75,
      "max": 995
    }
  }
}