{
  "cities": [
    {
      "number_of_city": 0,
      "x": 0,
      "y": 0
    },
    {
      "number_of_city": 1,
      "x": -636,
      "y": 401
    },
    {
      "number_of_city": 2,
      "x": -555,
      "y": -733
    },
    {
      "number_of_city": 3,
      "x": 578,
      "y": -584
    }
  ],
  "distance_matrix": {
    "0": {
      "3": 821.6690331270858
    },
    "1": {
      "3": 1563.3364960877745
    },
    "2": {
      "3": 1142.7554419034723
    },
    "3": {
      "3": 0.0
    }
  },
  "stats": {
    "x": {
      "min": -636,
      "avg": -153.25,
      "stdev": 563.5195205137086,
      "median": -277.5,
      "q1": -575.25,
      "q3": 144.5,
      "max": 578
    },
    "y": {
      "min": -733,
      "avg": -229.0,
      "stdev": 525.795270677349,
      "median": -292.0,
      "q1": -621.25,
      "q3": 100.25,
      "max": 401
    }
  }
}