{
  "cities": [
    {
      "number_of_city": 0,
      "x": 0,
      "y": 0
    },
    {
      "number_of_city": 1,
      "x": 571,
      "y": -966
    },
    {
      "number_of_city": 2,
      "x": -60,
      "y": 98
    },
    {
      "number_of_city": 3,
      "x": -595,
      "y": 12
    }
  ],
  "distance_matrix": {
    "0": {
      "3": 595.1209961007929
    },
    "1": {
      "3": 1521.8541323004647
    },
    "2": {
      "3": 541.8680651228674
    },
    "3": {
      "3": 0.0
    }
  },
  "stats": {
    "x": {
      "min": -595,
      "avg": -21.0,
      "stdev": 476.7605968058462,
      "median": -30.0,
      "q1": -193.75,
      "q3": 142.75,
      "max": 571
    },
    "y": {
      "min": -966,
      "avg": -214.0,
      "stdev": 503.2295698784005,
      "median": 6.0,
      "q1": -241.5,
      "q3": 33.5,
      "max": 98
    }
  }
}