{"cities": [{"number_of_city": 0, "x": 0, "y": 0}, {"number_of_city": 1, "x": -715, "y": -701}, {"number_of_city": 2, "x": -551, "y": 787}, {"number_of_city": 3, "x": -723, "y": -138}], "distance_matrix": {"0": {"3": 736.0523079238322}, "1": {"3": 563.0568354970926}, "2": {"3": 940.8554618005892}, "3": {"3": 0.0}}, "stats": {"x": {"min": -723, "avg": -497.25, "stdev": 340.8444170976938, "median": -633.0, "q1": -717.0, "q3": -413.25, "max": 0}, "y": {"min": -701, "avg": -13.0, "stdev": 613.4976229239469, "median": -69.0, "q1": -278.75, "q3": 196.75, "max": 787}}}