{
  "cities": [
    {
      "number_of_city": 0,
      "x": 0,
      "y": 0
    },
    {
      "number_of_city": 1,
      "x": -894,
      "y": 342
    },
    {
      "number_of_city": 2,
      "x": 575,
      "y": 199
    },
    {
      "number_of_city": 3,
      "x": -487,
      "y": -515
    }
  ],
  "distance_matrix": {
    "0": {
      "3": 708.7975733592773
    },
    "1": {
      "3": 948.7349471796641
    },
    "2": {
      "3": 1279.7030905643699
    },
    "3": {
      "3": 0.0
    }
  },
  "stats": {
    "x": {
      "min": -894,
      "avg": -201.5,
      "stdev": 633.6721023789302,
      "median": -243.5,
      "q1": -588.75,
      "q3": 143.75,
      "max": 575
    },
    "y": {
      "min": -515,
      "avg": 6.5,
      "stdev": 374.8870941141257,
      "median": 99.5,
      "q1": -128.75,
      "q3": 234.75,
      "max": 342
    }
  }
}