{"cities": [{"number_of_city": 0, "x": 0, "y": 0}, {"number_of_city": 1, "x": -115, "y": -978}, {"number_of_city": 2, "x": -752, "y": 175}, {"number_of_city": 3, "x": -423, "y": 511}], "distance_matrix": {"0": {"3": 663.3626459185051}, "1": {"3": 1520.521292188965}, "2": {"3": 470.2520600699161}, "3": {"3": 0.0}}, "stats": {"x": {"min": -752, "avg": -322.5, "stdev": 337.4576516641261, "median": -269.0, "q1": -505.25, "q3": -86.25, "max": 0}, "y": {"min": -978, "avg": -73.0, "stdev": 639.5086655654741, "median": 87.5, "q1": -244.5, "q3": 259.0, "max": 511}}}