{
  "cities": [
    {
      "number_of_city": 0,
      "x": 0,
      "y": 0
    },
    {
      "number_of_city": 1,
      "x": -347,
      "y": -363
    },
    {
      "number_of_city": 2,
      "x": -241,
      "y": -111
    },
    {
      "number_of_city": 3,
      "x": -274,
      "y": 384
    }
  ],
  "distance_matrix": {
    "0": {
      "3": 471.732975315485
    },
    "1": {
      "3": 750.5584587492169
    },
    "2": {
      "3": 496.098780486306
    },
    "3": {
      "3": 0.0
    }
  },
  "stats": {
    "x": {
      "min": -347,
      "avg": -215.5,
      "stdev": 150.33850693241126,
      "median": -257.5,
      "q1": -292.25,
      "q3": -180.75,
      "max": 0
    },
    "y": {
      "min": -363,
      "avg": -22.5,
      "stdev": 310.6557580345164,
      "median": -55.5,
      "q1": -174.0,
      "q3": 96.0,
      "max": 384
    }
  }
}