{
  "cities": [
    {
      "number_of_city": 0,
      "x": 0,
      "y": 0
    },
    {
      "number_of_city": 1,
      "x": -796,
      "y": 422
    },
    {
      "number_of_city": 2,
      "x": -710,
      "y": -864
    },
    {
      "number_of_city": 3,
      "x": 368,
      "y": -435
    }
  ],
  "distance_matrix": {
    "0": {
      "3": 569.7797820210893
    },
    "1": {
      "3": 1445.4566752414269
    },
    "2": {
      "3": 1160.2262710350942
    },
    "3": {
      "3": 0.0
    }
  },
  "stats": {
    "x": {
      "min": -796,
      "avg": -284.5,
      "stdev": 562.5474794776586,
      "median": -355.0,
      "q1": -731.5,
      "q3": 92.0,
      "max": 368
    },
    "y": {
      "min": -864,
      "avg": -219.25,
      "stdev": 554.2330286080035,
      "median": -217.5,
      "q1": -542.25,
      "q3": 105.5,
      "max": 422
    }
  }
}