{
  "cities": [
    {
      "number_of_city": 0,
      "x": 0,
      "y": 0
    },
    {
      "number_of_city": 1,
      "x": -579,
      "y": 989
    },
    {
      "number_of_city": 2,
      "x": -489,
      "y": 331
    },
    {
      "number_of_city": 3,
      "x": 804,
      "y": 134
    }
  ],
  "distance_matrix": {
    "0": {
      "3": 815.0901790599614
    },
    "1": {
      "3": 1625.950183738727
    },
    "2": {
      "3": 1307.9212514520896
    },
    "3": {
      "3": 0.0
    }
  },
  "stats": {
    "x": {
      "min": -579,
      "avg": -66.0,
      "stdev": 633.3387719064734,
      "median": -244.5,
      "q1": -511.5,
      "q3": 201.0,
      "max": 804
    },
    "y": {
      "min": 0,
      "avg": 363.5,
      "stdev": 438.5996656025477,
      "median": 232.5,
      "q1": 100.5,
      "q3": 495.5,
      "max": 989
    }
  }
}