{"cities": [{"number_of_city": 0, "x": 0, "y": 0}, {"number_of_city": 1, "x": 42, "y": -87}, {"number_of_city": 2, "x": 126, "y": -827}, {"number_of_city": 3, "x": -447, "y": -2}], "distance_matrix": {"0": {"3": 447.0044742505381}, "1": {"3": 496.33254980909726}, "2": {"3": 1004.4670228534136}, "3": {"3": 0.0}}, "stats": {"x": {"min": -447, "avg": -69.75, "stdev": 256.89735304202725, "median": 21.0, "q1": -111.75, "q3": 63.0, "max": 126}, "y": {"min": -827, "avg": -229.0, "stdev": 400.7235123290538, "median": -44.5, "q1": -272.0, "q3": -1.5, "max": 0}}}