{
  "cities": [
    {
      "number_of_city": 0,
      "x": 0,
      "y": 0
    },
    {
      "number_of_city": 1,
      "x": -311,
      "y": -683
    },
    {
      "number_of_city": 2,
      "x": -64,
      "y": 159
    },
    {
      "number_of_city": 3,
      "x": -300,
      "y": -119
    }
  ],
  "distance_matrix": {
    "0": {
      "3": 322.7398333023056
    },
    "1": {
      "3": 564.1072593044695
    },
    "2": {
      "3": 364.66422912043345
    },
    "3": {
      "3": 0.0
    }
  },
  "stats": {
    "x": {
      "min": -311,
      "avg": -168.75,
      "stdev": 160.1153230227097,
      "median": -182.0,
      "q1": -302.75,
      "q3": -48.0,
      "max": 0
    },
    "y": {
      "min": -683,
      "avg": -160.75,
      "stdev": 366.31896392806823,
      "median": -59.5,
      "q1": -260.0,
      "q3": 39.75,
      "max": 159
    }
  }
}