{"cities": [{"number_of_city": 0, "x": 0, "y": 0}, {"number_of_city": 1, "x": -845, "y": -160}, {"number_of_city": 2, "x": 223, "y": 601}, {"number_of_city": 3, "x": 457, "y": -931}], "distance_matrix": {"0": {"3": 1037.1161940689192}, "1": {"3": 1513.1572951943892}, "2": {"3": 1549.7677245316474}, "3": {"3": 0.0}}, "stats": {"x": {"min": -845, "avg": -41.25, "stdev": 567.3907383805273, "median": 111.5, "q1": -211.25, "q3": 281.5, "max": 457}, "y": {"min": -931, "avg": -122.5, "stdev": 630.7500825736503, "median": -80.0, "q1": -352.75, "q3": 150.25, "max": 601}}}