{
  "cities": [
    {
      "number_of_city": 0,
      "x": 0,
      "y": 0
    },
    {
      "number_of_city": 1,
      "x": -419,
      "y": -234
    },
    {
      "number_of_city": 2,
      "x": 673,
      "y": -503
    },
    {
      "number_of_city": 3,
      "x": 477,
      "y": -86
    }
  ],
  "distance_matrix": {
    "0": {
      "3": 484.69062297510976
    },
    "1": {
      "3": 908.140958221795
    },
    "2": {
      "3": 460.7656671237561
    },
    "3": {
      "3": 0.0
    }
  },
  "stats": {
    "x": {
      "min": -419,
      "avg": 182.75,
      "stdev": 490.72353044594604,
      "median": 238.5,
      "q1": -104.75,
      "q3": 526.0,
      "max": 673
    },
    "y": {
      "min": -503,
      "avg": -205.75,
      "stdev": 220.47581122049044,
      "median": -160.0,
      "q1": -301.25,
      "q3": -64.5,
      "max": 0
    }
  }
}