{
  "cities": [
    {
      "number_of_city": 0,
      "x": 0,
      "y": 0
    },
    {
      "number_of_city": 1,
      "x": 798,
      "y": -476
    },
    {
      "number_of_city": 2,
      "x": 38,
      "y": 351
    },
    {
      "number_of_city": 3,
      "x": -801,
      "y": -619
    }
  ],
  "distance_matrix": {
    "0": {
      "3": 1012.3052899199924
    },
    "1": {
      "3": 1605.381574579701
    },
    "2": {
      "3": 1282.5057504744375
    },
    "3": {
      "3": 0.0
    }
  },
  "stats": {
    "x": {
      "min": -801,
      "avg": 8.75,
      "stdev": 653.0805846141807,
      "median": 19.0,
      "q1": -200.25,
      "q3": 228.0,
      "max": 798
    },
    "y": {
      "min": -619,
      "avg": -186.0,
      "stdev": 445.17936460113094,
      "median": -238.0,
      "q1": -511.75,
      "q3": 87.75,
      "max": 351
    }
  }
}