{
  "cities": [
    {
      "number_of_city": 0,
      "x": 0,
      "y": 0
    },
    {
      "number_of_city": 1,
      "x": 523,
      "y": -567
    },
    {
      "number_of_city": 2,
      "x": 614,
      "y": 442
    },
    {
      "number_of_city": 3,
      "x": 156,
      "y": 777
    }
  ],
  "distance_matrix": {
    "0": {
      "3": 792.5055204855042
    },
    "1": {
      "3": 1393.206732685426
    },
    "2": {
      "3": 567.4407458052339
    },
    "3": {
      "3": 0.0
    }
  },
  "stats": {
    "x": {
      "min": 0,
      "avg": 323.25,
      "stdev": 292.6310247849101,
      "median": 339.5,
      "q1": 117.0,
      "q3": 545.75,
      "max": 614
    },
    "y": {
      "min": -567,
      "avg": 163.0,
      "stdev": 581.4653901996231,
      "median": 221.0,
      "q1": -141.75,
      "q3": 525.75,
      "max": 777
    }
  }
}