{
  "cities": [
    {
      "number_of_city": 0,
      "x": 0,
      "y": 0
    },
    {
      "number_of_city": 1,
      "x": -662,
      "y": -669
    },
    {
      "number_of_city": 2,
      "x": 630,
      "y": 893
    },
    {
      "number_of_city": 3,
      "x": 880,
      "y": 32
    }
  ],
  "distance_matrix": {
    "0": {
      "3": 880.5816259722889
    },
    "1": {
      "3": 1693.860974224272
    },
    "2": {
      "3": 896.5606504860672
    },
    "3": {
      "3": 0.0
    }
  },
  "stats": {
    "x": {
      "min": -662,
      "avg": 212.0,
      "stdev": 690.3544983074516,
      "median": 315.0,
      "q1": -165.5,
      "q3": 692.5,
      "max": 880
    },
    "y": {
      "min": -669,
      "avg": 64.0,
      "stdev": 640.2213159004731,
      "median": 16.0,
      "q1": -167.25,
      "q3": 247.25,
      "max": 893
    }
  }
}