{
  "cities": [
    {
      "number_of_city": 0,
      "x": 0,
      "y": 0
    },
    {
      "number_of_city": 1,
      "x": -565,
      "y": 104
    },
    {
      "number_of_city": 2,
      "x": -199,
      "y": -157
    },
    {
      "number_of_city": 3,
      "x": 970,
      "y": 929
    }
  ],
  "distance_matrix": {
    "0": {
      "3": 1343.1087074395728
    },
    "1": {
      "3": 1742.656018840207
    },
    "2": {
      "3": 1595.6055276916034
    },
    "3": {
      "3": 0.0
    }
  },
  "stats": {
    "x": {
      "min": -565,
      "avg": 51.5,
      "stdev": 655.519386949514,
      "median": -99.5,
      "q1": -290.5,
      "q3": 242.5,
      "max": 970
    },
    "y": {
      "min": -157,
      "avg": 219.0,
      "stdev": 485.3390567428094,
      "median": 52.0,
      "q1": -39.25,
      "q3": 310.25,
      "max": 929
    }
  }
}