{
  "cities": [
    {
      "number_of_city": 0,
      "x": 0,
      "y": 0
    },
    {
      "number_of_city": 1,
      "x": -138,
      "y": 656
    },
    {
      "number_of_city": 2,
      "x": 820,
      "y": 56
    },
    {
      "number_of_city": 3,
      "x": -922,
      "y": 769
    }
  ],
  "distance_matrix": {
    "0": {
      "3": 1200.6019323655946
    },
    "1": {
      "3": 792.1016348928968
    },
    "2": {
      "3": 1882.2680467988612
    },
    "3": {
      "3": 0.0
    }
  },
  "stats": {
    "x": {
      "min": -922,
      "avg": -60.0,
      "stdev": 713.4722606147114,
      "median": -69.0,
      "q1": -334.0,
      "q3": 205.0,
      "max": 820
    },
    "y": {
      "min": 0,
      "avg": 370.25,
      "stdev": 398.53596659105517,
      "median": 356.0,
      "q1": 42.0,
      "q3": 684.25,
      "max": 769
    }
  }
}