{
  "cities": [
    {
      "number_of_city": 0,
      "x": 0,
      "y": 0
    },
    {
      "number_of_city": 1,
      "x": -34,
      "y": -652
    },
    {
      "number_of_city": 2,
      "x": 479,
      "y": -136
    },
    {
      "number_of_city": 3,
      "x": 717,
      "y": -982
    }
  ],
  "distance_matrix": {
    "0": {
      "3": 1215.9000781314228
    },
    "1": {
      "3": 820.3054309219219
    },
    "2": {
      "3": 878.8401447362313
    },
    "3": {
      "3": 0.0
    }
  },
  "stats": {
    "x": {
      "min": -34,
      "avg": 290.5,
      "stdev": 368.3861198977689,
      "median": 239.5,
      "q1": -8.5,
      "q3": 538.5,
      "max": 717
    },
    "y": {
      "min": -982,
      "avg": -442.5,
      "stdev": 456.32554169145516,
      "median": -394.0,
      "q1": -734.5,
      "q3": -102.0,
      "max": 0
    }
  }
}