{
  "cities": [
    {
      "number_of_city": 0,
      "x": 0,
      "y": 0
    },
    {
      "number_of_city": 1,
      "x": -956,
      "y": 123
    },
    {
      "number_of_city": 2,
      "x": 349,
      "y": -389
    },
    {
      "number_of_city": 3,
      "x": 836,
      "y": 555
    }
  ],
  "distance_matrix": {
    "0": {
      "3": 1003.4545331005287
    },
    "1": {
      "3": 1843.3361060859195
    },
    "2": {
      "3": 1062.2170211402188
    },
    "3": {
      "3": 0.0
    }
  },
  "stats": {
    "x": {
      "min": -956,
      "avg": 57.25,
      "stdev": 757.5228819426293,
      "median": 174.5,
      "q1": -239.0,
      "q3": 470.75,
      "max": 836
    },
    "y": {
      "min": -389,
      "avg": 72.25,
      "stdev": 388.8421916407735,
      "median": 61.5,
      "q1": -97.25,
      "q3": 231.0,
      "max": 555
    }
  }
}