{"cities": [{"number_of_city": 0, "x": 0, "y": 0}, {"number_of_city": 1, "x": 101, "y": -631}, {"number_of_city": 2, "x": -462, "y": -538}, {"number_of_city": 3, "x": 280, "y": 300}], "distance_matrix": {"0": {"3": 410.3656905736638}, "1": {"3": 948.051686354705}, "2": {"3": 1119.2890600734022}, "3": {"3": 0.0}}, "stats": {"x": {"min": -462, "avg": -20.25, "stdev": 316.44101609410035, "median": 50.5, "q1": -115.5, "q3": 145.75, "max": 280}, "y": {"min": -631, "avg": -217.25, "stdev": 443.0254883562946, "median": -269.0, "q1": -561.25, "q3": 75.0, "max": 300}}}