{"cities": [{"number_of_city": 0, "x": 0, "y": 0}, {"number_of_city": 1, "x": 2, "y": 797}, {"number_of_city": 2, "x": 731, "y": 496}, {"number_of_city": 3, "x": 730, "y": 21}], "distance_matrix": {"0": {"3": 730.3019923292007}, "1": {"3": 1064.030074762927}, "2": {"3": 475.0010526304126}, "3": {"3": 0.0}}, "stats": {"x": {"min": 0, "avg": 365.75, "stdev": 421.1780106637414, "median": 366.0, "q1": 1.5, "q3": 730.25, "max": 731}, "y": {"min": 0, "avg": 328.5, "stdev": 387.30565018686036, "median": 258.5, "q1": 15.75, "q3": 571.25, "max": 797}}}