{
  "cities": [
    {
      "number_of_city": 0,
      "x": 0,
      "y": 0
    },
    {
      "number_of_city": 1,
      "x": -666,
      "y": 745
    },
    {
      "number_of_city": 2,
      "x": 700,
      "y": -616
    },
    {
      "number_of_city": 3,
      "x": 146,
      "y": -323
    }
  ],
  "distance_matrix": {
    "0": {
      "3": 354.4643846707311
    },
    "1": {
      "3": 1341.6288607509903
    },
    "2": {
      "3": 626.709661645646
    },
    "3": {
      "3": 0.0
    }
  },
  "stats": {
    "x": {
      "min": -666,
      "avg": 45.0,
      "stdev": 561.7745692594732,
      "median": 73.0,
      "q1": -166.5,
      "q3": 284.5,
      "max": 700
    },
    "y": {
      "min": -616,
      "avg": -48.5,
      "stdev": 585.776123332683,
      "median": -161.5,
      "q1": -396.25,
      "q3": 186.25,
      "max": 745
    }
  }
}