{
  "cities": [
    {
      "number_of_city": 0,
      "x": 0,
      "y": 0
    },
    {
      "number_of_city": 1,
      "x": -391,
      "y": 178
    },
    {
      "number_of_city": 2,
      "x": 234,
      "y": -181
    },
    {
      "number_of_city": 3,
      "x": -58,
      "y": 645
    }
  ],
  "distance_matrix": {
    "0": {
      "3": 647.6025015393316
    },
    "1": {
      "3": 573.5660380461869
    },
    "2": {
      "3": 876.0936023051419
    },
    "3": {
      "3": 0.0
    }
  },
  "stats": {
    "x": {
      "min": -391,
      "avg": -53.75,
      "stdev": 257.8402283068593,
      "median": -29.0,
      "q1": -141.25,
      "q3": 58.5,
      "max": 234
    },
    "y": {
      "min": -181,
      "avg": 160.5,
      "stdev": 354.6965839512226,
      "median": 89.0,
      "q1": -45.25,
      "q3": 294.75,
      "max": 645
    }
  }
}