{
  "cities": [
    {
      "number_of_city": 0,
      "x": 0,
      "y": 0
    },
    {
      "number_of_city": 1,
      "x": 403,
      "y": -203
    },
    {
      "number_of_city": 2,
      "x": 886,
      "y": -571
    },
    {
      "number_of_city": 3,
      "x": 253,
      "y": -818
    }
  ],
  "distance_matrix": {
    "0": {
      "3": 856.2318611217407
    },
    "1": {
      "3": 633.0284353802758
    },
    "2": {
      "3": 679.4836274701547
    },
    "3": {
      "3": 0.0
    }
  },
  "stats": {
    "x": {
      "min": 0,
      "avg": 385.5,
      "stdev": 372.81496751069426,
      "median": 328.0,
      "q1": 189.75,
      "q3": 523.75,
      "max": 886
    },
    "y": {
      "min": -818,
      "avg": -398.0,
      "stdev": 366.4050581892486,
      "median": -387.0,
      "q1": -632.75,
      "q3": -152.25,
      "max": 0
    }
  }
}