{
  "cities": [
    {
      "number_of_city": 0,
      "x": 0,
      "y": 0
    },
    {
      "number_of_city": 1,
      "x": 286,
      "y": -920
    },
    {
      "number_of_city": 2,
      "x": 383,
      "y": -514
    },
    {
      "number_of_city": 3,
      "x": 698,
      "y": 147
    }
  ],
  "distance_matrix": {
    "0": {
      "3": 713.311292494378
    },
    "1": {
      "3": 1143.7801362149983
    },
    "2": {
      "3": 732.2199123214282
    },
    "3": {
      "3": 0.0
    }
  },
  "stats": {
    "x": {
      "min": 0,
      "avg": 341.75,
      "stdev": 287.81750583775596,
      "median": 334.5,
      "q1": 214.5,
      "q3": 461.75,
      "max": 698
    },
    "y": {
      "min": -920,
      "avg": -321.75,
      "stdev": 489.2554717799962,
      "median": -257.0,
      "q1": -615.5,
      "q3": 36.75,
      "max": 147
    }
  }
}