{
  "cities": [
    {
      "number_of_city": 0,
      "x": 0,
      "y": 0
    },
    {
      "number_of_city": 1,
      "x": -599,
      "y": -35
    },
    {
      "number_of_city": 2,
      "x": 269,
      "y": 605
    },
    {
      "number_of_city": 3,
      "x": -878,
      "y": -440
    }
  ],
  "distance_matrix": {
    "0": {
      "3": 982.0814630161798
    },
    "1": {
      "3": 491.79873932331304
    },
    "2": {
      "3": 1551.6552452139617
    },
    "3": {
      "3": 0.0
    }
  },
  "stats": {
    "x": {
      "min": -878,
      "avg": -302.0,
      "stdev": 528.2770737659043,
      "median": -299.5,
      "q1": -668.75,
      "q3": 67.25,
      "max": 269
    },
    "y": {
      "min": -440,
      "avg": 32.5,
      "stdev": 430.74547782497575,
      "median": -17.5,
      "q1": -136.25,
      "q3": 151.25,
      "max": 605
    }
  }
}