{
  "used_algorithm": "astar_heuristic_self_impl",
  "name_of_src_file": "TSP_CITIES_SET_27_N_60.json",
  "best_way": [
    0,
    1,
    2,
    3,
    4,
    5,
    6,
    7,
    8,
    9,
    10,
    11,
    12,
    13,
    14,
    15,
    16,
    17,
    18,
    19,
    20,
    21,
    22,
    23,
    24,
    25,
    26,
    27,
    28,
    29,
    30,
    31,
    32,
    33,
    34,
    35,
    36,
    37,
    38,
    39,
    40,
    41,
    42,
    43,
    44,
    45,
    46,
    47,
    48,
    49,
    50,
    51,
    52,
    53,
    54,
    55,
    56,
    57,
    58,
    59,
    0
  ],
  "full_cost": 54680.89949094857,
  "time_duration_without_malloc_in_sec": 0.002213500000038948,
  "time_duration_with_malloc_in_sec": 0.003778999999951793,
  "used_memory_before_measurement_in_bytes": 0,
  "used_memory_peak_before_measurement_in_bytes": 0,
  "used_memory_diff_before_after_measurement_in_bytes": 8576,
  "used_memory_peak_diff_before_after_measurement_in_bytes": 13568,
  "used_memory_after_measurement_in_bytes": 8576,
  "used_memory_peak_after_measurement_in_bytes": 13568
}